25-04-01 15:32:45.934 [main] INFO  com.sprint.mission.discodeit.DiscodeitApplication - Starting DiscodeitApplication using Java 17.0.13 with PID 22768 (C:\Users\min\IdeaProjects\sprint-mission\1-sprint-mission\build\classes\java\main started by min in C:\Users\min\IdeaProjects\sprint-mission\1-sprint-mission)
25-04-01 15:32:45.941 [main] INFO  com.sprint.mission.discodeit.DiscodeitApplication - The following 1 profile is active: "dev"
25-04-01 15:32:47.307 [main] INFO  org.springframework.data.repository.config.RepositoryConfigurationDelegate - Bootstrapping Spring Data JPA repositories in DEFAULT mode.
25-04-01 15:32:47.453 [main] INFO  org.springframework.data.repository.config.RepositoryConfigurationDelegate - Finished Spring Data repository scanning in 135 ms. Found 6 JPA repository interfaces.
25-04-01 15:32:48.217 [main] INFO  org.springframework.boot.web.embedded.tomcat.TomcatWebServer - Tomcat initialized with port 8080 (http)
25-04-01 15:32:48.233 [main] INFO  org.apache.coyote.http11.Http11NioProtocol - Initializing ProtocolHandler ["http-nio-8080"]
25-04-01 15:32:48.235 [main] INFO  org.apache.catalina.core.StandardService - Starting service [Tomcat]
25-04-01 15:32:48.236 [main] INFO  org.apache.catalina.core.StandardEngine - Starting Servlet engine: [Apache Tomcat/10.1.33]
25-04-01 15:32:48.349 [main] INFO  org.apache.catalina.core.ContainerBase.[Tomcat].[localhost].[/] - Initializing Spring embedded WebApplicationContext
25-04-01 15:32:48.349 [main] INFO  org.springframework.boot.web.servlet.context.ServletWebServerApplicationContext - Root WebApplicationContext: initialization completed in 2358 ms
25-04-01 15:32:48.460 [main] INFO  com.zaxxer.hikari.HikariDataSource   - HikariPool-1 - Starting...
25-04-01 15:32:48.799 [main] INFO  com.zaxxer.hikari.pool.HikariPool    - HikariPool-1 - Added connection org.postgresql.jdbc.PgConnection@54a056e4
25-04-01 15:32:48.801 [main] INFO  com.zaxxer.hikari.HikariDataSource   - HikariPool-1 - Start completed.
25-04-01 15:32:48.922 [main] INFO  org.hibernate.jpa.internal.util.LogHelper - HHH000204: Processing PersistenceUnitInfo [name: default]
25-04-01 15:32:49.041 [main] INFO  org.hibernate.Version                - HHH000412: Hibernate ORM core version 6.6.2.Final
25-04-01 15:32:49.101 [main] INFO  org.hibernate.cache.internal.RegionFactoryInitiator - HHH000026: Second-level cache disabled
25-04-01 15:32:49.246 [main] DEBUG org.hibernate.type.BasicTypeRegistry - Adding type registration boolean -> org.hibernate.type.BasicTypeReference@51b51641
25-04-01 15:32:49.246 [main] DEBUG org.hibernate.type.BasicTypeRegistry - Adding type registration boolean -> org.hibernate.type.BasicTypeReference@51b51641
25-04-01 15:32:49.246 [main] DEBUG org.hibernate.type.BasicTypeRegistry - Adding type registration java.lang.Boolean -> org.hibernate.type.BasicTypeReference@51b51641
25-04-01 15:32:49.247 [main] DEBUG org.hibernate.type.BasicTypeRegistry - Adding type registration numeric_boolean -> org.hibernate.type.BasicTypeReference@362a6aa5
25-04-01 15:32:49.247 [main] DEBUG org.hibernate.type.BasicTypeRegistry - Adding type registration org.hibernate.type.NumericBooleanConverter -> org.hibernate.type.BasicTypeReference@362a6aa5
25-04-01 15:32:49.247 [main] DEBUG org.hibernate.type.BasicTypeRegistry - Adding type registration true_false -> org.hibernate.type.BasicTypeReference@53b7bf01
25-04-01 15:32:49.247 [main] DEBUG org.hibernate.type.BasicTypeRegistry - Adding type registration org.hibernate.type.TrueFalseConverter -> org.hibernate.type.BasicTypeReference@53b7bf01
25-04-01 15:32:49.247 [main] DEBUG org.hibernate.type.BasicTypeRegistry - Adding type registration yes_no -> org.hibernate.type.BasicTypeReference@139089a4
25-04-01 15:32:49.247 [main] DEBUG org.hibernate.type.BasicTypeRegistry - Adding type registration org.hibernate.type.YesNoConverter -> org.hibernate.type.BasicTypeReference@139089a4
25-04-01 15:32:49.247 [main] DEBUG org.hibernate.type.BasicTypeRegistry - Adding type registration byte -> org.hibernate.type.BasicTypeReference@6a6e9289
25-04-01 15:32:49.248 [main] DEBUG org.hibernate.type.BasicTypeRegistry - Adding type registration byte -> org.hibernate.type.BasicTypeReference@6a6e9289
25-04-01 15:32:49.248 [main] DEBUG org.hibernate.type.BasicTypeRegistry - Adding type registration java.lang.Byte -> org.hibernate.type.BasicTypeReference@6a6e9289
25-04-01 15:32:49.248 [main] DEBUG org.hibernate.type.BasicTypeRegistry - Adding type registration binary -> org.hibernate.type.BasicTypeReference@ff4b223
25-04-01 15:32:49.249 [main] DEBUG org.hibernate.type.BasicTypeRegistry - Adding type registration byte[] -> org.hibernate.type.BasicTypeReference@ff4b223
25-04-01 15:32:49.249 [main] DEBUG org.hibernate.type.BasicTypeRegistry - Adding type registration [B -> org.hibernate.type.BasicTypeReference@ff4b223
25-04-01 15:32:49.249 [main] DEBUG org.hibernate.type.BasicTypeRegistry - Adding type registration binary_wrapper -> org.hibernate.type.BasicTypeReference@687b0ddc
25-04-01 15:32:49.249 [main] DEBUG org.hibernate.type.BasicTypeRegistry - Adding type registration wrapper-binary -> org.hibernate.type.BasicTypeReference@687b0ddc
25-04-01 15:32:49.249 [main] DEBUG org.hibernate.type.BasicTypeRegistry - Adding type registration image -> org.hibernate.type.BasicTypeReference@42b4df5a
25-04-01 15:32:49.249 [main] DEBUG org.hibernate.type.BasicTypeRegistry - Adding type registration blob -> org.hibernate.type.BasicTypeReference@9f1ca74
25-04-01 15:32:49.249 [main] DEBUG org.hibernate.type.BasicTypeRegistry - Adding type registration java.sql.Blob -> org.hibernate.type.BasicTypeReference@9f1ca74
25-04-01 15:32:49.249 [main] DEBUG org.hibernate.type.BasicTypeRegistry - Adding type registration materialized_blob -> org.hibernate.type.BasicTypeReference@67b8d45
25-04-01 15:32:49.249 [main] DEBUG org.hibernate.type.BasicTypeRegistry - Adding type registration materialized_blob_wrapper -> org.hibernate.type.BasicTypeReference@365e65bb
25-04-01 15:32:49.249 [main] DEBUG org.hibernate.type.BasicTypeRegistry - Adding type registration short -> org.hibernate.type.BasicTypeReference@52f43225
25-04-01 15:32:49.249 [main] DEBUG org.hibernate.type.BasicTypeRegistry - Adding type registration short -> org.hibernate.type.BasicTypeReference@52f43225
25-04-01 15:32:49.249 [main] DEBUG org.hibernate.type.BasicTypeRegistry - Adding type registration java.lang.Short -> org.hibernate.type.BasicTypeReference@52f43225
25-04-01 15:32:49.249 [main] DEBUG org.hibernate.type.BasicTypeRegistry - Adding type registration integer -> org.hibernate.type.BasicTypeReference@55d1f065
25-04-01 15:32:49.249 [main] DEBUG org.hibernate.type.BasicTypeRegistry - Adding type registration int -> org.hibernate.type.BasicTypeReference@55d1f065
25-04-01 15:32:49.249 [main] DEBUG org.hibernate.type.BasicTypeRegistry - Adding type registration java.lang.Integer -> org.hibernate.type.BasicTypeReference@55d1f065
25-04-01 15:32:49.249 [main] DEBUG org.hibernate.type.BasicTypeRegistry - Adding type registration long -> org.hibernate.type.BasicTypeReference@f9a5e3f
25-04-01 15:32:49.249 [main] DEBUG org.hibernate.type.BasicTypeRegistry - Adding type registration long -> org.hibernate.type.BasicTypeReference@f9a5e3f
25-04-01 15:32:49.249 [main] DEBUG org.hibernate.type.BasicTypeRegistry - Adding type registration java.lang.Long -> org.hibernate.type.BasicTypeReference@f9a5e3f
25-04-01 15:32:49.249 [main] DEBUG org.hibernate.type.BasicTypeRegistry - Adding type registration float -> org.hibernate.type.BasicTypeReference@4aac81ca
25-04-01 15:32:49.249 [main] DEBUG org.hibernate.type.BasicTypeRegistry - Adding type registration float -> org.hibernate.type.BasicTypeReference@4aac81ca
25-04-01 15:32:49.249 [main] DEBUG org.hibernate.type.BasicTypeRegistry - Adding type registration java.lang.Float -> org.hibernate.type.BasicTypeReference@4aac81ca
25-04-01 15:32:49.249 [main] DEBUG org.hibernate.type.BasicTypeRegistry - Adding type registration double -> org.hibernate.type.BasicTypeReference@393ae7a0
25-04-01 15:32:49.249 [main] DEBUG org.hibernate.type.BasicTypeRegistry - Adding type registration double -> org.hibernate.type.BasicTypeReference@393ae7a0
25-04-01 15:32:49.249 [main] DEBUG org.hibernate.type.BasicTypeRegistry - Adding type registration java.lang.Double -> org.hibernate.type.BasicTypeReference@393ae7a0
25-04-01 15:32:49.249 [main] DEBUG org.hibernate.type.BasicTypeRegistry - Adding type registration big_integer -> org.hibernate.type.BasicTypeReference@63326a3a
25-04-01 15:32:49.249 [main] DEBUG org.hibernate.type.BasicTypeRegistry - Adding type registration java.math.BigInteger -> org.hibernate.type.BasicTypeReference@63326a3a
25-04-01 15:32:49.249 [main] DEBUG org.hibernate.type.BasicTypeRegistry - Adding type registration big_decimal -> org.hibernate.type.BasicTypeReference@3e04abc5
25-04-01 15:32:49.249 [main] DEBUG org.hibernate.type.BasicTypeRegistry - Adding type registration java.math.BigDecimal -> org.hibernate.type.BasicTypeReference@3e04abc5
25-04-01 15:32:49.249 [main] DEBUG org.hibernate.type.BasicTypeRegistry - Adding type registration character -> org.hibernate.type.BasicTypeReference@1008df1e
25-04-01 15:32:49.249 [main] DEBUG org.hibernate.type.BasicTypeRegistry - Adding type registration char -> org.hibernate.type.BasicTypeReference@1008df1e
25-04-01 15:32:49.249 [main] DEBUG org.hibernate.type.BasicTypeRegistry - Adding type registration java.lang.Character -> org.hibernate.type.BasicTypeReference@1008df1e
25-04-01 15:32:49.249 [main] DEBUG org.hibernate.type.BasicTypeRegistry - Adding type registration character_nchar -> org.hibernate.type.BasicTypeReference@7ee12d58
25-04-01 15:32:49.251 [main] DEBUG org.hibernate.type.BasicTypeRegistry - Adding type registration string -> org.hibernate.type.BasicTypeReference@e72fb04
25-04-01 15:32:49.251 [main] DEBUG org.hibernate.type.BasicTypeRegistry - Adding type registration java.lang.String -> org.hibernate.type.BasicTypeReference@e72fb04
25-04-01 15:32:49.251 [main] DEBUG org.hibernate.type.BasicTypeRegistry - Adding type registration nstring -> org.hibernate.type.BasicTypeReference@1533338c
25-04-01 15:32:49.251 [main] DEBUG org.hibernate.type.BasicTypeRegistry - Adding type registration characters -> org.hibernate.type.BasicTypeReference@4315fe1b
25-04-01 15:32:49.251 [main] DEBUG org.hibernate.type.BasicTypeRegistry - Adding type registration char[] -> org.hibernate.type.BasicTypeReference@4315fe1b
25-04-01 15:32:49.251 [main] DEBUG org.hibernate.type.BasicTypeRegistry - Adding type registration [C -> org.hibernate.type.BasicTypeReference@4315fe1b
25-04-01 15:32:49.251 [main] DEBUG org.hibernate.type.BasicTypeRegistry - Adding type registration wrapper-characters -> org.hibernate.type.BasicTypeReference@34e990cc
25-04-01 15:32:49.251 [main] DEBUG org.hibernate.type.BasicTypeRegistry - Adding type registration text -> org.hibernate.type.BasicTypeReference@2d5ae78e
25-04-01 15:32:49.251 [main] DEBUG org.hibernate.type.BasicTypeRegistry - Adding type registration ntext -> org.hibernate.type.BasicTypeReference@21f91efa
25-04-01 15:32:49.251 [main] DEBUG org.hibernate.type.BasicTypeRegistry - Adding type registration clob -> org.hibernate.type.BasicTypeReference@4df0d9f8
25-04-01 15:32:49.251 [main] DEBUG org.hibernate.type.BasicTypeRegistry - Adding type registration java.sql.Clob -> org.hibernate.type.BasicTypeReference@4df0d9f8
25-04-01 15:32:49.251 [main] DEBUG org.hibernate.type.BasicTypeRegistry - Adding type registration nclob -> org.hibernate.type.BasicTypeReference@35e75f7a
25-04-01 15:32:49.251 [main] DEBUG org.hibernate.type.BasicTypeRegistry - Adding type registration java.sql.NClob -> org.hibernate.type.BasicTypeReference@35e75f7a
25-04-01 15:32:49.252 [main] DEBUG org.hibernate.type.BasicTypeRegistry - Adding type registration materialized_clob -> org.hibernate.type.BasicTypeReference@4f7bb8df
25-04-01 15:32:49.252 [main] DEBUG org.hibernate.type.BasicTypeRegistry - Adding type registration materialized_clob_char_array -> org.hibernate.type.BasicTypeReference@269c7104
25-04-01 15:32:49.252 [main] DEBUG org.hibernate.type.BasicTypeRegistry - Adding type registration materialized_clob_character_array -> org.hibernate.type.BasicTypeReference@6de84336
25-04-01 15:32:49.252 [main] DEBUG org.hibernate.type.BasicTypeRegistry - Adding type registration materialized_nclob -> org.hibernate.type.BasicTypeReference@627bcd7e
25-04-01 15:32:49.252 [main] DEBUG org.hibernate.type.BasicTypeRegistry - Adding type registration materialized_nclob_character_array -> org.hibernate.type.BasicTypeReference@70543cae
25-04-01 15:32:49.252 [main] DEBUG org.hibernate.type.BasicTypeRegistry - Adding type registration materialized_nclob_char_array -> org.hibernate.type.BasicTypeReference@350567f1
25-04-01 15:32:49.252 [main] DEBUG org.hibernate.type.BasicTypeRegistry - Adding type registration Duration -> org.hibernate.type.BasicTypeReference@1a5b7394
25-04-01 15:32:49.252 [main] DEBUG org.hibernate.type.BasicTypeRegistry - Adding type registration java.time.Duration -> org.hibernate.type.BasicTypeReference@1a5b7394
25-04-01 15:32:49.252 [main] DEBUG org.hibernate.type.BasicTypeRegistry - Adding type registration LocalDateTime -> org.hibernate.type.BasicTypeReference@26f75d9c
25-04-01 15:32:49.252 [main] DEBUG org.hibernate.type.BasicTypeRegistry - Adding type registration java.time.LocalDateTime -> org.hibernate.type.BasicTypeReference@26f75d9c
25-04-01 15:32:49.252 [main] DEBUG org.hibernate.type.BasicTypeRegistry - Adding type registration LocalDate -> org.hibernate.type.BasicTypeReference@7717b4a0
25-04-01 15:32:49.252 [main] DEBUG org.hibernate.type.BasicTypeRegistry - Adding type registration java.time.LocalDate -> org.hibernate.type.BasicTypeReference@7717b4a0
25-04-01 15:32:49.252 [main] DEBUG org.hibernate.type.BasicTypeRegistry - Adding type registration LocalTime -> org.hibernate.type.BasicTypeReference@69b37f5c
25-04-01 15:32:49.252 [main] DEBUG org.hibernate.type.BasicTypeRegistry - Adding type registration java.time.LocalTime -> org.hibernate.type.BasicTypeReference@69b37f5c
25-04-01 15:32:49.252 [main] DEBUG org.hibernate.type.BasicTypeRegistry - Adding type registration OffsetDateTime -> org.hibernate.type.BasicTypeReference@28b5662d
25-04-01 15:32:49.253 [main] DEBUG org.hibernate.type.BasicTypeRegistry - Adding type registration java.time.OffsetDateTime -> org.hibernate.type.BasicTypeReference@28b5662d
25-04-01 15:32:49.253 [main] DEBUG org.hibernate.type.BasicTypeRegistry - Adding type registration OffsetDateTimeWithTimezone -> org.hibernate.type.BasicTypeReference@34b2d51a
25-04-01 15:32:49.253 [main] DEBUG org.hibernate.type.BasicTypeRegistry - Adding type registration OffsetDateTimeWithoutTimezone -> org.hibernate.type.BasicTypeReference@7e4ac598
25-04-01 15:32:49.253 [main] DEBUG org.hibernate.type.BasicTypeRegistry - Adding type registration OffsetTime -> org.hibernate.type.BasicTypeReference@cf10c92
25-04-01 15:32:49.253 [main] DEBUG org.hibernate.type.BasicTypeRegistry - Adding type registration java.time.OffsetTime -> org.hibernate.type.BasicTypeReference@cf10c92
25-04-01 15:32:49.253 [main] DEBUG org.hibernate.type.BasicTypeRegistry - Adding type registration OffsetTimeUtc -> org.hibernate.type.BasicTypeReference@f76872f
25-04-01 15:32:49.253 [main] DEBUG org.hibernate.type.BasicTypeRegistry - Adding type registration OffsetTimeWithTimezone -> org.hibernate.type.BasicTypeReference@2d4e99de
25-04-01 15:32:49.253 [main] DEBUG org.hibernate.type.BasicTypeRegistry - Adding type registration OffsetTimeWithoutTimezone -> org.hibernate.type.BasicTypeReference@580ffea
25-04-01 15:32:49.253 [main] DEBUG org.hibernate.type.BasicTypeRegistry - Adding type registration ZonedDateTime -> org.hibernate.type.BasicTypeReference@191e654
25-04-01 15:32:49.253 [main] DEBUG org.hibernate.type.BasicTypeRegistry - Adding type registration java.time.ZonedDateTime -> org.hibernate.type.BasicTypeReference@191e654
25-04-01 15:32:49.253 [main] DEBUG org.hibernate.type.BasicTypeRegistry - Adding type registration ZonedDateTimeWithTimezone -> org.hibernate.type.BasicTypeReference@3a6556b6
25-04-01 15:32:49.253 [main] DEBUG org.hibernate.type.BasicTypeRegistry - Adding type registration ZonedDateTimeWithoutTimezone -> org.hibernate.type.BasicTypeReference@63bca84d
25-04-01 15:32:49.253 [main] DEBUG org.hibernate.type.BasicTypeRegistry - Adding type registration date -> org.hibernate.type.BasicTypeReference@6141647f
25-04-01 15:32:49.253 [main] DEBUG org.hibernate.type.BasicTypeRegistry - Adding type registration java.sql.Date -> org.hibernate.type.BasicTypeReference@6141647f
25-04-01 15:32:49.253 [main] DEBUG org.hibernate.type.BasicTypeRegistry - Adding type registration time -> org.hibernate.type.BasicTypeReference@6f6c8d45
25-04-01 15:32:49.253 [main] DEBUG org.hibernate.type.BasicTypeRegistry - Adding type registration java.sql.Time -> org.hibernate.type.BasicTypeReference@6f6c8d45
25-04-01 15:32:49.254 [main] DEBUG org.hibernate.type.BasicTypeRegistry - Adding type registration timestamp -> org.hibernate.type.BasicTypeReference@7f2ca6f8
25-04-01 15:32:49.254 [main] DEBUG org.hibernate.type.BasicTypeRegistry - Adding type registration java.sql.Timestamp -> org.hibernate.type.BasicTypeReference@7f2ca6f8
25-04-01 15:32:49.254 [main] DEBUG org.hibernate.type.BasicTypeRegistry - Adding type registration java.util.Date -> org.hibernate.type.BasicTypeReference@7f2ca6f8
25-04-01 15:32:49.254 [main] DEBUG org.hibernate.type.BasicTypeRegistry - Adding type registration calendar -> org.hibernate.type.BasicTypeReference@79d49790
25-04-01 15:32:49.254 [main] DEBUG org.hibernate.type.BasicTypeRegistry - Adding type registration java.util.Calendar -> org.hibernate.type.BasicTypeReference@79d49790
25-04-01 15:32:49.254 [main] DEBUG org.hibernate.type.BasicTypeRegistry - Adding type registration java.util.GregorianCalendar -> org.hibernate.type.BasicTypeReference@79d49790
25-04-01 15:32:49.254 [main] DEBUG org.hibernate.type.BasicTypeRegistry - Adding type registration calendar_date -> org.hibernate.type.BasicTypeReference@13dc6649
25-04-01 15:32:49.254 [main] DEBUG org.hibernate.type.BasicTypeRegistry - Adding type registration calendar_time -> org.hibernate.type.BasicTypeReference@1851c7d2
25-04-01 15:32:49.254 [main] DEBUG org.hibernate.type.BasicTypeRegistry - Adding type registration instant -> org.hibernate.type.BasicTypeReference@250a946
25-04-01 15:32:49.254 [main] DEBUG org.hibernate.type.BasicTypeRegistry - Adding type registration java.time.Instant -> org.hibernate.type.BasicTypeReference@250a946
25-04-01 15:32:49.254 [main] DEBUG org.hibernate.type.BasicTypeRegistry - Adding type registration uuid -> org.hibernate.type.BasicTypeReference@5fe5c68b
25-04-01 15:32:49.255 [main] DEBUG org.hibernate.type.BasicTypeRegistry - Adding type registration java.util.UUID -> org.hibernate.type.BasicTypeReference@5fe5c68b
25-04-01 15:32:49.255 [main] DEBUG org.hibernate.type.BasicTypeRegistry - Adding type registration pg-uuid -> org.hibernate.type.BasicTypeReference@5fe5c68b
25-04-01 15:32:49.255 [main] DEBUG org.hibernate.type.BasicTypeRegistry - Adding type registration uuid-binary -> org.hibernate.type.BasicTypeReference@2ffb0d10
25-04-01 15:32:49.255 [main] DEBUG org.hibernate.type.BasicTypeRegistry - Adding type registration uuid-char -> org.hibernate.type.BasicTypeReference@3982206a
25-04-01 15:32:49.255 [main] DEBUG org.hibernate.type.BasicTypeRegistry - Adding type registration class -> org.hibernate.type.BasicTypeReference@3e9fb485
25-04-01 15:32:49.255 [main] DEBUG org.hibernate.type.BasicTypeRegistry - Adding type registration java.lang.Class -> org.hibernate.type.BasicTypeReference@3e9fb485
25-04-01 15:32:49.255 [main] DEBUG org.hibernate.type.BasicTypeRegistry - Adding type registration currency -> org.hibernate.type.BasicTypeReference@4f3fec43
25-04-01 15:32:49.255 [main] DEBUG org.hibernate.type.BasicTypeRegistry - Adding type registration Currency -> org.hibernate.type.BasicTypeReference@4f3fec43
25-04-01 15:32:49.255 [main] DEBUG org.hibernate.type.BasicTypeRegistry - Adding type registration java.util.Currency -> org.hibernate.type.BasicTypeReference@4f3fec43
25-04-01 15:32:49.255 [main] DEBUG org.hibernate.type.BasicTypeRegistry - Adding type registration locale -> org.hibernate.type.BasicTypeReference@38dbeb39
25-04-01 15:32:49.255 [main] DEBUG org.hibernate.type.BasicTypeRegistry - Adding type registration java.util.Locale -> org.hibernate.type.BasicTypeReference@38dbeb39
25-04-01 15:32:49.255 [main] DEBUG org.hibernate.type.BasicTypeRegistry - Adding type registration serializable -> org.hibernate.type.BasicTypeReference@10f20d38
25-04-01 15:32:49.255 [main] DEBUG org.hibernate.type.BasicTypeRegistry - Adding type registration java.io.Serializable -> org.hibernate.type.BasicTypeReference@10f20d38
25-04-01 15:32:49.255 [main] DEBUG org.hibernate.type.BasicTypeRegistry - Adding type registration timezone -> org.hibernate.type.BasicTypeReference@538aa83f
25-04-01 15:32:49.255 [main] DEBUG org.hibernate.type.BasicTypeRegistry - Adding type registration java.util.TimeZone -> org.hibernate.type.BasicTypeReference@538aa83f
25-04-01 15:32:49.255 [main] DEBUG org.hibernate.type.BasicTypeRegistry - Adding type registration ZoneOffset -> org.hibernate.type.BasicTypeReference@63e70bf9
25-04-01 15:32:49.256 [main] DEBUG org.hibernate.type.BasicTypeRegistry - Adding type registration java.time.ZoneOffset -> org.hibernate.type.BasicTypeReference@63e70bf9
25-04-01 15:32:49.256 [main] DEBUG org.hibernate.type.BasicTypeRegistry - Adding type registration url -> org.hibernate.type.BasicTypeReference@402a69f
25-04-01 15:32:49.256 [main] DEBUG org.hibernate.type.BasicTypeRegistry - Adding type registration java.net.URL -> org.hibernate.type.BasicTypeReference@402a69f
25-04-01 15:32:49.256 [main] DEBUG org.hibernate.type.BasicTypeRegistry - Adding type registration vector -> org.hibernate.type.BasicTypeReference@419f0ea
25-04-01 15:32:49.256 [main] DEBUG org.hibernate.type.BasicTypeRegistry - Adding type registration float_vector -> org.hibernate.type.BasicTypeReference@2d47b06
25-04-01 15:32:49.256 [main] DEBUG org.hibernate.type.BasicTypeRegistry - Adding type registration double_vector -> org.hibernate.type.BasicTypeReference@59371066
25-04-01 15:32:49.256 [main] DEBUG org.hibernate.type.BasicTypeRegistry - Adding type registration byte_vector -> org.hibernate.type.BasicTypeReference@48106381
25-04-01 15:32:49.256 [main] DEBUG org.hibernate.type.BasicTypeRegistry - Adding type registration row_version -> org.hibernate.type.BasicTypeReference@3c544c9
25-04-01 15:32:49.263 [main] DEBUG org.hibernate.type.BasicTypeRegistry - Adding type registration object -> org.hibernate.type.JavaObjectType@2c0dca15
25-04-01 15:32:49.263 [main] DEBUG org.hibernate.type.BasicTypeRegistry - Adding type registration java.lang.Object -> org.hibernate.type.JavaObjectType@2c0dca15
25-04-01 15:32:49.264 [main] DEBUG org.hibernate.type.BasicTypeRegistry - Adding type registration null -> org.hibernate.type.NullType@574ebdaf
25-04-01 15:32:49.265 [main] DEBUG org.hibernate.type.BasicTypeRegistry - Adding type registration imm_date -> org.hibernate.type.BasicTypeReference@33f349ae
25-04-01 15:32:49.265 [main] DEBUG org.hibernate.type.BasicTypeRegistry - Adding type registration imm_time -> org.hibernate.type.BasicTypeReference@377e573a
25-04-01 15:32:49.265 [main] DEBUG org.hibernate.type.BasicTypeRegistry - Adding type registration imm_timestamp -> org.hibernate.type.BasicTypeReference@76db9048
25-04-01 15:32:49.265 [main] DEBUG org.hibernate.type.BasicTypeRegistry - Adding type registration imm_calendar -> org.hibernate.type.BasicTypeReference@54daf8f9
25-04-01 15:32:49.265 [main] DEBUG org.hibernate.type.BasicTypeRegistry - Adding type registration imm_calendar_date -> org.hibernate.type.BasicTypeReference@7d4d65f5
25-04-01 15:32:49.265 [main] DEBUG org.hibernate.type.BasicTypeRegistry - Adding type registration imm_calendar_time -> org.hibernate.type.BasicTypeReference@38cf3ae1
25-04-01 15:32:49.265 [main] DEBUG org.hibernate.type.BasicTypeRegistry - Adding type registration imm_binary -> org.hibernate.type.BasicTypeReference@123ca460
25-04-01 15:32:49.265 [main] DEBUG org.hibernate.type.BasicTypeRegistry - Adding type registration imm_serializable -> org.hibernate.type.BasicTypeReference@11228bee
25-04-01 15:32:49.635 [main] INFO  org.springframework.orm.jpa.persistenceunit.SpringPersistenceUnitInfo - No LoadTimeWeaver setup: ignoring JPA class transformer
25-04-01 15:32:49.807 [main] WARN  org.hibernate.orm.deprecation        - HHH90000025: PostgreSQLDialect does not need to be specified explicitly using 'hibernate.dialect' (remove the property setting and it will be selected by default)
25-04-01 15:32:49.831 [main] INFO  org.hibernate.orm.connections.pooling - HHH10001005: Database info:
	Database JDBC URL [Connecting through datasource 'HikariDataSource (HikariPool-1)']
	Database driver: undefined/unknown
	Database version: 17.4
	Autocommit mode: undefined/unknown
	Isolation level: undefined/unknown
	Minimum pool size: undefined/unknown
	Maximum pool size: undefined/unknown
25-04-01 15:32:49.840 [main] DEBUG org.hibernate.type.descriptor.sql.spi.DdlTypeRegistry - addDescriptor(2003, org.hibernate.type.descriptor.sql.internal.ArrayDdlTypeImpl@4c79ca55) replaced previous registration(org.hibernate.type.descriptor.sql.internal.ArrayDdlTypeImpl@3a63d248)
25-04-01 15:32:49.841 [main] DEBUG org.hibernate.type.descriptor.sql.spi.DdlTypeRegistry - addDescriptor(6, org.hibernate.type.descriptor.sql.internal.CapacityDependentDdlType@3c4ad54) replaced previous registration(org.hibernate.type.descriptor.sql.internal.DdlTypeImpl@4b22214d)
25-04-01 15:32:49.848 [main] DEBUG org.hibernate.type.descriptor.jdbc.spi.JdbcTypeRegistry - addDescriptor(2004, BlobTypeDescriptor(BLOB_BINDING)) replaced previous registration(BlobTypeDescriptor(DEFAULT))
25-04-01 15:32:49.848 [main] DEBUG org.hibernate.type.descriptor.jdbc.spi.JdbcTypeRegistry - addDescriptor(2005, ClobTypeDescriptor(CLOB_BINDING)) replaced previous registration(ClobTypeDescriptor(DEFAULT))
25-04-01 15:32:49.863 [main] DEBUG org.hibernate.type.BasicTypeRegistry - Adding type registration JAVA_OBJECT -> org.hibernate.type.JavaObjectType@408d945b
25-04-01 15:32:49.863 [main] DEBUG org.hibernate.type.BasicTypeRegistry - Adding type registration java.lang.Object -> org.hibernate.type.JavaObjectType@408d945b
25-04-01 15:32:49.863 [main] DEBUG org.hibernate.type.BasicTypeRegistry - Type registration key [java.lang.Object] overrode previous entry : `org.hibernate.type.JavaObjectType@2c0dca15`
25-04-01 15:32:49.871 [main] DEBUG org.hibernate.type.BasicTypeRegistry - Adding type registration org.hibernate.type.DurationType -> basicType@1(java.time.Duration,3015)
25-04-01 15:32:49.872 [main] DEBUG org.hibernate.type.BasicTypeRegistry - Adding type registration Duration -> basicType@1(java.time.Duration,3015)
25-04-01 15:32:49.872 [main] DEBUG org.hibernate.type.BasicTypeRegistry - Adding type registration java.time.Duration -> basicType@1(java.time.Duration,3015)
25-04-01 15:32:49.878 [main] DEBUG org.hibernate.type.BasicTypeRegistry - Adding type registration org.hibernate.type.OffsetDateTimeType -> basicType@2(java.time.OffsetDateTime,3003)
25-04-01 15:32:49.878 [main] DEBUG org.hibernate.type.BasicTypeRegistry - Adding type registration OffsetDateTime -> basicType@2(java.time.OffsetDateTime,3003)
25-04-01 15:32:49.878 [main] DEBUG org.hibernate.type.BasicTypeRegistry - Adding type registration java.time.OffsetDateTime -> basicType@2(java.time.OffsetDateTime,3003)
25-04-01 15:32:49.878 [main] DEBUG org.hibernate.type.BasicTypeRegistry - Adding type registration org.hibernate.type.ZonedDateTimeType -> basicType@3(java.time.ZonedDateTime,3003)
25-04-01 15:32:49.878 [main] DEBUG org.hibernate.type.BasicTypeRegistry - Adding type registration ZonedDateTime -> basicType@3(java.time.ZonedDateTime,3003)
25-04-01 15:32:49.878 [main] DEBUG org.hibernate.type.BasicTypeRegistry - Adding type registration java.time.ZonedDateTime -> basicType@3(java.time.ZonedDateTime,3003)
25-04-01 15:32:49.879 [main] DEBUG org.hibernate.type.BasicTypeRegistry - Adding type registration org.hibernate.type.OffsetTimeType -> basicType@4(java.time.OffsetTime,3007)
25-04-01 15:32:49.879 [main] DEBUG org.hibernate.type.BasicTypeRegistry - Adding type registration OffsetTime -> basicType@4(java.time.OffsetTime,3007)
25-04-01 15:32:49.879 [main] DEBUG org.hibernate.type.BasicTypeRegistry - Adding type registration java.time.OffsetTime -> basicType@4(java.time.OffsetTime,3007)
25-04-01 15:32:49.881 [main] DEBUG org.hibernate.type.spi.TypeConfiguration$Scope - Scoping TypeConfiguration [org.hibernate.type.spi.TypeConfiguration@3278d065] to MetadataBuildingContext [org.hibernate.boot.internal.MetadataBuildingContextRootImpl@545f0b6]
25-04-01 15:32:51.256 [main] INFO  org.hibernate.engine.transaction.jta.platform.internal.JtaPlatformInitiator - HHH000489: No JTA platform available (set 'hibernate.transaction.jta.platform' to enable JTA platform integration)
25-04-01 15:32:51.257 [main] DEBUG org.hibernate.type.spi.TypeConfiguration$Scope - Scoping TypeConfiguration [org.hibernate.type.spi.TypeConfiguration@3278d065] to SessionFactoryImplementor [org.hibernate.internal.SessionFactoryImpl@3b62c51e]
25-04-01 15:32:51.588 [main] TRACE org.hibernate.type.spi.TypeConfiguration$Scope - Handling #sessionFactoryCreated from [org.hibernate.internal.SessionFactoryImpl@3b62c51e] for TypeConfiguration
25-04-01 15:32:51.589 [main] INFO  org.springframework.orm.jpa.LocalContainerEntityManagerFactoryBean - Initialized JPA EntityManagerFactory for persistence unit 'default'
25-04-01 15:32:51.889 [main] INFO  org.springframework.data.jpa.repository.query.QueryEnhancerFactory - Hibernate is in classpath; If applicable, HQL parser will be used.
25-04-01 15:32:52.695 [main] WARN  org.springframework.boot.autoconfigure.orm.jpa.JpaBaseConfiguration$JpaWebConfiguration - spring.jpa.open-in-view is enabled by default. Therefore, database queries may be performed during view rendering. Explicitly configure spring.jpa.open-in-view to disable this warning
25-04-01 15:32:52.718 [main] INFO  org.springframework.boot.autoconfigure.web.servlet.WelcomePageHandlerMapping - Adding welcome page: class path resource [static/index.html]
25-04-01 15:32:53.190 [main] INFO  org.apache.coyote.http11.Http11NioProtocol - Starting ProtocolHandler ["http-nio-8080"]
25-04-01 15:32:53.211 [main] INFO  org.springframework.boot.web.embedded.tomcat.TomcatWebServer - Tomcat started on port 8080 (http) with context path '/'
25-04-01 15:32:53.219 [main] INFO  com.sprint.mission.discodeit.DiscodeitApplication - Started DiscodeitApplication in 8.186 seconds (process running for 8.955)
25-04-01 15:33:39.663 [SpringApplicationShutdownHook] INFO  org.springframework.boot.web.embedded.tomcat.GracefulShutdown - Commencing graceful shutdown. Waiting for active requests to complete
25-04-01 15:33:39.889 [tomcat-shutdown] INFO  org.springframework.boot.web.embedded.tomcat.GracefulShutdown - Graceful shutdown complete
25-04-01 15:33:39.892 [SpringApplicationShutdownHook] INFO  org.springframework.orm.jpa.LocalContainerEntityManagerFactoryBean - Closing JPA EntityManagerFactory for persistence unit 'default'
25-04-01 15:33:39.893 [SpringApplicationShutdownHook] TRACE org.hibernate.type.spi.TypeConfiguration$Scope - Handling #sessionFactoryClosed from [org.hibernate.internal.SessionFactoryImpl@3b62c51e] for TypeConfiguration
25-04-01 15:33:39.893 [SpringApplicationShutdownHook] DEBUG org.hibernate.type.spi.TypeConfiguration$Scope - Un-scoping TypeConfiguration [org.hibernate.type.spi.TypeConfiguration$Scope@74a7b2c8] from SessionFactory [org.hibernate.internal.SessionFactoryImpl@3b62c51e]
25-04-01 15:33:39.894 [SpringApplicationShutdownHook] INFO  com.zaxxer.hikari.HikariDataSource   - HikariPool-1 - Shutdown initiated...
25-04-01 15:33:39.896 [SpringApplicationShutdownHook] INFO  com.zaxxer.hikari.HikariDataSource   - HikariPool-1 - Shutdown completed.
25-04-01 16:17:02.860 [background-preinit] INFO  org.hibernate.validator.internal.util.Version - HV000001: Hibernate Validator 8.0.1.Final
25-04-01 16:17:02.939 [main] INFO  com.sprint.mission.discodeit.DiscodeitApplication - Starting DiscodeitApplication using Java 17.0.13 with PID 36652 (C:\Users\min\IdeaProjects\sprint-mission\1-sprint-mission\build\classes\java\main started by min in C:\Users\min\IdeaProjects\sprint-mission\1-sprint-mission)
25-04-01 16:17:02.940 [main] INFO  com.sprint.mission.discodeit.DiscodeitApplication - The following 1 profile is active: "dev"
25-04-01 16:17:04.005 [main] INFO  org.springframework.data.repository.config.RepositoryConfigurationDelegate - Bootstrapping Spring Data JPA repositories in DEFAULT mode.
25-04-01 16:17:04.135 [main] INFO  org.springframework.data.repository.config.RepositoryConfigurationDelegate - Finished Spring Data repository scanning in 121 ms. Found 6 JPA repository interfaces.
25-04-01 16:17:04.919 [main] INFO  org.springframework.boot.web.embedded.tomcat.TomcatWebServer - Tomcat initialized with port 8080 (http)
25-04-01 16:17:04.936 [main] INFO  org.apache.coyote.http11.Http11NioProtocol - Initializing ProtocolHandler ["http-nio-8080"]
25-04-01 16:17:04.938 [main] INFO  org.apache.catalina.core.StandardService - Starting service [Tomcat]
25-04-01 16:17:04.938 [main] INFO  org.apache.catalina.core.StandardEngine - Starting Servlet engine: [Apache Tomcat/10.1.33]
25-04-01 16:17:05.045 [main] INFO  org.apache.catalina.core.ContainerBase.[Tomcat].[localhost].[/] - Initializing Spring embedded WebApplicationContext
25-04-01 16:17:05.045 [main] INFO  org.springframework.boot.web.servlet.context.ServletWebServerApplicationContext - Root WebApplicationContext: initialization completed in 2053 ms
25-04-01 16:17:05.158 [main] INFO  com.zaxxer.hikari.HikariDataSource   - HikariPool-1 - Starting...
25-04-01 16:17:05.451 [main] INFO  com.zaxxer.hikari.pool.HikariPool    - HikariPool-1 - Added connection org.postgresql.jdbc.PgConnection@79add732
25-04-01 16:17:05.454 [main] INFO  com.zaxxer.hikari.HikariDataSource   - HikariPool-1 - Start completed.
25-04-01 16:17:05.569 [main] INFO  org.hibernate.jpa.internal.util.LogHelper - HHH000204: Processing PersistenceUnitInfo [name: default]
25-04-01 16:17:05.680 [main] INFO  org.hibernate.Version                - HHH000412: Hibernate ORM core version 6.6.2.Final
25-04-01 16:17:05.729 [main] INFO  org.hibernate.cache.internal.RegionFactoryInitiator - HHH000026: Second-level cache disabled
25-04-01 16:17:05.838 [main] DEBUG org.hibernate.type.BasicTypeRegistry - Adding type registration boolean -> org.hibernate.type.BasicTypeReference@29147c12
25-04-01 16:17:05.838 [main] DEBUG org.hibernate.type.BasicTypeRegistry - Adding type registration boolean -> org.hibernate.type.BasicTypeReference@29147c12
25-04-01 16:17:05.838 [main] DEBUG org.hibernate.type.BasicTypeRegistry - Adding type registration java.lang.Boolean -> org.hibernate.type.BasicTypeReference@29147c12
25-04-01 16:17:05.838 [main] DEBUG org.hibernate.type.BasicTypeRegistry - Adding type registration numeric_boolean -> org.hibernate.type.BasicTypeReference@5f45bc8e
25-04-01 16:17:05.838 [main] DEBUG org.hibernate.type.BasicTypeRegistry - Adding type registration org.hibernate.type.NumericBooleanConverter -> org.hibernate.type.BasicTypeReference@5f45bc8e
25-04-01 16:17:05.838 [main] DEBUG org.hibernate.type.BasicTypeRegistry - Adding type registration true_false -> org.hibernate.type.BasicTypeReference@33e50ff2
25-04-01 16:17:05.838 [main] DEBUG org.hibernate.type.BasicTypeRegistry - Adding type registration org.hibernate.type.TrueFalseConverter -> org.hibernate.type.BasicTypeReference@33e50ff2
25-04-01 16:17:05.839 [main] DEBUG org.hibernate.type.BasicTypeRegistry - Adding type registration yes_no -> org.hibernate.type.BasicTypeReference@7ab33ca8
25-04-01 16:17:05.839 [main] DEBUG org.hibernate.type.BasicTypeRegistry - Adding type registration org.hibernate.type.YesNoConverter -> org.hibernate.type.BasicTypeReference@7ab33ca8
25-04-01 16:17:05.839 [main] DEBUG org.hibernate.type.BasicTypeRegistry - Adding type registration byte -> org.hibernate.type.BasicTypeReference@704d3b00
25-04-01 16:17:05.839 [main] DEBUG org.hibernate.type.BasicTypeRegistry - Adding type registration byte -> org.hibernate.type.BasicTypeReference@704d3b00
25-04-01 16:17:05.839 [main] DEBUG org.hibernate.type.BasicTypeRegistry - Adding type registration java.lang.Byte -> org.hibernate.type.BasicTypeReference@704d3b00
25-04-01 16:17:05.839 [main] DEBUG org.hibernate.type.BasicTypeRegistry - Adding type registration binary -> org.hibernate.type.BasicTypeReference@7a2a7492
25-04-01 16:17:05.839 [main] DEBUG org.hibernate.type.BasicTypeRegistry - Adding type registration byte[] -> org.hibernate.type.BasicTypeReference@7a2a7492
25-04-01 16:17:05.839 [main] DEBUG org.hibernate.type.BasicTypeRegistry - Adding type registration [B -> org.hibernate.type.BasicTypeReference@7a2a7492
25-04-01 16:17:05.839 [main] DEBUG org.hibernate.type.BasicTypeRegistry - Adding type registration binary_wrapper -> org.hibernate.type.BasicTypeReference@6326c5ec
25-04-01 16:17:05.839 [main] DEBUG org.hibernate.type.BasicTypeRegistry - Adding type registration wrapper-binary -> org.hibernate.type.BasicTypeReference@6326c5ec
25-04-01 16:17:05.839 [main] DEBUG org.hibernate.type.BasicTypeRegistry - Adding type registration image -> org.hibernate.type.BasicTypeReference@138a85d3
25-04-01 16:17:05.839 [main] DEBUG org.hibernate.type.BasicTypeRegistry - Adding type registration blob -> org.hibernate.type.BasicTypeReference@709d86a2
25-04-01 16:17:05.839 [main] DEBUG org.hibernate.type.BasicTypeRegistry - Adding type registration java.sql.Blob -> org.hibernate.type.BasicTypeReference@709d86a2
25-04-01 16:17:05.840 [main] DEBUG org.hibernate.type.BasicTypeRegistry - Adding type registration materialized_blob -> org.hibernate.type.BasicTypeReference@59baf2c7
25-04-01 16:17:05.840 [main] DEBUG org.hibernate.type.BasicTypeRegistry - Adding type registration materialized_blob_wrapper -> org.hibernate.type.BasicTypeReference@ce655b9
25-04-01 16:17:05.840 [main] DEBUG org.hibernate.type.BasicTypeRegistry - Adding type registration short -> org.hibernate.type.BasicTypeReference@4b85edeb
25-04-01 16:17:05.840 [main] DEBUG org.hibernate.type.BasicTypeRegistry - Adding type registration short -> org.hibernate.type.BasicTypeReference@4b85edeb
25-04-01 16:17:05.840 [main] DEBUG org.hibernate.type.BasicTypeRegistry - Adding type registration java.lang.Short -> org.hibernate.type.BasicTypeReference@4b85edeb
25-04-01 16:17:05.840 [main] DEBUG org.hibernate.type.BasicTypeRegistry - Adding type registration integer -> org.hibernate.type.BasicTypeReference@5731caaf
25-04-01 16:17:05.840 [main] DEBUG org.hibernate.type.BasicTypeRegistry - Adding type registration int -> org.hibernate.type.BasicTypeReference@5731caaf
25-04-01 16:17:05.840 [main] DEBUG org.hibernate.type.BasicTypeRegistry - Adding type registration java.lang.Integer -> org.hibernate.type.BasicTypeReference@5731caaf
25-04-01 16:17:05.840 [main] DEBUG org.hibernate.type.BasicTypeRegistry - Adding type registration long -> org.hibernate.type.BasicTypeReference@59933644
25-04-01 16:17:05.840 [main] DEBUG org.hibernate.type.BasicTypeRegistry - Adding type registration long -> org.hibernate.type.BasicTypeReference@59933644
25-04-01 16:17:05.840 [main] DEBUG org.hibernate.type.BasicTypeRegistry - Adding type registration java.lang.Long -> org.hibernate.type.BasicTypeReference@59933644
25-04-01 16:17:05.840 [main] DEBUG org.hibernate.type.BasicTypeRegistry - Adding type registration float -> org.hibernate.type.BasicTypeReference@67e6eb52
25-04-01 16:17:05.840 [main] DEBUG org.hibernate.type.BasicTypeRegistry - Adding type registration float -> org.hibernate.type.BasicTypeReference@67e6eb52
25-04-01 16:17:05.840 [main] DEBUG org.hibernate.type.BasicTypeRegistry - Adding type registration java.lang.Float -> org.hibernate.type.BasicTypeReference@67e6eb52
25-04-01 16:17:05.840 [main] DEBUG org.hibernate.type.BasicTypeRegistry - Adding type registration double -> org.hibernate.type.BasicTypeReference@3e8b8f0
25-04-01 16:17:05.840 [main] DEBUG org.hibernate.type.BasicTypeRegistry - Adding type registration double -> org.hibernate.type.BasicTypeReference@3e8b8f0
25-04-01 16:17:05.840 [main] DEBUG org.hibernate.type.BasicTypeRegistry - Adding type registration java.lang.Double -> org.hibernate.type.BasicTypeReference@3e8b8f0
25-04-01 16:17:05.840 [main] DEBUG org.hibernate.type.BasicTypeRegistry - Adding type registration big_integer -> org.hibernate.type.BasicTypeReference@5ad57e90
25-04-01 16:17:05.840 [main] DEBUG org.hibernate.type.BasicTypeRegistry - Adding type registration java.math.BigInteger -> org.hibernate.type.BasicTypeReference@5ad57e90
25-04-01 16:17:05.840 [main] DEBUG org.hibernate.type.BasicTypeRegistry - Adding type registration big_decimal -> org.hibernate.type.BasicTypeReference@1a345298
25-04-01 16:17:05.840 [main] DEBUG org.hibernate.type.BasicTypeRegistry - Adding type registration java.math.BigDecimal -> org.hibernate.type.BasicTypeReference@1a345298
25-04-01 16:17:05.840 [main] DEBUG org.hibernate.type.BasicTypeRegistry - Adding type registration character -> org.hibernate.type.BasicTypeReference@4ad896f7
25-04-01 16:17:05.840 [main] DEBUG org.hibernate.type.BasicTypeRegistry - Adding type registration char -> org.hibernate.type.BasicTypeReference@4ad896f7
25-04-01 16:17:05.840 [main] DEBUG org.hibernate.type.BasicTypeRegistry - Adding type registration java.lang.Character -> org.hibernate.type.BasicTypeReference@4ad896f7
25-04-01 16:17:05.841 [main] DEBUG org.hibernate.type.BasicTypeRegistry - Adding type registration character_nchar -> org.hibernate.type.BasicTypeReference@c318864
25-04-01 16:17:05.841 [main] DEBUG org.hibernate.type.BasicTypeRegistry - Adding type registration string -> org.hibernate.type.BasicTypeReference@7d61468c
25-04-01 16:17:05.841 [main] DEBUG org.hibernate.type.BasicTypeRegistry - Adding type registration java.lang.String -> org.hibernate.type.BasicTypeReference@7d61468c
25-04-01 16:17:05.841 [main] DEBUG org.hibernate.type.BasicTypeRegistry - Adding type registration nstring -> org.hibernate.type.BasicTypeReference@45796b2a
25-04-01 16:17:05.841 [main] DEBUG org.hibernate.type.BasicTypeRegistry - Adding type registration characters -> org.hibernate.type.BasicTypeReference@4b98225c
25-04-01 16:17:05.841 [main] DEBUG org.hibernate.type.BasicTypeRegistry - Adding type registration char[] -> org.hibernate.type.BasicTypeReference@4b98225c
25-04-01 16:17:05.841 [main] DEBUG org.hibernate.type.BasicTypeRegistry - Adding type registration [C -> org.hibernate.type.BasicTypeReference@4b98225c
25-04-01 16:17:05.841 [main] DEBUG org.hibernate.type.BasicTypeRegistry - Adding type registration wrapper-characters -> org.hibernate.type.BasicTypeReference@4beae1e3
25-04-01 16:17:05.841 [main] DEBUG org.hibernate.type.BasicTypeRegistry - Adding type registration text -> org.hibernate.type.BasicTypeReference@3c488b34
25-04-01 16:17:05.841 [main] DEBUG org.hibernate.type.BasicTypeRegistry - Adding type registration ntext -> org.hibernate.type.BasicTypeReference@32e697ac
25-04-01 16:17:05.841 [main] DEBUG org.hibernate.type.BasicTypeRegistry - Adding type registration clob -> org.hibernate.type.BasicTypeReference@3866c96e
25-04-01 16:17:05.841 [main] DEBUG org.hibernate.type.BasicTypeRegistry - Adding type registration java.sql.Clob -> org.hibernate.type.BasicTypeReference@3866c96e
25-04-01 16:17:05.841 [main] DEBUG org.hibernate.type.BasicTypeRegistry - Adding type registration nclob -> org.hibernate.type.BasicTypeReference@241fc278
25-04-01 16:17:05.841 [main] DEBUG org.hibernate.type.BasicTypeRegistry - Adding type registration java.sql.NClob -> org.hibernate.type.BasicTypeReference@241fc278
25-04-01 16:17:05.841 [main] DEBUG org.hibernate.type.BasicTypeRegistry - Adding type registration materialized_clob -> org.hibernate.type.BasicTypeReference@5c76fce4
25-04-01 16:17:05.841 [main] DEBUG org.hibernate.type.BasicTypeRegistry - Adding type registration materialized_clob_char_array -> org.hibernate.type.BasicTypeReference@5aab5b31
25-04-01 16:17:05.841 [main] DEBUG org.hibernate.type.BasicTypeRegistry - Adding type registration materialized_clob_character_array -> org.hibernate.type.BasicTypeReference@5408d4b3
25-04-01 16:17:05.841 [main] DEBUG org.hibernate.type.BasicTypeRegistry - Adding type registration materialized_nclob -> org.hibernate.type.BasicTypeReference@eded048
25-04-01 16:17:05.841 [main] DEBUG org.hibernate.type.BasicTypeRegistry - Adding type registration materialized_nclob_character_array -> org.hibernate.type.BasicTypeReference@65a48cab
25-04-01 16:17:05.841 [main] DEBUG org.hibernate.type.BasicTypeRegistry - Adding type registration materialized_nclob_char_array -> org.hibernate.type.BasicTypeReference@655621fd
25-04-01 16:17:05.841 [main] DEBUG org.hibernate.type.BasicTypeRegistry - Adding type registration Duration -> org.hibernate.type.BasicTypeReference@77e9dca8
25-04-01 16:17:05.842 [main] DEBUG org.hibernate.type.BasicTypeRegistry - Adding type registration java.time.Duration -> org.hibernate.type.BasicTypeReference@77e9dca8
25-04-01 16:17:05.842 [main] DEBUG org.hibernate.type.BasicTypeRegistry - Adding type registration LocalDateTime -> org.hibernate.type.BasicTypeReference@fcd0e8d
25-04-01 16:17:05.842 [main] DEBUG org.hibernate.type.BasicTypeRegistry - Adding type registration java.time.LocalDateTime -> org.hibernate.type.BasicTypeReference@fcd0e8d
25-04-01 16:17:05.842 [main] DEBUG org.hibernate.type.BasicTypeRegistry - Adding type registration LocalDate -> org.hibernate.type.BasicTypeReference@4e4d0a0b
25-04-01 16:17:05.842 [main] DEBUG org.hibernate.type.BasicTypeRegistry - Adding type registration java.time.LocalDate -> org.hibernate.type.BasicTypeReference@4e4d0a0b
25-04-01 16:17:05.842 [main] DEBUG org.hibernate.type.BasicTypeRegistry - Adding type registration LocalTime -> org.hibernate.type.BasicTypeReference@1a4083f6
25-04-01 16:17:05.842 [main] DEBUG org.hibernate.type.BasicTypeRegistry - Adding type registration java.time.LocalTime -> org.hibernate.type.BasicTypeReference@1a4083f6
25-04-01 16:17:05.842 [main] DEBUG org.hibernate.type.BasicTypeRegistry - Adding type registration OffsetDateTime -> org.hibernate.type.BasicTypeReference@23f5008a
25-04-01 16:17:05.842 [main] DEBUG org.hibernate.type.BasicTypeRegistry - Adding type registration java.time.OffsetDateTime -> org.hibernate.type.BasicTypeReference@23f5008a
25-04-01 16:17:05.842 [main] DEBUG org.hibernate.type.BasicTypeRegistry - Adding type registration OffsetDateTimeWithTimezone -> org.hibernate.type.BasicTypeReference@44abdb1f
25-04-01 16:17:05.842 [main] DEBUG org.hibernate.type.BasicTypeRegistry - Adding type registration OffsetDateTimeWithoutTimezone -> org.hibernate.type.BasicTypeReference@62108cd3
25-04-01 16:17:05.842 [main] DEBUG org.hibernate.type.BasicTypeRegistry - Adding type registration OffsetTime -> org.hibernate.type.BasicTypeReference@7cd1ec54
25-04-01 16:17:05.842 [main] DEBUG org.hibernate.type.BasicTypeRegistry - Adding type registration java.time.OffsetTime -> org.hibernate.type.BasicTypeReference@7cd1ec54
25-04-01 16:17:05.842 [main] DEBUG org.hibernate.type.BasicTypeRegistry - Adding type registration OffsetTimeUtc -> org.hibernate.type.BasicTypeReference@77ab5214
25-04-01 16:17:05.842 [main] DEBUG org.hibernate.type.BasicTypeRegistry - Adding type registration OffsetTimeWithTimezone -> org.hibernate.type.BasicTypeReference@6d420cdd
25-04-01 16:17:05.842 [main] DEBUG org.hibernate.type.BasicTypeRegistry - Adding type registration OffsetTimeWithoutTimezone -> org.hibernate.type.BasicTypeReference@bd273b2
25-04-01 16:17:05.842 [main] DEBUG org.hibernate.type.BasicTypeRegistry - Adding type registration ZonedDateTime -> org.hibernate.type.BasicTypeReference@78128dd0
25-04-01 16:17:05.842 [main] DEBUG org.hibernate.type.BasicTypeRegistry - Adding type registration java.time.ZonedDateTime -> org.hibernate.type.BasicTypeReference@78128dd0
25-04-01 16:17:05.842 [main] DEBUG org.hibernate.type.BasicTypeRegistry - Adding type registration ZonedDateTimeWithTimezone -> org.hibernate.type.BasicTypeReference@55044b34
25-04-01 16:17:05.843 [main] DEBUG org.hibernate.type.BasicTypeRegistry - Adding type registration ZonedDateTimeWithoutTimezone -> org.hibernate.type.BasicTypeReference@28dd81ad
25-04-01 16:17:05.843 [main] DEBUG org.hibernate.type.BasicTypeRegistry - Adding type registration date -> org.hibernate.type.BasicTypeReference@300a38e7
25-04-01 16:17:05.843 [main] DEBUG org.hibernate.type.BasicTypeRegistry - Adding type registration java.sql.Date -> org.hibernate.type.BasicTypeReference@300a38e7
25-04-01 16:17:05.843 [main] DEBUG org.hibernate.type.BasicTypeRegistry - Adding type registration time -> org.hibernate.type.BasicTypeReference@5c9a4f3b
25-04-01 16:17:05.843 [main] DEBUG org.hibernate.type.BasicTypeRegistry - Adding type registration java.sql.Time -> org.hibernate.type.BasicTypeReference@5c9a4f3b
25-04-01 16:17:05.843 [main] DEBUG org.hibernate.type.BasicTypeRegistry - Adding type registration timestamp -> org.hibernate.type.BasicTypeReference@2bb0e277
25-04-01 16:17:05.843 [main] DEBUG org.hibernate.type.BasicTypeRegistry - Adding type registration java.sql.Timestamp -> org.hibernate.type.BasicTypeReference@2bb0e277
25-04-01 16:17:05.843 [main] DEBUG org.hibernate.type.BasicTypeRegistry - Adding type registration java.util.Date -> org.hibernate.type.BasicTypeReference@2bb0e277
25-04-01 16:17:05.843 [main] DEBUG org.hibernate.type.BasicTypeRegistry - Adding type registration calendar -> org.hibernate.type.BasicTypeReference@6f24ce45
25-04-01 16:17:05.843 [main] DEBUG org.hibernate.type.BasicTypeRegistry - Adding type registration java.util.Calendar -> org.hibernate.type.BasicTypeReference@6f24ce45
25-04-01 16:17:05.843 [main] DEBUG org.hibernate.type.BasicTypeRegistry - Adding type registration java.util.GregorianCalendar -> org.hibernate.type.BasicTypeReference@6f24ce45
25-04-01 16:17:05.843 [main] DEBUG org.hibernate.type.BasicTypeRegistry - Adding type registration calendar_date -> org.hibernate.type.BasicTypeReference@e881e46
25-04-01 16:17:05.843 [main] DEBUG org.hibernate.type.BasicTypeRegistry - Adding type registration calendar_time -> org.hibernate.type.BasicTypeReference@657b3b
25-04-01 16:17:05.843 [main] DEBUG org.hibernate.type.BasicTypeRegistry - Adding type registration instant -> org.hibernate.type.BasicTypeReference@2cea921a
25-04-01 16:17:05.843 [main] DEBUG org.hibernate.type.BasicTypeRegistry - Adding type registration java.time.Instant -> org.hibernate.type.BasicTypeReference@2cea921a
25-04-01 16:17:05.843 [main] DEBUG org.hibernate.type.BasicTypeRegistry - Adding type registration uuid -> org.hibernate.type.BasicTypeReference@65753724
25-04-01 16:17:05.843 [main] DEBUG org.hibernate.type.BasicTypeRegistry - Adding type registration java.util.UUID -> org.hibernate.type.BasicTypeReference@65753724
25-04-01 16:17:05.844 [main] DEBUG org.hibernate.type.BasicTypeRegistry - Adding type registration pg-uuid -> org.hibernate.type.BasicTypeReference@65753724
25-04-01 16:17:05.844 [main] DEBUG org.hibernate.type.BasicTypeRegistry - Adding type registration uuid-binary -> org.hibernate.type.BasicTypeReference@2bc16fe2
25-04-01 16:17:05.844 [main] DEBUG org.hibernate.type.BasicTypeRegistry - Adding type registration uuid-char -> org.hibernate.type.BasicTypeReference@d66502
25-04-01 16:17:05.844 [main] DEBUG org.hibernate.type.BasicTypeRegistry - Adding type registration class -> org.hibernate.type.BasicTypeReference@78545d40
25-04-01 16:17:05.844 [main] DEBUG org.hibernate.type.BasicTypeRegistry - Adding type registration java.lang.Class -> org.hibernate.type.BasicTypeReference@78545d40
25-04-01 16:17:05.844 [main] DEBUG org.hibernate.type.BasicTypeRegistry - Adding type registration currency -> org.hibernate.type.BasicTypeReference@34549979
25-04-01 16:17:05.844 [main] DEBUG org.hibernate.type.BasicTypeRegistry - Adding type registration Currency -> org.hibernate.type.BasicTypeReference@34549979
25-04-01 16:17:05.844 [main] DEBUG org.hibernate.type.BasicTypeRegistry - Adding type registration java.util.Currency -> org.hibernate.type.BasicTypeReference@34549979
25-04-01 16:17:05.844 [main] DEBUG org.hibernate.type.BasicTypeRegistry - Adding type registration locale -> org.hibernate.type.BasicTypeReference@144a5e6e
25-04-01 16:17:05.844 [main] DEBUG org.hibernate.type.BasicTypeRegistry - Adding type registration java.util.Locale -> org.hibernate.type.BasicTypeReference@144a5e6e
25-04-01 16:17:05.844 [main] DEBUG org.hibernate.type.BasicTypeRegistry - Adding type registration serializable -> org.hibernate.type.BasicTypeReference@2707c790
25-04-01 16:17:05.844 [main] DEBUG org.hibernate.type.BasicTypeRegistry - Adding type registration java.io.Serializable -> org.hibernate.type.BasicTypeReference@2707c790
25-04-01 16:17:05.845 [main] DEBUG org.hibernate.type.BasicTypeRegistry - Adding type registration timezone -> org.hibernate.type.BasicTypeReference@7de3206d
25-04-01 16:17:05.845 [main] DEBUG org.hibernate.type.BasicTypeRegistry - Adding type registration java.util.TimeZone -> org.hibernate.type.BasicTypeReference@7de3206d
25-04-01 16:17:05.845 [main] DEBUG org.hibernate.type.BasicTypeRegistry - Adding type registration ZoneOffset -> org.hibernate.type.BasicTypeReference@6dece1f9
25-04-01 16:17:05.845 [main] DEBUG org.hibernate.type.BasicTypeRegistry - Adding type registration java.time.ZoneOffset -> org.hibernate.type.BasicTypeReference@6dece1f9
25-04-01 16:17:05.845 [main] DEBUG org.hibernate.type.BasicTypeRegistry - Adding type registration url -> org.hibernate.type.BasicTypeReference@2b936b04
25-04-01 16:17:05.845 [main] DEBUG org.hibernate.type.BasicTypeRegistry - Adding type registration java.net.URL -> org.hibernate.type.BasicTypeReference@2b936b04
25-04-01 16:17:05.845 [main] DEBUG org.hibernate.type.BasicTypeRegistry - Adding type registration vector -> org.hibernate.type.BasicTypeReference@32b112a1
25-04-01 16:17:05.845 [main] DEBUG org.hibernate.type.BasicTypeRegistry - Adding type registration float_vector -> org.hibernate.type.BasicTypeReference@5635bcd2
25-04-01 16:17:05.845 [main] DEBUG org.hibernate.type.BasicTypeRegistry - Adding type registration double_vector -> org.hibernate.type.BasicTypeReference@5c5c7cc4
25-04-01 16:17:05.845 [main] DEBUG org.hibernate.type.BasicTypeRegistry - Adding type registration byte_vector -> org.hibernate.type.BasicTypeReference@6c27e700
25-04-01 16:17:05.845 [main] DEBUG org.hibernate.type.BasicTypeRegistry - Adding type registration row_version -> org.hibernate.type.BasicTypeReference@56b9d43f
25-04-01 16:17:05.851 [main] DEBUG org.hibernate.type.BasicTypeRegistry - Adding type registration object -> org.hibernate.type.JavaObjectType@144ee8a7
25-04-01 16:17:05.851 [main] DEBUG org.hibernate.type.BasicTypeRegistry - Adding type registration java.lang.Object -> org.hibernate.type.JavaObjectType@144ee8a7
25-04-01 16:17:05.852 [main] DEBUG org.hibernate.type.BasicTypeRegistry - Adding type registration null -> org.hibernate.type.NullType@4ecd8ab1
25-04-01 16:17:05.853 [main] DEBUG org.hibernate.type.BasicTypeRegistry - Adding type registration imm_date -> org.hibernate.type.BasicTypeReference@57bdceaa
25-04-01 16:17:05.853 [main] DEBUG org.hibernate.type.BasicTypeRegistry - Adding type registration imm_time -> org.hibernate.type.BasicTypeReference@52909a97
25-04-01 16:17:05.853 [main] DEBUG org.hibernate.type.BasicTypeRegistry - Adding type registration imm_timestamp -> org.hibernate.type.BasicTypeReference@36e409e0
25-04-01 16:17:05.853 [main] DEBUG org.hibernate.type.BasicTypeRegistry - Adding type registration imm_calendar -> org.hibernate.type.BasicTypeReference@145e958f
25-04-01 16:17:05.853 [main] DEBUG org.hibernate.type.BasicTypeRegistry - Adding type registration imm_calendar_date -> org.hibernate.type.BasicTypeReference@2d2fc130
25-04-01 16:17:05.853 [main] DEBUG org.hibernate.type.BasicTypeRegistry - Adding type registration imm_calendar_time -> org.hibernate.type.BasicTypeReference@7bbdb220
25-04-01 16:17:05.853 [main] DEBUG org.hibernate.type.BasicTypeRegistry - Adding type registration imm_binary -> org.hibernate.type.BasicTypeReference@6d001fbe
25-04-01 16:17:05.853 [main] DEBUG org.hibernate.type.BasicTypeRegistry - Adding type registration imm_serializable -> org.hibernate.type.BasicTypeReference@d120d7c
25-04-01 16:17:06.189 [main] INFO  org.springframework.orm.jpa.persistenceunit.SpringPersistenceUnitInfo - No LoadTimeWeaver setup: ignoring JPA class transformer
25-04-01 16:17:06.287 [main] WARN  org.hibernate.orm.deprecation        - HHH90000025: PostgreSQLDialect does not need to be specified explicitly using 'hibernate.dialect' (remove the property setting and it will be selected by default)
25-04-01 16:17:06.314 [main] INFO  org.hibernate.orm.connections.pooling - HHH10001005: Database info:
	Database JDBC URL [Connecting through datasource 'HikariDataSource (HikariPool-1)']
	Database driver: undefined/unknown
	Database version: 17.4
	Autocommit mode: undefined/unknown
	Isolation level: undefined/unknown
	Minimum pool size: undefined/unknown
	Maximum pool size: undefined/unknown
25-04-01 16:17:06.325 [main] DEBUG org.hibernate.type.descriptor.sql.spi.DdlTypeRegistry - addDescriptor(2003, org.hibernate.type.descriptor.sql.internal.ArrayDdlTypeImpl@3f122cdc) replaced previous registration(org.hibernate.type.descriptor.sql.internal.ArrayDdlTypeImpl@5bf523e3)
25-04-01 16:17:06.325 [main] DEBUG org.hibernate.type.descriptor.sql.spi.DdlTypeRegistry - addDescriptor(6, org.hibernate.type.descriptor.sql.internal.CapacityDependentDdlType@8d29719) replaced previous registration(org.hibernate.type.descriptor.sql.internal.DdlTypeImpl@65259c53)
25-04-01 16:17:06.328 [main] DEBUG org.hibernate.type.descriptor.jdbc.spi.JdbcTypeRegistry - addDescriptor(2004, BlobTypeDescriptor(BLOB_BINDING)) replaced previous registration(BlobTypeDescriptor(DEFAULT))
25-04-01 16:17:06.328 [main] DEBUG org.hibernate.type.descriptor.jdbc.spi.JdbcTypeRegistry - addDescriptor(2005, ClobTypeDescriptor(CLOB_BINDING)) replaced previous registration(ClobTypeDescriptor(DEFAULT))
25-04-01 16:17:06.341 [main] DEBUG org.hibernate.type.BasicTypeRegistry - Adding type registration JAVA_OBJECT -> org.hibernate.type.JavaObjectType@5b6cc344
25-04-01 16:17:06.342 [main] DEBUG org.hibernate.type.BasicTypeRegistry - Adding type registration java.lang.Object -> org.hibernate.type.JavaObjectType@5b6cc344
25-04-01 16:17:06.342 [main] DEBUG org.hibernate.type.BasicTypeRegistry - Type registration key [java.lang.Object] overrode previous entry : `org.hibernate.type.JavaObjectType@144ee8a7`
25-04-01 16:17:06.348 [main] DEBUG org.hibernate.type.BasicTypeRegistry - Adding type registration org.hibernate.type.DurationType -> basicType@1(java.time.Duration,3015)
25-04-01 16:17:06.348 [main] DEBUG org.hibernate.type.BasicTypeRegistry - Adding type registration Duration -> basicType@1(java.time.Duration,3015)
25-04-01 16:17:06.348 [main] DEBUG org.hibernate.type.BasicTypeRegistry - Adding type registration java.time.Duration -> basicType@1(java.time.Duration,3015)
25-04-01 16:17:06.354 [main] DEBUG org.hibernate.type.BasicTypeRegistry - Adding type registration org.hibernate.type.OffsetDateTimeType -> basicType@2(java.time.OffsetDateTime,3003)
25-04-01 16:17:06.354 [main] DEBUG org.hibernate.type.BasicTypeRegistry - Adding type registration OffsetDateTime -> basicType@2(java.time.OffsetDateTime,3003)
25-04-01 16:17:06.355 [main] DEBUG org.hibernate.type.BasicTypeRegistry - Adding type registration java.time.OffsetDateTime -> basicType@2(java.time.OffsetDateTime,3003)
25-04-01 16:17:06.355 [main] DEBUG org.hibernate.type.BasicTypeRegistry - Adding type registration org.hibernate.type.ZonedDateTimeType -> basicType@3(java.time.ZonedDateTime,3003)
25-04-01 16:17:06.355 [main] DEBUG org.hibernate.type.BasicTypeRegistry - Adding type registration ZonedDateTime -> basicType@3(java.time.ZonedDateTime,3003)
25-04-01 16:17:06.355 [main] DEBUG org.hibernate.type.BasicTypeRegistry - Adding type registration java.time.ZonedDateTime -> basicType@3(java.time.ZonedDateTime,3003)
25-04-01 16:17:06.356 [main] DEBUG org.hibernate.type.BasicTypeRegistry - Adding type registration org.hibernate.type.OffsetTimeType -> basicType@4(java.time.OffsetTime,3007)
25-04-01 16:17:06.356 [main] DEBUG org.hibernate.type.BasicTypeRegistry - Adding type registration OffsetTime -> basicType@4(java.time.OffsetTime,3007)
25-04-01 16:17:06.356 [main] DEBUG org.hibernate.type.BasicTypeRegistry - Adding type registration java.time.OffsetTime -> basicType@4(java.time.OffsetTime,3007)
25-04-01 16:17:06.358 [main] DEBUG org.hibernate.type.spi.TypeConfiguration$Scope - Scoping TypeConfiguration [org.hibernate.type.spi.TypeConfiguration@31f1b268] to MetadataBuildingContext [org.hibernate.boot.internal.MetadataBuildingContextRootImpl@3ec7ad61]
25-04-01 16:17:07.836 [main] INFO  org.hibernate.engine.transaction.jta.platform.internal.JtaPlatformInitiator - HHH000489: No JTA platform available (set 'hibernate.transaction.jta.platform' to enable JTA platform integration)
25-04-01 16:17:07.837 [main] DEBUG org.hibernate.type.spi.TypeConfiguration$Scope - Scoping TypeConfiguration [org.hibernate.type.spi.TypeConfiguration@31f1b268] to SessionFactoryImplementor [org.hibernate.internal.SessionFactoryImpl@1f27f354]
25-04-01 16:17:08.128 [main] TRACE org.hibernate.type.spi.TypeConfiguration$Scope - Handling #sessionFactoryCreated from [org.hibernate.internal.SessionFactoryImpl@1f27f354] for TypeConfiguration
25-04-01 16:17:08.128 [main] INFO  org.springframework.orm.jpa.LocalContainerEntityManagerFactoryBean - Initialized JPA EntityManagerFactory for persistence unit 'default'
25-04-01 16:17:08.397 [main] INFO  org.springframework.data.jpa.repository.query.QueryEnhancerFactory - Hibernate is in classpath; If applicable, HQL parser will be used.
25-04-01 16:17:09.159 [main] WARN  org.springframework.boot.autoconfigure.orm.jpa.JpaBaseConfiguration$JpaWebConfiguration - spring.jpa.open-in-view is enabled by default. Therefore, database queries may be performed during view rendering. Explicitly configure spring.jpa.open-in-view to disable this warning
25-04-01 16:17:09.185 [main] INFO  org.springframework.boot.autoconfigure.web.servlet.WelcomePageHandlerMapping - Adding welcome page: class path resource [static/index.html]
25-04-01 16:17:09.670 [main] INFO  org.apache.coyote.http11.Http11NioProtocol - Starting ProtocolHandler ["http-nio-8080"]
25-04-01 16:17:09.693 [main] INFO  org.springframework.boot.web.embedded.tomcat.TomcatWebServer - Tomcat started on port 8080 (http) with context path '/'
25-04-01 16:17:09.703 [main] INFO  com.sprint.mission.discodeit.DiscodeitApplication - Started DiscodeitApplication in 7.494 seconds (process running for 8.177)
25-04-01 16:17:17.219 [SpringApplicationShutdownHook] INFO  org.springframework.boot.web.embedded.tomcat.GracefulShutdown - Commencing graceful shutdown. Waiting for active requests to complete
25-04-01 16:17:17.421 [tomcat-shutdown] INFO  org.springframework.boot.web.embedded.tomcat.GracefulShutdown - Graceful shutdown complete
25-04-01 16:17:17.426 [SpringApplicationShutdownHook] INFO  org.springframework.orm.jpa.LocalContainerEntityManagerFactoryBean - Closing JPA EntityManagerFactory for persistence unit 'default'
25-04-01 16:17:17.427 [SpringApplicationShutdownHook] TRACE org.hibernate.type.spi.TypeConfiguration$Scope - Handling #sessionFactoryClosed from [org.hibernate.internal.SessionFactoryImpl@1f27f354] for TypeConfiguration
25-04-01 16:17:17.427 [SpringApplicationShutdownHook] DEBUG org.hibernate.type.spi.TypeConfiguration$Scope - Un-scoping TypeConfiguration [org.hibernate.type.spi.TypeConfiguration$Scope@6ade75e0] from SessionFactory [org.hibernate.internal.SessionFactoryImpl@1f27f354]
25-04-01 16:17:17.428 [SpringApplicationShutdownHook] INFO  com.zaxxer.hikari.HikariDataSource   - HikariPool-1 - Shutdown initiated...
25-04-01 16:17:17.431 [SpringApplicationShutdownHook] INFO  com.zaxxer.hikari.HikariDataSource   - HikariPool-1 - Shutdown completed.
25-04-01 16:31:06.496 [background-preinit] INFO  org.hibernate.validator.internal.util.Version - HV000001: Hibernate Validator 8.0.1.Final
25-04-01 16:31:06.583 [main] INFO  com.sprint.mission.discodeit.DiscodeitApplication - Starting DiscodeitApplication using Java 17.0.13 with PID 27632 (C:\Users\min\IdeaProjects\sprint-mission\1-sprint-mission\build\classes\java\main started by min in C:\Users\min\IdeaProjects\sprint-mission\1-sprint-mission)
25-04-01 16:31:06.584 [main] INFO  com.sprint.mission.discodeit.DiscodeitApplication - The following 1 profile is active: "dev"
25-04-01 16:31:08.236 [main] INFO  org.springframework.data.repository.config.RepositoryConfigurationDelegate - Bootstrapping Spring Data JPA repositories in DEFAULT mode.
25-04-01 16:31:08.380 [main] INFO  org.springframework.data.repository.config.RepositoryConfigurationDelegate - Finished Spring Data repository scanning in 131 ms. Found 6 JPA repository interfaces.
25-04-01 16:31:09.380 [main] INFO  org.springframework.boot.web.embedded.tomcat.TomcatWebServer - Tomcat initialized with port 8080 (http)
25-04-01 16:31:09.397 [main] INFO  org.apache.coyote.http11.Http11NioProtocol - Initializing ProtocolHandler ["http-nio-8080"]
25-04-01 16:31:09.400 [main] INFO  org.apache.catalina.core.StandardService - Starting service [Tomcat]
25-04-01 16:31:09.400 [main] INFO  org.apache.catalina.core.StandardEngine - Starting Servlet engine: [Apache Tomcat/10.1.33]
25-04-01 16:31:09.523 [main] INFO  org.apache.catalina.core.ContainerBase.[Tomcat].[localhost].[/] - Initializing Spring embedded WebApplicationContext
25-04-01 16:31:09.523 [main] INFO  org.springframework.boot.web.servlet.context.ServletWebServerApplicationContext - Root WebApplicationContext: initialization completed in 2879 ms
25-04-01 16:31:09.806 [main] INFO  com.zaxxer.hikari.HikariDataSource   - HikariPool-1 - Starting...
25-04-01 16:31:10.097 [main] INFO  com.zaxxer.hikari.pool.HikariPool    - HikariPool-1 - Added connection org.postgresql.jdbc.PgConnection@7e1d8d41
25-04-01 16:31:10.099 [main] INFO  com.zaxxer.hikari.HikariDataSource   - HikariPool-1 - Start completed.
25-04-01 16:31:10.248 [main] INFO  org.hibernate.jpa.internal.util.LogHelper - HHH000204: Processing PersistenceUnitInfo [name: default]
25-04-01 16:31:10.363 [main] INFO  org.hibernate.Version                - HHH000412: Hibernate ORM core version 6.6.2.Final
25-04-01 16:31:10.419 [main] INFO  org.hibernate.cache.internal.RegionFactoryInitiator - HHH000026: Second-level cache disabled
25-04-01 16:31:10.541 [main] DEBUG org.hibernate.type.BasicTypeRegistry - Adding type registration boolean -> org.hibernate.type.BasicTypeReference@86377d5
25-04-01 16:31:10.541 [main] DEBUG org.hibernate.type.BasicTypeRegistry - Adding type registration boolean -> org.hibernate.type.BasicTypeReference@86377d5
25-04-01 16:31:10.541 [main] DEBUG org.hibernate.type.BasicTypeRegistry - Adding type registration java.lang.Boolean -> org.hibernate.type.BasicTypeReference@86377d5
25-04-01 16:31:10.542 [main] DEBUG org.hibernate.type.BasicTypeRegistry - Adding type registration numeric_boolean -> org.hibernate.type.BasicTypeReference@87220f1
25-04-01 16:31:10.542 [main] DEBUG org.hibernate.type.BasicTypeRegistry - Adding type registration org.hibernate.type.NumericBooleanConverter -> org.hibernate.type.BasicTypeReference@87220f1
25-04-01 16:31:10.542 [main] DEBUG org.hibernate.type.BasicTypeRegistry - Adding type registration true_false -> org.hibernate.type.BasicTypeReference@77998ea7
25-04-01 16:31:10.542 [main] DEBUG org.hibernate.type.BasicTypeRegistry - Adding type registration org.hibernate.type.TrueFalseConverter -> org.hibernate.type.BasicTypeReference@77998ea7
25-04-01 16:31:10.542 [main] DEBUG org.hibernate.type.BasicTypeRegistry - Adding type registration yes_no -> org.hibernate.type.BasicTypeReference@252d8df6
25-04-01 16:31:10.542 [main] DEBUG org.hibernate.type.BasicTypeRegistry - Adding type registration org.hibernate.type.YesNoConverter -> org.hibernate.type.BasicTypeReference@252d8df6
25-04-01 16:31:10.542 [main] DEBUG org.hibernate.type.BasicTypeRegistry - Adding type registration byte -> org.hibernate.type.BasicTypeReference@36638b59
25-04-01 16:31:10.542 [main] DEBUG org.hibernate.type.BasicTypeRegistry - Adding type registration byte -> org.hibernate.type.BasicTypeReference@36638b59
25-04-01 16:31:10.543 [main] DEBUG org.hibernate.type.BasicTypeRegistry - Adding type registration java.lang.Byte -> org.hibernate.type.BasicTypeReference@36638b59
25-04-01 16:31:10.543 [main] DEBUG org.hibernate.type.BasicTypeRegistry - Adding type registration binary -> org.hibernate.type.BasicTypeReference@5dd3727c
25-04-01 16:31:10.543 [main] DEBUG org.hibernate.type.BasicTypeRegistry - Adding type registration byte[] -> org.hibernate.type.BasicTypeReference@5dd3727c
25-04-01 16:31:10.543 [main] DEBUG org.hibernate.type.BasicTypeRegistry - Adding type registration [B -> org.hibernate.type.BasicTypeReference@5dd3727c
25-04-01 16:31:10.543 [main] DEBUG org.hibernate.type.BasicTypeRegistry - Adding type registration binary_wrapper -> org.hibernate.type.BasicTypeReference@774013dc
25-04-01 16:31:10.543 [main] DEBUG org.hibernate.type.BasicTypeRegistry - Adding type registration wrapper-binary -> org.hibernate.type.BasicTypeReference@774013dc
25-04-01 16:31:10.544 [main] DEBUG org.hibernate.type.BasicTypeRegistry - Adding type registration image -> org.hibernate.type.BasicTypeReference@229cb4d8
25-04-01 16:31:10.544 [main] DEBUG org.hibernate.type.BasicTypeRegistry - Adding type registration blob -> org.hibernate.type.BasicTypeReference@76e9eed8
25-04-01 16:31:10.544 [main] DEBUG org.hibernate.type.BasicTypeRegistry - Adding type registration java.sql.Blob -> org.hibernate.type.BasicTypeReference@76e9eed8
25-04-01 16:31:10.544 [main] DEBUG org.hibernate.type.BasicTypeRegistry - Adding type registration materialized_blob -> org.hibernate.type.BasicTypeReference@30ef32eb
25-04-01 16:31:10.544 [main] DEBUG org.hibernate.type.BasicTypeRegistry - Adding type registration materialized_blob_wrapper -> org.hibernate.type.BasicTypeReference@474619d9
25-04-01 16:31:10.544 [main] DEBUG org.hibernate.type.BasicTypeRegistry - Adding type registration short -> org.hibernate.type.BasicTypeReference@bb5f9d
25-04-01 16:31:10.544 [main] DEBUG org.hibernate.type.BasicTypeRegistry - Adding type registration short -> org.hibernate.type.BasicTypeReference@bb5f9d
25-04-01 16:31:10.544 [main] DEBUG org.hibernate.type.BasicTypeRegistry - Adding type registration java.lang.Short -> org.hibernate.type.BasicTypeReference@bb5f9d
25-04-01 16:31:10.544 [main] DEBUG org.hibernate.type.BasicTypeRegistry - Adding type registration integer -> org.hibernate.type.BasicTypeReference@391dfe7c
25-04-01 16:31:10.544 [main] DEBUG org.hibernate.type.BasicTypeRegistry - Adding type registration int -> org.hibernate.type.BasicTypeReference@391dfe7c
25-04-01 16:31:10.544 [main] DEBUG org.hibernate.type.BasicTypeRegistry - Adding type registration java.lang.Integer -> org.hibernate.type.BasicTypeReference@391dfe7c
25-04-01 16:31:10.544 [main] DEBUG org.hibernate.type.BasicTypeRegistry - Adding type registration long -> org.hibernate.type.BasicTypeReference@702cfbde
25-04-01 16:31:10.544 [main] DEBUG org.hibernate.type.BasicTypeRegistry - Adding type registration long -> org.hibernate.type.BasicTypeReference@702cfbde
25-04-01 16:31:10.544 [main] DEBUG org.hibernate.type.BasicTypeRegistry - Adding type registration java.lang.Long -> org.hibernate.type.BasicTypeReference@702cfbde
25-04-01 16:31:10.544 [main] DEBUG org.hibernate.type.BasicTypeRegistry - Adding type registration float -> org.hibernate.type.BasicTypeReference@7d3bcd3
25-04-01 16:31:10.544 [main] DEBUG org.hibernate.type.BasicTypeRegistry - Adding type registration float -> org.hibernate.type.BasicTypeReference@7d3bcd3
25-04-01 16:31:10.545 [main] DEBUG org.hibernate.type.BasicTypeRegistry - Adding type registration java.lang.Float -> org.hibernate.type.BasicTypeReference@7d3bcd3
25-04-01 16:31:10.545 [main] DEBUG org.hibernate.type.BasicTypeRegistry - Adding type registration double -> org.hibernate.type.BasicTypeReference@5dce5c03
25-04-01 16:31:10.545 [main] DEBUG org.hibernate.type.BasicTypeRegistry - Adding type registration double -> org.hibernate.type.BasicTypeReference@5dce5c03
25-04-01 16:31:10.545 [main] DEBUG org.hibernate.type.BasicTypeRegistry - Adding type registration java.lang.Double -> org.hibernate.type.BasicTypeReference@5dce5c03
25-04-01 16:31:10.545 [main] DEBUG org.hibernate.type.BasicTypeRegistry - Adding type registration big_integer -> org.hibernate.type.BasicTypeReference@b76b7d8
25-04-01 16:31:10.545 [main] DEBUG org.hibernate.type.BasicTypeRegistry - Adding type registration java.math.BigInteger -> org.hibernate.type.BasicTypeReference@b76b7d8
25-04-01 16:31:10.545 [main] DEBUG org.hibernate.type.BasicTypeRegistry - Adding type registration big_decimal -> org.hibernate.type.BasicTypeReference@1c135f63
25-04-01 16:31:10.545 [main] DEBUG org.hibernate.type.BasicTypeRegistry - Adding type registration java.math.BigDecimal -> org.hibernate.type.BasicTypeReference@1c135f63
25-04-01 16:31:10.545 [main] DEBUG org.hibernate.type.BasicTypeRegistry - Adding type registration character -> org.hibernate.type.BasicTypeReference@63c4d16
25-04-01 16:31:10.545 [main] DEBUG org.hibernate.type.BasicTypeRegistry - Adding type registration char -> org.hibernate.type.BasicTypeReference@63c4d16
25-04-01 16:31:10.545 [main] DEBUG org.hibernate.type.BasicTypeRegistry - Adding type registration java.lang.Character -> org.hibernate.type.BasicTypeReference@63c4d16
25-04-01 16:31:10.545 [main] DEBUG org.hibernate.type.BasicTypeRegistry - Adding type registration character_nchar -> org.hibernate.type.BasicTypeReference@29bd2796
25-04-01 16:31:10.546 [main] DEBUG org.hibernate.type.BasicTypeRegistry - Adding type registration string -> org.hibernate.type.BasicTypeReference@174b8d0e
25-04-01 16:31:10.546 [main] DEBUG org.hibernate.type.BasicTypeRegistry - Adding type registration java.lang.String -> org.hibernate.type.BasicTypeReference@174b8d0e
25-04-01 16:31:10.546 [main] DEBUG org.hibernate.type.BasicTypeRegistry - Adding type registration nstring -> org.hibernate.type.BasicTypeReference@112530c3
25-04-01 16:31:10.546 [main] DEBUG org.hibernate.type.BasicTypeRegistry - Adding type registration characters -> org.hibernate.type.BasicTypeReference@75959b0c
25-04-01 16:31:10.546 [main] DEBUG org.hibernate.type.BasicTypeRegistry - Adding type registration char[] -> org.hibernate.type.BasicTypeReference@75959b0c
25-04-01 16:31:10.546 [main] DEBUG org.hibernate.type.BasicTypeRegistry - Adding type registration [C -> org.hibernate.type.BasicTypeReference@75959b0c
25-04-01 16:31:10.546 [main] DEBUG org.hibernate.type.BasicTypeRegistry - Adding type registration wrapper-characters -> org.hibernate.type.BasicTypeReference@355493bf
25-04-01 16:31:10.546 [main] DEBUG org.hibernate.type.BasicTypeRegistry - Adding type registration text -> org.hibernate.type.BasicTypeReference@7ebc5be6
25-04-01 16:31:10.546 [main] DEBUG org.hibernate.type.BasicTypeRegistry - Adding type registration ntext -> org.hibernate.type.BasicTypeReference@4627dfda
25-04-01 16:31:10.546 [main] DEBUG org.hibernate.type.BasicTypeRegistry - Adding type registration clob -> org.hibernate.type.BasicTypeReference@1f3361e9
25-04-01 16:31:10.546 [main] DEBUG org.hibernate.type.BasicTypeRegistry - Adding type registration java.sql.Clob -> org.hibernate.type.BasicTypeReference@1f3361e9
25-04-01 16:31:10.546 [main] DEBUG org.hibernate.type.BasicTypeRegistry - Adding type registration nclob -> org.hibernate.type.BasicTypeReference@eebc0db
25-04-01 16:31:10.546 [main] DEBUG org.hibernate.type.BasicTypeRegistry - Adding type registration java.sql.NClob -> org.hibernate.type.BasicTypeReference@eebc0db
25-04-01 16:31:10.546 [main] DEBUG org.hibernate.type.BasicTypeRegistry - Adding type registration materialized_clob -> org.hibernate.type.BasicTypeReference@1214c98b
25-04-01 16:31:10.546 [main] DEBUG org.hibernate.type.BasicTypeRegistry - Adding type registration materialized_clob_char_array -> org.hibernate.type.BasicTypeReference@6ab50d1c
25-04-01 16:31:10.546 [main] DEBUG org.hibernate.type.BasicTypeRegistry - Adding type registration materialized_clob_character_array -> org.hibernate.type.BasicTypeReference@6e0d058a
25-04-01 16:31:10.546 [main] DEBUG org.hibernate.type.BasicTypeRegistry - Adding type registration materialized_nclob -> org.hibernate.type.BasicTypeReference@3eb0fd88
25-04-01 16:31:10.547 [main] DEBUG org.hibernate.type.BasicTypeRegistry - Adding type registration materialized_nclob_character_array -> org.hibernate.type.BasicTypeReference@adc3344
25-04-01 16:31:10.547 [main] DEBUG org.hibernate.type.BasicTypeRegistry - Adding type registration materialized_nclob_char_array -> org.hibernate.type.BasicTypeReference@484302ee
25-04-01 16:31:10.547 [main] DEBUG org.hibernate.type.BasicTypeRegistry - Adding type registration Duration -> org.hibernate.type.BasicTypeReference@4e647f39
25-04-01 16:31:10.547 [main] DEBUG org.hibernate.type.BasicTypeRegistry - Adding type registration java.time.Duration -> org.hibernate.type.BasicTypeReference@4e647f39
25-04-01 16:31:10.547 [main] DEBUG org.hibernate.type.BasicTypeRegistry - Adding type registration LocalDateTime -> org.hibernate.type.BasicTypeReference@778197c0
25-04-01 16:31:10.547 [main] DEBUG org.hibernate.type.BasicTypeRegistry - Adding type registration java.time.LocalDateTime -> org.hibernate.type.BasicTypeReference@778197c0
25-04-01 16:31:10.547 [main] DEBUG org.hibernate.type.BasicTypeRegistry - Adding type registration LocalDate -> org.hibernate.type.BasicTypeReference@1c2cdc67
25-04-01 16:31:10.547 [main] DEBUG org.hibernate.type.BasicTypeRegistry - Adding type registration java.time.LocalDate -> org.hibernate.type.BasicTypeReference@1c2cdc67
25-04-01 16:31:10.547 [main] DEBUG org.hibernate.type.BasicTypeRegistry - Adding type registration LocalTime -> org.hibernate.type.BasicTypeReference@4c28f97e
25-04-01 16:31:10.547 [main] DEBUG org.hibernate.type.BasicTypeRegistry - Adding type registration java.time.LocalTime -> org.hibernate.type.BasicTypeReference@4c28f97e
25-04-01 16:31:10.547 [main] DEBUG org.hibernate.type.BasicTypeRegistry - Adding type registration OffsetDateTime -> org.hibernate.type.BasicTypeReference@21d8da75
25-04-01 16:31:10.547 [main] DEBUG org.hibernate.type.BasicTypeRegistry - Adding type registration java.time.OffsetDateTime -> org.hibernate.type.BasicTypeReference@21d8da75
25-04-01 16:31:10.547 [main] DEBUG org.hibernate.type.BasicTypeRegistry - Adding type registration OffsetDateTimeWithTimezone -> org.hibernate.type.BasicTypeReference@5a1c7619
25-04-01 16:31:10.547 [main] DEBUG org.hibernate.type.BasicTypeRegistry - Adding type registration OffsetDateTimeWithoutTimezone -> org.hibernate.type.BasicTypeReference@20a946d9
25-04-01 16:31:10.547 [main] DEBUG org.hibernate.type.BasicTypeRegistry - Adding type registration OffsetTime -> org.hibernate.type.BasicTypeReference@2b41b8bb
25-04-01 16:31:10.547 [main] DEBUG org.hibernate.type.BasicTypeRegistry - Adding type registration java.time.OffsetTime -> org.hibernate.type.BasicTypeReference@2b41b8bb
25-04-01 16:31:10.547 [main] DEBUG org.hibernate.type.BasicTypeRegistry - Adding type registration OffsetTimeUtc -> org.hibernate.type.BasicTypeReference@4cadd4d4
25-04-01 16:31:10.547 [main] DEBUG org.hibernate.type.BasicTypeRegistry - Adding type registration OffsetTimeWithTimezone -> org.hibernate.type.BasicTypeReference@7538cfe6
25-04-01 16:31:10.547 [main] DEBUG org.hibernate.type.BasicTypeRegistry - Adding type registration OffsetTimeWithoutTimezone -> org.hibernate.type.BasicTypeReference@1f4dd016
25-04-01 16:31:10.547 [main] DEBUG org.hibernate.type.BasicTypeRegistry - Adding type registration ZonedDateTime -> org.hibernate.type.BasicTypeReference@396f2724
25-04-01 16:31:10.547 [main] DEBUG org.hibernate.type.BasicTypeRegistry - Adding type registration java.time.ZonedDateTime -> org.hibernate.type.BasicTypeReference@396f2724
25-04-01 16:31:10.547 [main] DEBUG org.hibernate.type.BasicTypeRegistry - Adding type registration ZonedDateTimeWithTimezone -> org.hibernate.type.BasicTypeReference@1b465fa9
25-04-01 16:31:10.548 [main] DEBUG org.hibernate.type.BasicTypeRegistry - Adding type registration ZonedDateTimeWithoutTimezone -> org.hibernate.type.BasicTypeReference@28b2e4d8
25-04-01 16:31:10.548 [main] DEBUG org.hibernate.type.BasicTypeRegistry - Adding type registration date -> org.hibernate.type.BasicTypeReference@598e5cb8
25-04-01 16:31:10.548 [main] DEBUG org.hibernate.type.BasicTypeRegistry - Adding type registration java.sql.Date -> org.hibernate.type.BasicTypeReference@598e5cb8
25-04-01 16:31:10.548 [main] DEBUG org.hibernate.type.BasicTypeRegistry - Adding type registration time -> org.hibernate.type.BasicTypeReference@199806aa
25-04-01 16:31:10.548 [main] DEBUG org.hibernate.type.BasicTypeRegistry - Adding type registration java.sql.Time -> org.hibernate.type.BasicTypeReference@199806aa
25-04-01 16:31:10.548 [main] DEBUG org.hibernate.type.BasicTypeRegistry - Adding type registration timestamp -> org.hibernate.type.BasicTypeReference@300aa927
25-04-01 16:31:10.548 [main] DEBUG org.hibernate.type.BasicTypeRegistry - Adding type registration java.sql.Timestamp -> org.hibernate.type.BasicTypeReference@300aa927
25-04-01 16:31:10.548 [main] DEBUG org.hibernate.type.BasicTypeRegistry - Adding type registration java.util.Date -> org.hibernate.type.BasicTypeReference@300aa927
25-04-01 16:31:10.548 [main] DEBUG org.hibernate.type.BasicTypeRegistry - Adding type registration calendar -> org.hibernate.type.BasicTypeReference@fa11fda
25-04-01 16:31:10.548 [main] DEBUG org.hibernate.type.BasicTypeRegistry - Adding type registration java.util.Calendar -> org.hibernate.type.BasicTypeReference@fa11fda
25-04-01 16:31:10.548 [main] DEBUG org.hibernate.type.BasicTypeRegistry - Adding type registration java.util.GregorianCalendar -> org.hibernate.type.BasicTypeReference@fa11fda
25-04-01 16:31:10.548 [main] DEBUG org.hibernate.type.BasicTypeRegistry - Adding type registration calendar_date -> org.hibernate.type.BasicTypeReference@24e1e90a
25-04-01 16:31:10.548 [main] DEBUG org.hibernate.type.BasicTypeRegistry - Adding type registration calendar_time -> org.hibernate.type.BasicTypeReference@7d95166a
25-04-01 16:31:10.548 [main] DEBUG org.hibernate.type.BasicTypeRegistry - Adding type registration instant -> org.hibernate.type.BasicTypeReference@18b3db6e
25-04-01 16:31:10.548 [main] DEBUG org.hibernate.type.BasicTypeRegistry - Adding type registration java.time.Instant -> org.hibernate.type.BasicTypeReference@18b3db6e
25-04-01 16:31:10.548 [main] DEBUG org.hibernate.type.BasicTypeRegistry - Adding type registration uuid -> org.hibernate.type.BasicTypeReference@1feb586d
25-04-01 16:31:10.549 [main] DEBUG org.hibernate.type.BasicTypeRegistry - Adding type registration java.util.UUID -> org.hibernate.type.BasicTypeReference@1feb586d
25-04-01 16:31:10.549 [main] DEBUG org.hibernate.type.BasicTypeRegistry - Adding type registration pg-uuid -> org.hibernate.type.BasicTypeReference@1feb586d
25-04-01 16:31:10.549 [main] DEBUG org.hibernate.type.BasicTypeRegistry - Adding type registration uuid-binary -> org.hibernate.type.BasicTypeReference@34695b23
25-04-01 16:31:10.549 [main] DEBUG org.hibernate.type.BasicTypeRegistry - Adding type registration uuid-char -> org.hibernate.type.BasicTypeReference@611a2d82
25-04-01 16:31:10.549 [main] DEBUG org.hibernate.type.BasicTypeRegistry - Adding type registration class -> org.hibernate.type.BasicTypeReference@6774f264
25-04-01 16:31:10.549 [main] DEBUG org.hibernate.type.BasicTypeRegistry - Adding type registration java.lang.Class -> org.hibernate.type.BasicTypeReference@6774f264
25-04-01 16:31:10.549 [main] DEBUG org.hibernate.type.BasicTypeRegistry - Adding type registration currency -> org.hibernate.type.BasicTypeReference@2299f6d7
25-04-01 16:31:10.549 [main] DEBUG org.hibernate.type.BasicTypeRegistry - Adding type registration Currency -> org.hibernate.type.BasicTypeReference@2299f6d7
25-04-01 16:31:10.549 [main] DEBUG org.hibernate.type.BasicTypeRegistry - Adding type registration java.util.Currency -> org.hibernate.type.BasicTypeReference@2299f6d7
25-04-01 16:31:10.549 [main] DEBUG org.hibernate.type.BasicTypeRegistry - Adding type registration locale -> org.hibernate.type.BasicTypeReference@5cd701e4
25-04-01 16:31:10.549 [main] DEBUG org.hibernate.type.BasicTypeRegistry - Adding type registration java.util.Locale -> org.hibernate.type.BasicTypeReference@5cd701e4
25-04-01 16:31:10.549 [main] DEBUG org.hibernate.type.BasicTypeRegistry - Adding type registration serializable -> org.hibernate.type.BasicTypeReference@6c9151c1
25-04-01 16:31:10.549 [main] DEBUG org.hibernate.type.BasicTypeRegistry - Adding type registration java.io.Serializable -> org.hibernate.type.BasicTypeReference@6c9151c1
25-04-01 16:31:10.549 [main] DEBUG org.hibernate.type.BasicTypeRegistry - Adding type registration timezone -> org.hibernate.type.BasicTypeReference@2c3679e5
25-04-01 16:31:10.549 [main] DEBUG org.hibernate.type.BasicTypeRegistry - Adding type registration java.util.TimeZone -> org.hibernate.type.BasicTypeReference@2c3679e5
25-04-01 16:31:10.549 [main] DEBUG org.hibernate.type.BasicTypeRegistry - Adding type registration ZoneOffset -> org.hibernate.type.BasicTypeReference@41f40dfa
25-04-01 16:31:10.550 [main] DEBUG org.hibernate.type.BasicTypeRegistry - Adding type registration java.time.ZoneOffset -> org.hibernate.type.BasicTypeReference@41f40dfa
25-04-01 16:31:10.550 [main] DEBUG org.hibernate.type.BasicTypeRegistry - Adding type registration url -> org.hibernate.type.BasicTypeReference@2548fc01
25-04-01 16:31:10.550 [main] DEBUG org.hibernate.type.BasicTypeRegistry - Adding type registration java.net.URL -> org.hibernate.type.BasicTypeReference@2548fc01
25-04-01 16:31:10.550 [main] DEBUG org.hibernate.type.BasicTypeRegistry - Adding type registration vector -> org.hibernate.type.BasicTypeReference@4331be30
25-04-01 16:31:10.550 [main] DEBUG org.hibernate.type.BasicTypeRegistry - Adding type registration float_vector -> org.hibernate.type.BasicTypeReference@5cd71ee2
25-04-01 16:31:10.550 [main] DEBUG org.hibernate.type.BasicTypeRegistry - Adding type registration double_vector -> org.hibernate.type.BasicTypeReference@3dad535f
25-04-01 16:31:10.550 [main] DEBUG org.hibernate.type.BasicTypeRegistry - Adding type registration byte_vector -> org.hibernate.type.BasicTypeReference@5f67181f
25-04-01 16:31:10.550 [main] DEBUG org.hibernate.type.BasicTypeRegistry - Adding type registration row_version -> org.hibernate.type.BasicTypeReference@1169fdfd
25-04-01 16:31:10.557 [main] DEBUG org.hibernate.type.BasicTypeRegistry - Adding type registration object -> org.hibernate.type.JavaObjectType@6a552721
25-04-01 16:31:10.557 [main] DEBUG org.hibernate.type.BasicTypeRegistry - Adding type registration java.lang.Object -> org.hibernate.type.JavaObjectType@6a552721
25-04-01 16:31:10.559 [main] DEBUG org.hibernate.type.BasicTypeRegistry - Adding type registration null -> org.hibernate.type.NullType@6487f7f8
25-04-01 16:31:10.559 [main] DEBUG org.hibernate.type.BasicTypeRegistry - Adding type registration imm_date -> org.hibernate.type.BasicTypeReference@2b62475a
25-04-01 16:31:10.559 [main] DEBUG org.hibernate.type.BasicTypeRegistry - Adding type registration imm_time -> org.hibernate.type.BasicTypeReference@4990b335
25-04-01 16:31:10.559 [main] DEBUG org.hibernate.type.BasicTypeRegistry - Adding type registration imm_timestamp -> org.hibernate.type.BasicTypeReference@624d778e
25-04-01 16:31:10.559 [main] DEBUG org.hibernate.type.BasicTypeRegistry - Adding type registration imm_calendar -> org.hibernate.type.BasicTypeReference@39ae6408
25-04-01 16:31:10.562 [main] DEBUG org.hibernate.type.BasicTypeRegistry - Adding type registration imm_calendar_date -> org.hibernate.type.BasicTypeReference@cfacf0
25-04-01 16:31:10.562 [main] DEBUG org.hibernate.type.BasicTypeRegistry - Adding type registration imm_calendar_time -> org.hibernate.type.BasicTypeReference@4c8abec7
25-04-01 16:31:10.562 [main] DEBUG org.hibernate.type.BasicTypeRegistry - Adding type registration imm_binary -> org.hibernate.type.BasicTypeReference@45f241df
25-04-01 16:31:10.562 [main] DEBUG org.hibernate.type.BasicTypeRegistry - Adding type registration imm_serializable -> org.hibernate.type.BasicTypeReference@f36f34d
25-04-01 16:31:10.915 [main] INFO  org.springframework.orm.jpa.persistenceunit.SpringPersistenceUnitInfo - No LoadTimeWeaver setup: ignoring JPA class transformer
25-04-01 16:31:11.024 [main] WARN  org.hibernate.orm.deprecation        - HHH90000025: PostgreSQLDialect does not need to be specified explicitly using 'hibernate.dialect' (remove the property setting and it will be selected by default)
25-04-01 16:31:11.047 [main] INFO  org.hibernate.orm.connections.pooling - HHH10001005: Database info:
	Database JDBC URL [Connecting through datasource 'HikariDataSource (HikariPool-1)']
	Database driver: undefined/unknown
	Database version: 17.4
	Autocommit mode: undefined/unknown
	Isolation level: undefined/unknown
	Minimum pool size: undefined/unknown
	Maximum pool size: undefined/unknown
25-04-01 16:31:11.056 [main] DEBUG org.hibernate.type.descriptor.sql.spi.DdlTypeRegistry - addDescriptor(2003, org.hibernate.type.descriptor.sql.internal.ArrayDdlTypeImpl@1f6d7e7c) replaced previous registration(org.hibernate.type.descriptor.sql.internal.ArrayDdlTypeImpl@20518250)
25-04-01 16:31:11.056 [main] DEBUG org.hibernate.type.descriptor.sql.spi.DdlTypeRegistry - addDescriptor(6, org.hibernate.type.descriptor.sql.internal.CapacityDependentDdlType@7836c79) replaced previous registration(org.hibernate.type.descriptor.sql.internal.DdlTypeImpl@5ccc971e)
25-04-01 16:31:11.060 [main] DEBUG org.hibernate.type.descriptor.jdbc.spi.JdbcTypeRegistry - addDescriptor(2004, BlobTypeDescriptor(BLOB_BINDING)) replaced previous registration(BlobTypeDescriptor(DEFAULT))
25-04-01 16:31:11.060 [main] DEBUG org.hibernate.type.descriptor.jdbc.spi.JdbcTypeRegistry - addDescriptor(2005, ClobTypeDescriptor(CLOB_BINDING)) replaced previous registration(ClobTypeDescriptor(DEFAULT))
25-04-01 16:31:11.070 [main] DEBUG org.hibernate.type.BasicTypeRegistry - Adding type registration JAVA_OBJECT -> org.hibernate.type.JavaObjectType@6fbcc078
25-04-01 16:31:11.070 [main] DEBUG org.hibernate.type.BasicTypeRegistry - Adding type registration java.lang.Object -> org.hibernate.type.JavaObjectType@6fbcc078
25-04-01 16:31:11.070 [main] DEBUG org.hibernate.type.BasicTypeRegistry - Type registration key [java.lang.Object] overrode previous entry : `org.hibernate.type.JavaObjectType@6a552721`
25-04-01 16:31:11.076 [main] DEBUG org.hibernate.type.BasicTypeRegistry - Adding type registration org.hibernate.type.DurationType -> basicType@1(java.time.Duration,3015)
25-04-01 16:31:11.077 [main] DEBUG org.hibernate.type.BasicTypeRegistry - Adding type registration Duration -> basicType@1(java.time.Duration,3015)
25-04-01 16:31:11.077 [main] DEBUG org.hibernate.type.BasicTypeRegistry - Adding type registration java.time.Duration -> basicType@1(java.time.Duration,3015)
25-04-01 16:31:11.081 [main] DEBUG org.hibernate.type.BasicTypeRegistry - Adding type registration org.hibernate.type.OffsetDateTimeType -> basicType@2(java.time.OffsetDateTime,3003)
25-04-01 16:31:11.081 [main] DEBUG org.hibernate.type.BasicTypeRegistry - Adding type registration OffsetDateTime -> basicType@2(java.time.OffsetDateTime,3003)
25-04-01 16:31:11.081 [main] DEBUG org.hibernate.type.BasicTypeRegistry - Adding type registration java.time.OffsetDateTime -> basicType@2(java.time.OffsetDateTime,3003)
25-04-01 16:31:11.081 [main] DEBUG org.hibernate.type.BasicTypeRegistry - Adding type registration org.hibernate.type.ZonedDateTimeType -> basicType@3(java.time.ZonedDateTime,3003)
25-04-01 16:31:11.081 [main] DEBUG org.hibernate.type.BasicTypeRegistry - Adding type registration ZonedDateTime -> basicType@3(java.time.ZonedDateTime,3003)
25-04-01 16:31:11.081 [main] DEBUG org.hibernate.type.BasicTypeRegistry - Adding type registration java.time.ZonedDateTime -> basicType@3(java.time.ZonedDateTime,3003)
25-04-01 16:31:11.082 [main] DEBUG org.hibernate.type.BasicTypeRegistry - Adding type registration org.hibernate.type.OffsetTimeType -> basicType@4(java.time.OffsetTime,3007)
25-04-01 16:31:11.082 [main] DEBUG org.hibernate.type.BasicTypeRegistry - Adding type registration OffsetTime -> basicType@4(java.time.OffsetTime,3007)
25-04-01 16:31:11.082 [main] DEBUG org.hibernate.type.BasicTypeRegistry - Adding type registration java.time.OffsetTime -> basicType@4(java.time.OffsetTime,3007)
25-04-01 16:31:11.084 [main] DEBUG org.hibernate.type.spi.TypeConfiguration$Scope - Scoping TypeConfiguration [org.hibernate.type.spi.TypeConfiguration@6e23ba17] to MetadataBuildingContext [org.hibernate.boot.internal.MetadataBuildingContextRootImpl@47e725af]
25-04-01 16:31:12.580 [main] INFO  org.hibernate.engine.transaction.jta.platform.internal.JtaPlatformInitiator - HHH000489: No JTA platform available (set 'hibernate.transaction.jta.platform' to enable JTA platform integration)
25-04-01 16:31:12.581 [main] DEBUG org.hibernate.type.spi.TypeConfiguration$Scope - Scoping TypeConfiguration [org.hibernate.type.spi.TypeConfiguration@6e23ba17] to SessionFactoryImplementor [org.hibernate.internal.SessionFactoryImpl@6b23897a]
25-04-01 16:31:12.754 [main] TRACE org.hibernate.type.spi.TypeConfiguration$Scope - Handling #sessionFactoryCreated from [org.hibernate.internal.SessionFactoryImpl@6b23897a] for TypeConfiguration
25-04-01 16:31:12.754 [main] INFO  org.springframework.orm.jpa.LocalContainerEntityManagerFactoryBean - Initialized JPA EntityManagerFactory for persistence unit 'default'
25-04-01 16:31:13.095 [main] INFO  org.springframework.data.jpa.repository.query.QueryEnhancerFactory - Hibernate is in classpath; If applicable, HQL parser will be used.
25-04-01 16:31:14.057 [main] WARN  org.springframework.boot.autoconfigure.orm.jpa.JpaBaseConfiguration$JpaWebConfiguration - spring.jpa.open-in-view is enabled by default. Therefore, database queries may be performed during view rendering. Explicitly configure spring.jpa.open-in-view to disable this warning
25-04-01 16:31:14.105 [main] INFO  org.springframework.boot.autoconfigure.web.servlet.WelcomePageHandlerMapping - Adding welcome page: class path resource [static/index.html]
25-04-01 16:31:15.149 [main] INFO  org.springframework.boot.actuate.endpoint.web.EndpointLinksResolver - Exposing 4 endpoints beneath base path '/actuator'
25-04-01 16:31:15.223 [main] INFO  org.apache.coyote.http11.Http11NioProtocol - Starting ProtocolHandler ["http-nio-8080"]
25-04-01 16:31:15.250 [main] INFO  org.springframework.boot.web.embedded.tomcat.TomcatWebServer - Tomcat started on port 8080 (http) with context path '/'
25-04-01 16:31:15.267 [main] INFO  com.sprint.mission.discodeit.DiscodeitApplication - Started DiscodeitApplication in 9.526 seconds (process running for 10.241)
25-04-01 16:31:15.866 [RMI TCP Connection(1)-192.168.124.100] INFO  org.apache.catalina.core.ContainerBase.[Tomcat].[localhost].[/] - Initializing Spring DispatcherServlet 'dispatcherServlet'
25-04-01 16:31:15.866 [RMI TCP Connection(1)-192.168.124.100] INFO  org.springframework.web.servlet.DispatcherServlet - Initializing Servlet 'dispatcherServlet'
25-04-01 16:31:15.868 [RMI TCP Connection(1)-192.168.124.100] INFO  org.springframework.web.servlet.DispatcherServlet - Completed initialization in 2 ms
25-04-01 16:36:32.974 [http-nio-8080-exec-7] WARN  com.sprint.mission.discodeit.exception.GlobalExceptionHandler - 유효성 검사 실패 [/api/users]: {password=비밀번호는 6자 이상이어야 합니다.}
25-04-01 16:36:34.713 [http-nio-8080-exec-8] WARN  com.sprint.mission.discodeit.exception.GlobalExceptionHandler - 유효성 검사 실패 [/api/users]: {password=비밀번호는 6자 이상이어야 합니다.}
25-04-01 16:36:36.794 [http-nio-8080-exec-9] INFO  com.sprint.mission.discodeit.controller.UserController - 사용자 생성 요청: username=aaaa, email=aaaa@aaaa.com
25-04-01 16:36:36.802 [http-nio-8080-exec-9] INFO  com.sprint.mission.discodeit.service.basic.BasicUserService - 사용자 생성 요청: username=aaaa, email=aaaa@aaaa.com
25-04-01 16:36:36.884 [http-nio-8080-exec-9] DEBUG org.hibernate.SQL                    - 
    select
        u1_0.id 
    from
        users u1_0 
    where
        u1_0.email=? 
    fetch
        first ? rows only
25-04-01 16:36:36.909 [http-nio-8080-exec-9] DEBUG org.hibernate.SQL                    - 
    select
        u1_0.id 
    from
        users u1_0 
    where
        u1_0.username=? 
    fetch
        first ? rows only
25-04-01 16:36:36.978 [http-nio-8080-exec-9] DEBUG org.hibernate.SQL                    - 
    insert 
    into
        users
        (created_at, email, password, profile_id, updated_at, username, id) 
    values
        (?, ?, ?, ?, ?, ?, ?)
25-04-01 16:36:37.025 [http-nio-8080-exec-9] DEBUG org.hibernate.SQL                    - 
    insert 
    into
        user_statuses
        (created_at, last_active_at, updated_at, user_id, id) 
    values
        (?, ?, ?, ?, ?)
25-04-01 16:36:37.070 [http-nio-8080-exec-1] DEBUG org.hibernate.SQL                    - 
    select
        u1_0.id,
        u1_0.created_at,
        u1_0.email,
        u1_0.password,
        p1_0.id,
        p1_0.content_type,
        p1_0.created_at,
        p1_0.file_name,
        p1_0.size,
        s1_0.id,
        s1_0.created_at,
        s1_0.last_active_at,
        s1_0.updated_at,
        s1_0.user_id,
        u1_0.updated_at,
        u1_0.username 
    from
        users u1_0 
    left join
        binary_contents p1_0 
            on p1_0.id=u1_0.profile_id 
    join
        user_statuses s1_0 
            on u1_0.id=s1_0.user_id
25-04-01 16:36:37.072 [http-nio-8080-exec-10] DEBUG org.hibernate.SQL                    - 
    select
        us1_0.id,
        us1_0.created_at,
        us1_0.last_active_at,
        us1_0.updated_at,
        us1_0.user_id 
    from
        user_statuses us1_0 
    where
        us1_0.user_id=?
25-04-01 16:36:37.095 [http-nio-8080-exec-10] DEBUG org.hibernate.SQL                    - 
    update
        user_statuses 
    set
        last_active_at=?,
        updated_at=?,
        user_id=? 
    where
        id=?
25-04-01 16:36:37.099 [http-nio-8080-exec-4] DEBUG org.hibernate.SQL                    - 
    select
        u1_0.id,
        u1_0.created_at,
        u1_0.email,
        u1_0.password,
        p1_0.id,
        p1_0.content_type,
        p1_0.created_at,
        p1_0.file_name,
        p1_0.size,
        s1_0.id,
        s1_0.created_at,
        s1_0.last_active_at,
        s1_0.updated_at,
        s1_0.user_id,
        u1_0.updated_at,
        u1_0.username 
    from
        users u1_0 
    left join
        binary_contents p1_0 
            on p1_0.id=u1_0.profile_id 
    join
        user_statuses s1_0 
            on u1_0.id=s1_0.user_id
25-04-01 16:36:37.100 [http-nio-8080-exec-3] DEBUG org.hibernate.SQL                    - 
    select
        rs1_0.id,
        rs1_0.channel_id,
        rs1_0.created_at,
        rs1_0.last_read_at,
        rs1_0.updated_at,
        rs1_0.user_id 
    from
        read_statuses rs1_0 
    where
        rs1_0.user_id=?
25-04-01 16:36:37.101 [http-nio-8080-exec-2] DEBUG org.hibernate.SQL                    - 
    select
        rs1_0.id,
        rs1_0.channel_id,
        rs1_0.created_at,
        rs1_0.last_read_at,
        rs1_0.updated_at,
        rs1_0.user_id 
    from
        read_statuses rs1_0 
    where
        rs1_0.user_id=?
25-04-01 16:36:37.171 [http-nio-8080-exec-5] DEBUG org.hibernate.SQL                    - 
    select
        rs1_0.id,
        rs1_0.channel_id,
        rs1_0.created_at,
        rs1_0.last_read_at,
        rs1_0.updated_at,
        rs1_0.user_id 
    from
        read_statuses rs1_0 
    where
        rs1_0.user_id=?
25-04-01 16:36:37.172 [http-nio-8080-exec-3] DEBUG org.hibernate.SQL                    - 
    select
        c1_0.id,
        c1_0.created_at,
        c1_0.description,
        c1_0.name,
        c1_0.type,
        c1_0.updated_at 
    from
        channels c1_0 
    where
        c1_0.type=? 
        or c1_0.id in (?)
25-04-01 16:36:37.179 [http-nio-8080-exec-6] DEBUG org.hibernate.SQL                    - 
    select
        rs1_0.id,
        rs1_0.channel_id,
        rs1_0.created_at,
        rs1_0.last_read_at,
        rs1_0.updated_at,
        rs1_0.user_id 
    from
        read_statuses rs1_0 
    where
        rs1_0.user_id=?
25-04-01 16:36:37.181 [http-nio-8080-exec-6] DEBUG org.hibernate.SQL                    - 
    select
        c1_0.id,
        c1_0.created_at,
        c1_0.description,
        c1_0.name,
        c1_0.type,
        c1_0.updated_at 
    from
        channels c1_0 
    where
        c1_0.type=? 
        or c1_0.id in (?)
25-04-01 16:36:40.122 [http-nio-8080-exec-7] DEBUG org.hibernate.SQL                    - 
    select
        rs1_0.id,
        rs1_0.channel_id,
        rs1_0.created_at,
        rs1_0.last_read_at,
        rs1_0.updated_at,
        rs1_0.user_id 
    from
        read_statuses rs1_0 
    where
        rs1_0.user_id=?
25-04-01 16:36:40.123 [http-nio-8080-exec-7] DEBUG org.hibernate.SQL                    - 
    select
        c1_0.id,
        c1_0.created_at,
        c1_0.description,
        c1_0.name,
        c1_0.type,
        c1_0.updated_at 
    from
        channels c1_0 
    where
        c1_0.type=? 
        or c1_0.id in (?)
25-04-01 16:36:43.122 [http-nio-8080-exec-8] DEBUG org.hibernate.SQL                    - 
    select
        rs1_0.id,
        rs1_0.channel_id,
        rs1_0.created_at,
        rs1_0.last_read_at,
        rs1_0.updated_at,
        rs1_0.user_id 
    from
        read_statuses rs1_0 
    where
        rs1_0.user_id=?
25-04-01 16:36:43.124 [http-nio-8080-exec-8] DEBUG org.hibernate.SQL                    - 
    select
        c1_0.id,
        c1_0.created_at,
        c1_0.description,
        c1_0.name,
        c1_0.type,
        c1_0.updated_at 
    from
        channels c1_0 
    where
        c1_0.type=? 
        or c1_0.id in (?)
25-04-01 16:38:16.827 [SpringApplicationShutdownHook] INFO  org.springframework.boot.web.embedded.tomcat.GracefulShutdown - Commencing graceful shutdown. Waiting for active requests to complete
25-04-01 16:38:17.014 [tomcat-shutdown] INFO  org.springframework.boot.web.embedded.tomcat.GracefulShutdown - Graceful shutdown complete
25-04-01 16:38:17.019 [SpringApplicationShutdownHook] INFO  org.springframework.orm.jpa.LocalContainerEntityManagerFactoryBean - Closing JPA EntityManagerFactory for persistence unit 'default'
25-04-01 16:38:17.019 [SpringApplicationShutdownHook] TRACE org.hibernate.type.spi.TypeConfiguration$Scope - Handling #sessionFactoryClosed from [org.hibernate.internal.SessionFactoryImpl@6b23897a] for TypeConfiguration
25-04-01 16:38:17.019 [SpringApplicationShutdownHook] DEBUG org.hibernate.type.spi.TypeConfiguration$Scope - Un-scoping TypeConfiguration [org.hibernate.type.spi.TypeConfiguration$Scope@16db1e33] from SessionFactory [org.hibernate.internal.SessionFactoryImpl@6b23897a]
25-04-01 16:38:17.020 [SpringApplicationShutdownHook] INFO  com.zaxxer.hikari.HikariDataSource   - HikariPool-1 - Shutdown initiated...
25-04-01 16:38:17.025 [SpringApplicationShutdownHook] INFO  com.zaxxer.hikari.HikariDataSource   - HikariPool-1 - Shutdown completed.
25-04-01 16:38:21.174 [background-preinit] INFO  org.hibernate.validator.internal.util.Version - HV000001: Hibernate Validator 8.0.1.Final
25-04-01 16:38:21.238 [main] INFO  com.sprint.mission.discodeit.DiscodeitApplication - Starting DiscodeitApplication using Java 17.0.13 with PID 34448 (C:\Users\min\IdeaProjects\sprint-mission\1-sprint-mission\build\classes\java\main started by min in C:\Users\min\IdeaProjects\sprint-mission\1-sprint-mission)
25-04-01 16:38:21.239 [main] INFO  com.sprint.mission.discodeit.DiscodeitApplication - The following 1 profile is active: "dev"
25-04-01 16:38:22.614 [main] INFO  org.springframework.data.repository.config.RepositoryConfigurationDelegate - Bootstrapping Spring Data JPA repositories in DEFAULT mode.
25-04-01 16:38:22.735 [main] INFO  org.springframework.data.repository.config.RepositoryConfigurationDelegate - Finished Spring Data repository scanning in 112 ms. Found 6 JPA repository interfaces.
25-04-01 16:38:23.617 [main] INFO  org.springframework.boot.web.embedded.tomcat.TomcatWebServer - Tomcat initialized with port 8080 (http)
25-04-01 16:38:23.632 [main] INFO  org.apache.coyote.http11.Http11NioProtocol - Initializing ProtocolHandler ["http-nio-8080"]
25-04-01 16:38:23.634 [main] INFO  org.apache.catalina.core.StandardService - Starting service [Tomcat]
25-04-01 16:38:23.635 [main] INFO  org.apache.catalina.core.StandardEngine - Starting Servlet engine: [Apache Tomcat/10.1.33]
25-04-01 16:38:23.745 [main] INFO  org.apache.catalina.core.ContainerBase.[Tomcat].[localhost].[/] - Initializing Spring embedded WebApplicationContext
25-04-01 16:38:23.745 [main] INFO  org.springframework.boot.web.servlet.context.ServletWebServerApplicationContext - Root WebApplicationContext: initialization completed in 2460 ms
25-04-01 16:38:23.998 [main] INFO  com.zaxxer.hikari.HikariDataSource   - HikariPool-1 - Starting...
25-04-01 16:38:24.249 [main] INFO  com.zaxxer.hikari.pool.HikariPool    - HikariPool-1 - Added connection org.postgresql.jdbc.PgConnection@18bb1b88
25-04-01 16:38:24.251 [main] INFO  com.zaxxer.hikari.HikariDataSource   - HikariPool-1 - Start completed.
25-04-01 16:38:24.369 [main] INFO  org.hibernate.jpa.internal.util.LogHelper - HHH000204: Processing PersistenceUnitInfo [name: default]
25-04-01 16:38:24.456 [main] INFO  org.hibernate.Version                - HHH000412: Hibernate ORM core version 6.6.2.Final
25-04-01 16:38:24.508 [main] INFO  org.hibernate.cache.internal.RegionFactoryInitiator - HHH000026: Second-level cache disabled
25-04-01 16:38:24.619 [main] DEBUG org.hibernate.type.BasicTypeRegistry - Adding type registration boolean -> org.hibernate.type.BasicTypeReference@63c4d16
25-04-01 16:38:24.620 [main] DEBUG org.hibernate.type.BasicTypeRegistry - Adding type registration boolean -> org.hibernate.type.BasicTypeReference@63c4d16
25-04-01 16:38:24.620 [main] DEBUG org.hibernate.type.BasicTypeRegistry - Adding type registration java.lang.Boolean -> org.hibernate.type.BasicTypeReference@63c4d16
25-04-01 16:38:24.620 [main] DEBUG org.hibernate.type.BasicTypeRegistry - Adding type registration numeric_boolean -> org.hibernate.type.BasicTypeReference@29bd2796
25-04-01 16:38:24.620 [main] DEBUG org.hibernate.type.BasicTypeRegistry - Adding type registration org.hibernate.type.NumericBooleanConverter -> org.hibernate.type.BasicTypeReference@29bd2796
25-04-01 16:38:24.620 [main] DEBUG org.hibernate.type.BasicTypeRegistry - Adding type registration true_false -> org.hibernate.type.BasicTypeReference@174b8d0e
25-04-01 16:38:24.620 [main] DEBUG org.hibernate.type.BasicTypeRegistry - Adding type registration org.hibernate.type.TrueFalseConverter -> org.hibernate.type.BasicTypeReference@174b8d0e
25-04-01 16:38:24.620 [main] DEBUG org.hibernate.type.BasicTypeRegistry - Adding type registration yes_no -> org.hibernate.type.BasicTypeReference@112530c3
25-04-01 16:38:24.620 [main] DEBUG org.hibernate.type.BasicTypeRegistry - Adding type registration org.hibernate.type.YesNoConverter -> org.hibernate.type.BasicTypeReference@112530c3
25-04-01 16:38:24.620 [main] DEBUG org.hibernate.type.BasicTypeRegistry - Adding type registration byte -> org.hibernate.type.BasicTypeReference@75959b0c
25-04-01 16:38:24.620 [main] DEBUG org.hibernate.type.BasicTypeRegistry - Adding type registration byte -> org.hibernate.type.BasicTypeReference@75959b0c
25-04-01 16:38:24.621 [main] DEBUG org.hibernate.type.BasicTypeRegistry - Adding type registration java.lang.Byte -> org.hibernate.type.BasicTypeReference@75959b0c
25-04-01 16:38:24.621 [main] DEBUG org.hibernate.type.BasicTypeRegistry - Adding type registration binary -> org.hibernate.type.BasicTypeReference@4627dfda
25-04-01 16:38:24.621 [main] DEBUG org.hibernate.type.BasicTypeRegistry - Adding type registration byte[] -> org.hibernate.type.BasicTypeReference@4627dfda
25-04-01 16:38:24.621 [main] DEBUG org.hibernate.type.BasicTypeRegistry - Adding type registration [B -> org.hibernate.type.BasicTypeReference@4627dfda
25-04-01 16:38:24.621 [main] DEBUG org.hibernate.type.BasicTypeRegistry - Adding type registration binary_wrapper -> org.hibernate.type.BasicTypeReference@1f3361e9
25-04-01 16:38:24.621 [main] DEBUG org.hibernate.type.BasicTypeRegistry - Adding type registration wrapper-binary -> org.hibernate.type.BasicTypeReference@1f3361e9
25-04-01 16:38:24.621 [main] DEBUG org.hibernate.type.BasicTypeRegistry - Adding type registration image -> org.hibernate.type.BasicTypeReference@eebc0db
25-04-01 16:38:24.621 [main] DEBUG org.hibernate.type.BasicTypeRegistry - Adding type registration blob -> org.hibernate.type.BasicTypeReference@1214c98b
25-04-01 16:38:24.621 [main] DEBUG org.hibernate.type.BasicTypeRegistry - Adding type registration java.sql.Blob -> org.hibernate.type.BasicTypeReference@1214c98b
25-04-01 16:38:24.621 [main] DEBUG org.hibernate.type.BasicTypeRegistry - Adding type registration materialized_blob -> org.hibernate.type.BasicTypeReference@6ab50d1c
25-04-01 16:38:24.621 [main] DEBUG org.hibernate.type.BasicTypeRegistry - Adding type registration materialized_blob_wrapper -> org.hibernate.type.BasicTypeReference@6e0d058a
25-04-01 16:38:24.621 [main] DEBUG org.hibernate.type.BasicTypeRegistry - Adding type registration short -> org.hibernate.type.BasicTypeReference@3eb0fd88
25-04-01 16:38:24.621 [main] DEBUG org.hibernate.type.BasicTypeRegistry - Adding type registration short -> org.hibernate.type.BasicTypeReference@3eb0fd88
25-04-01 16:38:24.621 [main] DEBUG org.hibernate.type.BasicTypeRegistry - Adding type registration java.lang.Short -> org.hibernate.type.BasicTypeReference@3eb0fd88
25-04-01 16:38:24.621 [main] DEBUG org.hibernate.type.BasicTypeRegistry - Adding type registration integer -> org.hibernate.type.BasicTypeReference@adc3344
25-04-01 16:38:24.622 [main] DEBUG org.hibernate.type.BasicTypeRegistry - Adding type registration int -> org.hibernate.type.BasicTypeReference@adc3344
25-04-01 16:38:24.622 [main] DEBUG org.hibernate.type.BasicTypeRegistry - Adding type registration java.lang.Integer -> org.hibernate.type.BasicTypeReference@adc3344
25-04-01 16:38:24.622 [main] DEBUG org.hibernate.type.BasicTypeRegistry - Adding type registration long -> org.hibernate.type.BasicTypeReference@484302ee
25-04-01 16:38:24.622 [main] DEBUG org.hibernate.type.BasicTypeRegistry - Adding type registration long -> org.hibernate.type.BasicTypeReference@484302ee
25-04-01 16:38:24.622 [main] DEBUG org.hibernate.type.BasicTypeRegistry - Adding type registration java.lang.Long -> org.hibernate.type.BasicTypeReference@484302ee
25-04-01 16:38:24.622 [main] DEBUG org.hibernate.type.BasicTypeRegistry - Adding type registration float -> org.hibernate.type.BasicTypeReference@4e647f39
25-04-01 16:38:24.622 [main] DEBUG org.hibernate.type.BasicTypeRegistry - Adding type registration float -> org.hibernate.type.BasicTypeReference@4e647f39
25-04-01 16:38:24.622 [main] DEBUG org.hibernate.type.BasicTypeRegistry - Adding type registration java.lang.Float -> org.hibernate.type.BasicTypeReference@4e647f39
25-04-01 16:38:24.622 [main] DEBUG org.hibernate.type.BasicTypeRegistry - Adding type registration double -> org.hibernate.type.BasicTypeReference@778197c0
25-04-01 16:38:24.622 [main] DEBUG org.hibernate.type.BasicTypeRegistry - Adding type registration double -> org.hibernate.type.BasicTypeReference@778197c0
25-04-01 16:38:24.622 [main] DEBUG org.hibernate.type.BasicTypeRegistry - Adding type registration java.lang.Double -> org.hibernate.type.BasicTypeReference@778197c0
25-04-01 16:38:24.622 [main] DEBUG org.hibernate.type.BasicTypeRegistry - Adding type registration big_integer -> org.hibernate.type.BasicTypeReference@1c2cdc67
25-04-01 16:38:24.622 [main] DEBUG org.hibernate.type.BasicTypeRegistry - Adding type registration java.math.BigInteger -> org.hibernate.type.BasicTypeReference@1c2cdc67
25-04-01 16:38:24.622 [main] DEBUG org.hibernate.type.BasicTypeRegistry - Adding type registration big_decimal -> org.hibernate.type.BasicTypeReference@4c28f97e
25-04-01 16:38:24.622 [main] DEBUG org.hibernate.type.BasicTypeRegistry - Adding type registration java.math.BigDecimal -> org.hibernate.type.BasicTypeReference@4c28f97e
25-04-01 16:38:24.622 [main] DEBUG org.hibernate.type.BasicTypeRegistry - Adding type registration character -> org.hibernate.type.BasicTypeReference@21d8da75
25-04-01 16:38:24.623 [main] DEBUG org.hibernate.type.BasicTypeRegistry - Adding type registration char -> org.hibernate.type.BasicTypeReference@21d8da75
25-04-01 16:38:24.623 [main] DEBUG org.hibernate.type.BasicTypeRegistry - Adding type registration java.lang.Character -> org.hibernate.type.BasicTypeReference@21d8da75
25-04-01 16:38:24.623 [main] DEBUG org.hibernate.type.BasicTypeRegistry - Adding type registration character_nchar -> org.hibernate.type.BasicTypeReference@5a1c7619
25-04-01 16:38:24.623 [main] DEBUG org.hibernate.type.BasicTypeRegistry - Adding type registration string -> org.hibernate.type.BasicTypeReference@20a946d9
25-04-01 16:38:24.623 [main] DEBUG org.hibernate.type.BasicTypeRegistry - Adding type registration java.lang.String -> org.hibernate.type.BasicTypeReference@20a946d9
25-04-01 16:38:24.623 [main] DEBUG org.hibernate.type.BasicTypeRegistry - Adding type registration nstring -> org.hibernate.type.BasicTypeReference@2b41b8bb
25-04-01 16:38:24.623 [main] DEBUG org.hibernate.type.BasicTypeRegistry - Adding type registration characters -> org.hibernate.type.BasicTypeReference@4cadd4d4
25-04-01 16:38:24.623 [main] DEBUG org.hibernate.type.BasicTypeRegistry - Adding type registration char[] -> org.hibernate.type.BasicTypeReference@4cadd4d4
25-04-01 16:38:24.623 [main] DEBUG org.hibernate.type.BasicTypeRegistry - Adding type registration [C -> org.hibernate.type.BasicTypeReference@4cadd4d4
25-04-01 16:38:24.623 [main] DEBUG org.hibernate.type.BasicTypeRegistry - Adding type registration wrapper-characters -> org.hibernate.type.BasicTypeReference@7538cfe6
25-04-01 16:38:24.623 [main] DEBUG org.hibernate.type.BasicTypeRegistry - Adding type registration text -> org.hibernate.type.BasicTypeReference@1f4dd016
25-04-01 16:38:24.623 [main] DEBUG org.hibernate.type.BasicTypeRegistry - Adding type registration ntext -> org.hibernate.type.BasicTypeReference@396f2724
25-04-01 16:38:24.623 [main] DEBUG org.hibernate.type.BasicTypeRegistry - Adding type registration clob -> org.hibernate.type.BasicTypeReference@1b465fa9
25-04-01 16:38:24.623 [main] DEBUG org.hibernate.type.BasicTypeRegistry - Adding type registration java.sql.Clob -> org.hibernate.type.BasicTypeReference@1b465fa9
25-04-01 16:38:24.623 [main] DEBUG org.hibernate.type.BasicTypeRegistry - Adding type registration nclob -> org.hibernate.type.BasicTypeReference@28b2e4d8
25-04-01 16:38:24.623 [main] DEBUG org.hibernate.type.BasicTypeRegistry - Adding type registration java.sql.NClob -> org.hibernate.type.BasicTypeReference@28b2e4d8
25-04-01 16:38:24.623 [main] DEBUG org.hibernate.type.BasicTypeRegistry - Adding type registration materialized_clob -> org.hibernate.type.BasicTypeReference@598e5cb8
25-04-01 16:38:24.624 [main] DEBUG org.hibernate.type.BasicTypeRegistry - Adding type registration materialized_clob_char_array -> org.hibernate.type.BasicTypeReference@199806aa
25-04-01 16:38:24.624 [main] DEBUG org.hibernate.type.BasicTypeRegistry - Adding type registration materialized_clob_character_array -> org.hibernate.type.BasicTypeReference@300aa927
25-04-01 16:38:24.624 [main] DEBUG org.hibernate.type.BasicTypeRegistry - Adding type registration materialized_nclob -> org.hibernate.type.BasicTypeReference@fa11fda
25-04-01 16:38:24.624 [main] DEBUG org.hibernate.type.BasicTypeRegistry - Adding type registration materialized_nclob_character_array -> org.hibernate.type.BasicTypeReference@24e1e90a
25-04-01 16:38:24.624 [main] DEBUG org.hibernate.type.BasicTypeRegistry - Adding type registration materialized_nclob_char_array -> org.hibernate.type.BasicTypeReference@7d95166a
25-04-01 16:38:24.624 [main] DEBUG org.hibernate.type.BasicTypeRegistry - Adding type registration Duration -> org.hibernate.type.BasicTypeReference@18b3db6e
25-04-01 16:38:24.624 [main] DEBUG org.hibernate.type.BasicTypeRegistry - Adding type registration java.time.Duration -> org.hibernate.type.BasicTypeReference@18b3db6e
25-04-01 16:38:24.624 [main] DEBUG org.hibernate.type.BasicTypeRegistry - Adding type registration LocalDateTime -> org.hibernate.type.BasicTypeReference@1feb586d
25-04-01 16:38:24.624 [main] DEBUG org.hibernate.type.BasicTypeRegistry - Adding type registration java.time.LocalDateTime -> org.hibernate.type.BasicTypeReference@1feb586d
25-04-01 16:38:24.624 [main] DEBUG org.hibernate.type.BasicTypeRegistry - Adding type registration LocalDate -> org.hibernate.type.BasicTypeReference@34695b23
25-04-01 16:38:24.624 [main] DEBUG org.hibernate.type.BasicTypeRegistry - Adding type registration java.time.LocalDate -> org.hibernate.type.BasicTypeReference@34695b23
25-04-01 16:38:24.624 [main] DEBUG org.hibernate.type.BasicTypeRegistry - Adding type registration LocalTime -> org.hibernate.type.BasicTypeReference@611a2d82
25-04-01 16:38:24.624 [main] DEBUG org.hibernate.type.BasicTypeRegistry - Adding type registration java.time.LocalTime -> org.hibernate.type.BasicTypeReference@611a2d82
25-04-01 16:38:24.624 [main] DEBUG org.hibernate.type.BasicTypeRegistry - Adding type registration OffsetDateTime -> org.hibernate.type.BasicTypeReference@6774f264
25-04-01 16:38:24.624 [main] DEBUG org.hibernate.type.BasicTypeRegistry - Adding type registration java.time.OffsetDateTime -> org.hibernate.type.BasicTypeReference@6774f264
25-04-01 16:38:24.624 [main] DEBUG org.hibernate.type.BasicTypeRegistry - Adding type registration OffsetDateTimeWithTimezone -> org.hibernate.type.BasicTypeReference@2299f6d7
25-04-01 16:38:24.624 [main] DEBUG org.hibernate.type.BasicTypeRegistry - Adding type registration OffsetDateTimeWithoutTimezone -> org.hibernate.type.BasicTypeReference@5cd701e4
25-04-01 16:38:24.624 [main] DEBUG org.hibernate.type.BasicTypeRegistry - Adding type registration OffsetTime -> org.hibernate.type.BasicTypeReference@6c9151c1
25-04-01 16:38:24.624 [main] DEBUG org.hibernate.type.BasicTypeRegistry - Adding type registration java.time.OffsetTime -> org.hibernate.type.BasicTypeReference@6c9151c1
25-04-01 16:38:24.624 [main] DEBUG org.hibernate.type.BasicTypeRegistry - Adding type registration OffsetTimeUtc -> org.hibernate.type.BasicTypeReference@2c3679e5
25-04-01 16:38:24.624 [main] DEBUG org.hibernate.type.BasicTypeRegistry - Adding type registration OffsetTimeWithTimezone -> org.hibernate.type.BasicTypeReference@41f40dfa
25-04-01 16:38:24.625 [main] DEBUG org.hibernate.type.BasicTypeRegistry - Adding type registration OffsetTimeWithoutTimezone -> org.hibernate.type.BasicTypeReference@2548fc01
25-04-01 16:38:24.625 [main] DEBUG org.hibernate.type.BasicTypeRegistry - Adding type registration ZonedDateTime -> org.hibernate.type.BasicTypeReference@4331be30
25-04-01 16:38:24.625 [main] DEBUG org.hibernate.type.BasicTypeRegistry - Adding type registration java.time.ZonedDateTime -> org.hibernate.type.BasicTypeReference@4331be30
25-04-01 16:38:24.625 [main] DEBUG org.hibernate.type.BasicTypeRegistry - Adding type registration ZonedDateTimeWithTimezone -> org.hibernate.type.BasicTypeReference@5cd71ee2
25-04-01 16:38:24.625 [main] DEBUG org.hibernate.type.BasicTypeRegistry - Adding type registration ZonedDateTimeWithoutTimezone -> org.hibernate.type.BasicTypeReference@3dad535f
25-04-01 16:38:24.625 [main] DEBUG org.hibernate.type.BasicTypeRegistry - Adding type registration date -> org.hibernate.type.BasicTypeReference@5f67181f
25-04-01 16:38:24.625 [main] DEBUG org.hibernate.type.BasicTypeRegistry - Adding type registration java.sql.Date -> org.hibernate.type.BasicTypeReference@5f67181f
25-04-01 16:38:24.625 [main] DEBUG org.hibernate.type.BasicTypeRegistry - Adding type registration time -> org.hibernate.type.BasicTypeReference@1169fdfd
25-04-01 16:38:24.625 [main] DEBUG org.hibernate.type.BasicTypeRegistry - Adding type registration java.sql.Time -> org.hibernate.type.BasicTypeReference@1169fdfd
25-04-01 16:38:24.625 [main] DEBUG org.hibernate.type.BasicTypeRegistry - Adding type registration timestamp -> org.hibernate.type.BasicTypeReference@75add13c
25-04-01 16:38:24.625 [main] DEBUG org.hibernate.type.BasicTypeRegistry - Adding type registration java.sql.Timestamp -> org.hibernate.type.BasicTypeReference@75add13c
25-04-01 16:38:24.625 [main] DEBUG org.hibernate.type.BasicTypeRegistry - Adding type registration java.util.Date -> org.hibernate.type.BasicTypeReference@75add13c
25-04-01 16:38:24.625 [main] DEBUG org.hibernate.type.BasicTypeRegistry - Adding type registration calendar -> org.hibernate.type.BasicTypeReference@224d537d
25-04-01 16:38:24.625 [main] DEBUG org.hibernate.type.BasicTypeRegistry - Adding type registration java.util.Calendar -> org.hibernate.type.BasicTypeReference@224d537d
25-04-01 16:38:24.625 [main] DEBUG org.hibernate.type.BasicTypeRegistry - Adding type registration java.util.GregorianCalendar -> org.hibernate.type.BasicTypeReference@224d537d
25-04-01 16:38:24.625 [main] DEBUG org.hibernate.type.BasicTypeRegistry - Adding type registration calendar_date -> org.hibernate.type.BasicTypeReference@450d10cb
25-04-01 16:38:24.625 [main] DEBUG org.hibernate.type.BasicTypeRegistry - Adding type registration calendar_time -> org.hibernate.type.BasicTypeReference@1bd59b82
25-04-01 16:38:24.625 [main] DEBUG org.hibernate.type.BasicTypeRegistry - Adding type registration instant -> org.hibernate.type.BasicTypeReference@6a9df5
25-04-01 16:38:24.625 [main] DEBUG org.hibernate.type.BasicTypeRegistry - Adding type registration java.time.Instant -> org.hibernate.type.BasicTypeReference@6a9df5
25-04-01 16:38:24.625 [main] DEBUG org.hibernate.type.BasicTypeRegistry - Adding type registration uuid -> org.hibernate.type.BasicTypeReference@48f4f03e
25-04-01 16:38:24.625 [main] DEBUG org.hibernate.type.BasicTypeRegistry - Adding type registration java.util.UUID -> org.hibernate.type.BasicTypeReference@48f4f03e
25-04-01 16:38:24.625 [main] DEBUG org.hibernate.type.BasicTypeRegistry - Adding type registration pg-uuid -> org.hibernate.type.BasicTypeReference@48f4f03e
25-04-01 16:38:24.625 [main] DEBUG org.hibernate.type.BasicTypeRegistry - Adding type registration uuid-binary -> org.hibernate.type.BasicTypeReference@65d23aa3
25-04-01 16:38:24.625 [main] DEBUG org.hibernate.type.BasicTypeRegistry - Adding type registration uuid-char -> org.hibernate.type.BasicTypeReference@52eca410
25-04-01 16:38:24.625 [main] DEBUG org.hibernate.type.BasicTypeRegistry - Adding type registration class -> org.hibernate.type.BasicTypeReference@63d0e8d
25-04-01 16:38:24.625 [main] DEBUG org.hibernate.type.BasicTypeRegistry - Adding type registration java.lang.Class -> org.hibernate.type.BasicTypeReference@63d0e8d
25-04-01 16:38:24.625 [main] DEBUG org.hibernate.type.BasicTypeRegistry - Adding type registration currency -> org.hibernate.type.BasicTypeReference@69a76b74
25-04-01 16:38:24.626 [main] DEBUG org.hibernate.type.BasicTypeRegistry - Adding type registration Currency -> org.hibernate.type.BasicTypeReference@69a76b74
25-04-01 16:38:24.626 [main] DEBUG org.hibernate.type.BasicTypeRegistry - Adding type registration java.util.Currency -> org.hibernate.type.BasicTypeReference@69a76b74
25-04-01 16:38:24.626 [main] DEBUG org.hibernate.type.BasicTypeRegistry - Adding type registration locale -> org.hibernate.type.BasicTypeReference@1dd443c1
25-04-01 16:38:24.626 [main] DEBUG org.hibernate.type.BasicTypeRegistry - Adding type registration java.util.Locale -> org.hibernate.type.BasicTypeReference@1dd443c1
25-04-01 16:38:24.626 [main] DEBUG org.hibernate.type.BasicTypeRegistry - Adding type registration serializable -> org.hibernate.type.BasicTypeReference@2aafa84f
25-04-01 16:38:24.626 [main] DEBUG org.hibernate.type.BasicTypeRegistry - Adding type registration java.io.Serializable -> org.hibernate.type.BasicTypeReference@2aafa84f
25-04-01 16:38:24.626 [main] DEBUG org.hibernate.type.BasicTypeRegistry - Adding type registration timezone -> org.hibernate.type.BasicTypeReference@448892f1
25-04-01 16:38:24.626 [main] DEBUG org.hibernate.type.BasicTypeRegistry - Adding type registration java.util.TimeZone -> org.hibernate.type.BasicTypeReference@448892f1
25-04-01 16:38:24.626 [main] DEBUG org.hibernate.type.BasicTypeRegistry - Adding type registration ZoneOffset -> org.hibernate.type.BasicTypeReference@1626bddf
25-04-01 16:38:24.626 [main] DEBUG org.hibernate.type.BasicTypeRegistry - Adding type registration java.time.ZoneOffset -> org.hibernate.type.BasicTypeReference@1626bddf
25-04-01 16:38:24.626 [main] DEBUG org.hibernate.type.BasicTypeRegistry - Adding type registration url -> org.hibernate.type.BasicTypeReference@29532e91
25-04-01 16:38:24.626 [main] DEBUG org.hibernate.type.BasicTypeRegistry - Adding type registration java.net.URL -> org.hibernate.type.BasicTypeReference@29532e91
25-04-01 16:38:24.626 [main] DEBUG org.hibernate.type.BasicTypeRegistry - Adding type registration vector -> org.hibernate.type.BasicTypeReference@7e691624
25-04-01 16:38:24.627 [main] DEBUG org.hibernate.type.BasicTypeRegistry - Adding type registration float_vector -> org.hibernate.type.BasicTypeReference@7ef60c02
25-04-01 16:38:24.627 [main] DEBUG org.hibernate.type.BasicTypeRegistry - Adding type registration double_vector -> org.hibernate.type.BasicTypeReference@5d9d8e46
25-04-01 16:38:24.627 [main] DEBUG org.hibernate.type.BasicTypeRegistry - Adding type registration byte_vector -> org.hibernate.type.BasicTypeReference@6d0a14c2
25-04-01 16:38:24.627 [main] DEBUG org.hibernate.type.BasicTypeRegistry - Adding type registration row_version -> org.hibernate.type.BasicTypeReference@5b64f771
25-04-01 16:38:24.632 [main] DEBUG org.hibernate.type.BasicTypeRegistry - Adding type registration object -> org.hibernate.type.JavaObjectType@72e36677
25-04-01 16:38:24.632 [main] DEBUG org.hibernate.type.BasicTypeRegistry - Adding type registration java.lang.Object -> org.hibernate.type.JavaObjectType@72e36677
25-04-01 16:38:24.633 [main] DEBUG org.hibernate.type.BasicTypeRegistry - Adding type registration null -> org.hibernate.type.NullType@7210f559
25-04-01 16:38:24.634 [main] DEBUG org.hibernate.type.BasicTypeRegistry - Adding type registration imm_date -> org.hibernate.type.BasicTypeReference@49b9ba6a
25-04-01 16:38:24.634 [main] DEBUG org.hibernate.type.BasicTypeRegistry - Adding type registration imm_time -> org.hibernate.type.BasicTypeReference@7be62956
25-04-01 16:38:24.634 [main] DEBUG org.hibernate.type.BasicTypeRegistry - Adding type registration imm_timestamp -> org.hibernate.type.BasicTypeReference@30e143ff
25-04-01 16:38:24.634 [main] DEBUG org.hibernate.type.BasicTypeRegistry - Adding type registration imm_calendar -> org.hibernate.type.BasicTypeReference@452ec287
25-04-01 16:38:24.634 [main] DEBUG org.hibernate.type.BasicTypeRegistry - Adding type registration imm_calendar_date -> org.hibernate.type.BasicTypeReference@41404aa2
25-04-01 16:38:24.634 [main] DEBUG org.hibernate.type.BasicTypeRegistry - Adding type registration imm_calendar_time -> org.hibernate.type.BasicTypeReference@b267745
25-04-01 16:38:24.634 [main] DEBUG org.hibernate.type.BasicTypeRegistry - Adding type registration imm_binary -> org.hibernate.type.BasicTypeReference@31e22365
25-04-01 16:38:24.634 [main] DEBUG org.hibernate.type.BasicTypeRegistry - Adding type registration imm_serializable -> org.hibernate.type.BasicTypeReference@2ebf524
25-04-01 16:38:24.931 [main] INFO  org.springframework.orm.jpa.persistenceunit.SpringPersistenceUnitInfo - No LoadTimeWeaver setup: ignoring JPA class transformer
25-04-01 16:38:25.015 [main] WARN  org.hibernate.orm.deprecation        - HHH90000025: PostgreSQLDialect does not need to be specified explicitly using 'hibernate.dialect' (remove the property setting and it will be selected by default)
25-04-01 16:38:25.036 [main] INFO  org.hibernate.orm.connections.pooling - HHH10001005: Database info:
	Database JDBC URL [Connecting through datasource 'HikariDataSource (HikariPool-1)']
	Database driver: undefined/unknown
	Database version: 17.4
	Autocommit mode: undefined/unknown
	Isolation level: undefined/unknown
	Minimum pool size: undefined/unknown
	Maximum pool size: undefined/unknown
25-04-01 16:38:25.044 [main] DEBUG org.hibernate.type.descriptor.sql.spi.DdlTypeRegistry - addDescriptor(2003, org.hibernate.type.descriptor.sql.internal.ArrayDdlTypeImpl@d02c00) replaced previous registration(org.hibernate.type.descriptor.sql.internal.ArrayDdlTypeImpl@4205d5d0)
25-04-01 16:38:25.044 [main] DEBUG org.hibernate.type.descriptor.sql.spi.DdlTypeRegistry - addDescriptor(6, org.hibernate.type.descriptor.sql.internal.CapacityDependentDdlType@29dfc68f) replaced previous registration(org.hibernate.type.descriptor.sql.internal.DdlTypeImpl@320ba79f)
25-04-01 16:38:25.047 [main] DEBUG org.hibernate.type.descriptor.jdbc.spi.JdbcTypeRegistry - addDescriptor(2004, BlobTypeDescriptor(BLOB_BINDING)) replaced previous registration(BlobTypeDescriptor(DEFAULT))
25-04-01 16:38:25.047 [main] DEBUG org.hibernate.type.descriptor.jdbc.spi.JdbcTypeRegistry - addDescriptor(2005, ClobTypeDescriptor(CLOB_BINDING)) replaced previous registration(ClobTypeDescriptor(DEFAULT))
25-04-01 16:38:25.057 [main] DEBUG org.hibernate.type.BasicTypeRegistry - Adding type registration JAVA_OBJECT -> org.hibernate.type.JavaObjectType@477bea57
25-04-01 16:38:25.057 [main] DEBUG org.hibernate.type.BasicTypeRegistry - Adding type registration java.lang.Object -> org.hibernate.type.JavaObjectType@477bea57
25-04-01 16:38:25.057 [main] DEBUG org.hibernate.type.BasicTypeRegistry - Type registration key [java.lang.Object] overrode previous entry : `org.hibernate.type.JavaObjectType@72e36677`
25-04-01 16:38:25.063 [main] DEBUG org.hibernate.type.BasicTypeRegistry - Adding type registration org.hibernate.type.DurationType -> basicType@1(java.time.Duration,3015)
25-04-01 16:38:25.063 [main] DEBUG org.hibernate.type.BasicTypeRegistry - Adding type registration Duration -> basicType@1(java.time.Duration,3015)
25-04-01 16:38:25.063 [main] DEBUG org.hibernate.type.BasicTypeRegistry - Adding type registration java.time.Duration -> basicType@1(java.time.Duration,3015)
25-04-01 16:38:25.067 [main] DEBUG org.hibernate.type.BasicTypeRegistry - Adding type registration org.hibernate.type.OffsetDateTimeType -> basicType@2(java.time.OffsetDateTime,3003)
25-04-01 16:38:25.067 [main] DEBUG org.hibernate.type.BasicTypeRegistry - Adding type registration OffsetDateTime -> basicType@2(java.time.OffsetDateTime,3003)
25-04-01 16:38:25.067 [main] DEBUG org.hibernate.type.BasicTypeRegistry - Adding type registration java.time.OffsetDateTime -> basicType@2(java.time.OffsetDateTime,3003)
25-04-01 16:38:25.067 [main] DEBUG org.hibernate.type.BasicTypeRegistry - Adding type registration org.hibernate.type.ZonedDateTimeType -> basicType@3(java.time.ZonedDateTime,3003)
25-04-01 16:38:25.067 [main] DEBUG org.hibernate.type.BasicTypeRegistry - Adding type registration ZonedDateTime -> basicType@3(java.time.ZonedDateTime,3003)
25-04-01 16:38:25.067 [main] DEBUG org.hibernate.type.BasicTypeRegistry - Adding type registration java.time.ZonedDateTime -> basicType@3(java.time.ZonedDateTime,3003)
25-04-01 16:38:25.068 [main] DEBUG org.hibernate.type.BasicTypeRegistry - Adding type registration org.hibernate.type.OffsetTimeType -> basicType@4(java.time.OffsetTime,3007)
25-04-01 16:38:25.068 [main] DEBUG org.hibernate.type.BasicTypeRegistry - Adding type registration OffsetTime -> basicType@4(java.time.OffsetTime,3007)
25-04-01 16:38:25.068 [main] DEBUG org.hibernate.type.BasicTypeRegistry - Adding type registration java.time.OffsetTime -> basicType@4(java.time.OffsetTime,3007)
25-04-01 16:38:25.069 [main] DEBUG org.hibernate.type.spi.TypeConfiguration$Scope - Scoping TypeConfiguration [org.hibernate.type.spi.TypeConfiguration@4c579b5b] to MetadataBuildingContext [org.hibernate.boot.internal.MetadataBuildingContextRootImpl@5a96f3cb]
25-04-01 16:38:26.475 [main] INFO  org.hibernate.engine.transaction.jta.platform.internal.JtaPlatformInitiator - HHH000489: No JTA platform available (set 'hibernate.transaction.jta.platform' to enable JTA platform integration)
25-04-01 16:38:26.476 [main] DEBUG org.hibernate.type.spi.TypeConfiguration$Scope - Scoping TypeConfiguration [org.hibernate.type.spi.TypeConfiguration@4c579b5b] to SessionFactoryImplementor [org.hibernate.internal.SessionFactoryImpl@7bbe5548]
25-04-01 16:38:26.632 [main] TRACE org.hibernate.type.spi.TypeConfiguration$Scope - Handling #sessionFactoryCreated from [org.hibernate.internal.SessionFactoryImpl@7bbe5548] for TypeConfiguration
25-04-01 16:38:26.632 [main] INFO  org.springframework.orm.jpa.LocalContainerEntityManagerFactoryBean - Initialized JPA EntityManagerFactory for persistence unit 'default'
25-04-01 16:38:27.005 [main] INFO  org.springframework.data.jpa.repository.query.QueryEnhancerFactory - Hibernate is in classpath; If applicable, HQL parser will be used.
25-04-01 16:38:27.864 [main] WARN  org.springframework.boot.autoconfigure.orm.jpa.JpaBaseConfiguration$JpaWebConfiguration - spring.jpa.open-in-view is enabled by default. Therefore, database queries may be performed during view rendering. Explicitly configure spring.jpa.open-in-view to disable this warning
25-04-01 16:38:27.905 [main] INFO  org.springframework.boot.autoconfigure.web.servlet.WelcomePageHandlerMapping - Adding welcome page: class path resource [static/index.html]
25-04-01 16:38:28.848 [main] INFO  org.springframework.boot.actuate.endpoint.web.EndpointLinksResolver - Exposing 4 endpoints beneath base path '/actuator'
25-04-01 16:38:28.932 [main] INFO  org.apache.coyote.http11.Http11NioProtocol - Starting ProtocolHandler ["http-nio-8080"]
25-04-01 16:38:28.955 [main] INFO  org.springframework.boot.web.embedded.tomcat.TomcatWebServer - Tomcat started on port 8080 (http) with context path '/'
25-04-01 16:38:28.971 [main] INFO  com.sprint.mission.discodeit.DiscodeitApplication - Started DiscodeitApplication in 8.425 seconds (process running for 8.999)
25-04-01 16:38:29.244 [RMI TCP Connection(4)-192.168.124.100] INFO  org.apache.catalina.core.ContainerBase.[Tomcat].[localhost].[/] - Initializing Spring DispatcherServlet 'dispatcherServlet'
25-04-01 16:38:29.244 [RMI TCP Connection(4)-192.168.124.100] INFO  org.springframework.web.servlet.DispatcherServlet - Initializing Servlet 'dispatcherServlet'
25-04-01 16:38:29.246 [RMI TCP Connection(4)-192.168.124.100] INFO  org.springframework.web.servlet.DispatcherServlet - Completed initialization in 2 ms
25-04-01 16:40:18.961 [SpringApplicationShutdownHook] INFO  org.springframework.boot.web.embedded.tomcat.GracefulShutdown - Commencing graceful shutdown. Waiting for active requests to complete
25-04-01 16:40:19.164 [tomcat-shutdown] INFO  org.springframework.boot.web.embedded.tomcat.GracefulShutdown - Graceful shutdown complete
25-04-01 16:40:19.169 [SpringApplicationShutdownHook] INFO  org.springframework.orm.jpa.LocalContainerEntityManagerFactoryBean - Closing JPA EntityManagerFactory for persistence unit 'default'
25-04-01 16:40:19.170 [SpringApplicationShutdownHook] TRACE org.hibernate.type.spi.TypeConfiguration$Scope - Handling #sessionFactoryClosed from [org.hibernate.internal.SessionFactoryImpl@7bbe5548] for TypeConfiguration
25-04-01 16:40:19.170 [SpringApplicationShutdownHook] DEBUG org.hibernate.type.spi.TypeConfiguration$Scope - Un-scoping TypeConfiguration [org.hibernate.type.spi.TypeConfiguration$Scope@14e8d256] from SessionFactory [org.hibernate.internal.SessionFactoryImpl@7bbe5548]
25-04-01 16:40:19.171 [SpringApplicationShutdownHook] INFO  com.zaxxer.hikari.HikariDataSource   - HikariPool-1 - Shutdown initiated...
25-04-01 16:40:19.175 [SpringApplicationShutdownHook] INFO  com.zaxxer.hikari.HikariDataSource   - HikariPool-1 - Shutdown completed.
25-04-01 16:40:23.991 [background-preinit] INFO  org.hibernate.validator.internal.util.Version - HV000001: Hibernate Validator 8.0.1.Final
25-04-01 16:40:24.056 [main] INFO  com.sprint.mission.discodeit.DiscodeitApplication - Starting DiscodeitApplication using Java 17.0.13 with PID 14328 (C:\Users\min\IdeaProjects\sprint-mission\1-sprint-mission\build\classes\java\main started by min in C:\Users\min\IdeaProjects\sprint-mission\1-sprint-mission)
25-04-01 16:40:24.056 [main] INFO  com.sprint.mission.discodeit.DiscodeitApplication - The following 1 profile is active: "dev"
25-04-01 16:40:25.434 [main] INFO  org.springframework.data.repository.config.RepositoryConfigurationDelegate - Bootstrapping Spring Data JPA repositories in DEFAULT mode.
25-04-01 16:40:25.566 [main] INFO  org.springframework.data.repository.config.RepositoryConfigurationDelegate - Finished Spring Data repository scanning in 122 ms. Found 6 JPA repository interfaces.
25-04-01 16:40:26.442 [main] INFO  org.springframework.boot.web.embedded.tomcat.TomcatWebServer - Tomcat initialized with port 8080 (http)
25-04-01 16:40:26.457 [main] INFO  org.apache.coyote.http11.Http11NioProtocol - Initializing ProtocolHandler ["http-nio-8080"]
25-04-01 16:40:26.459 [main] INFO  org.apache.catalina.core.StandardService - Starting service [Tomcat]
25-04-01 16:40:26.460 [main] INFO  org.apache.catalina.core.StandardEngine - Starting Servlet engine: [Apache Tomcat/10.1.33]
25-04-01 16:40:26.562 [main] INFO  org.apache.catalina.core.ContainerBase.[Tomcat].[localhost].[/] - Initializing Spring embedded WebApplicationContext
25-04-01 16:40:26.563 [main] INFO  org.springframework.boot.web.servlet.context.ServletWebServerApplicationContext - Root WebApplicationContext: initialization completed in 2460 ms
25-04-01 16:40:26.823 [main] INFO  com.zaxxer.hikari.HikariDataSource   - HikariPool-1 - Starting...
25-04-01 16:40:27.058 [main] INFO  com.zaxxer.hikari.pool.HikariPool    - HikariPool-1 - Added connection org.postgresql.jdbc.PgConnection@4f7bb8df
25-04-01 16:40:27.060 [main] INFO  com.zaxxer.hikari.HikariDataSource   - HikariPool-1 - Start completed.
25-04-01 16:40:27.175 [main] INFO  org.hibernate.jpa.internal.util.LogHelper - HHH000204: Processing PersistenceUnitInfo [name: default]
25-04-01 16:40:27.266 [main] INFO  org.hibernate.Version                - HHH000412: Hibernate ORM core version 6.6.2.Final
25-04-01 16:40:27.316 [main] INFO  org.hibernate.cache.internal.RegionFactoryInitiator - HHH000026: Second-level cache disabled
25-04-01 16:40:27.434 [main] DEBUG org.hibernate.type.BasicTypeRegistry - Adding type registration boolean -> org.hibernate.type.BasicTypeReference@598e5cb8
25-04-01 16:40:27.434 [main] DEBUG org.hibernate.type.BasicTypeRegistry - Adding type registration boolean -> org.hibernate.type.BasicTypeReference@598e5cb8
25-04-01 16:40:27.434 [main] DEBUG org.hibernate.type.BasicTypeRegistry - Adding type registration java.lang.Boolean -> org.hibernate.type.BasicTypeReference@598e5cb8
25-04-01 16:40:27.434 [main] DEBUG org.hibernate.type.BasicTypeRegistry - Adding type registration numeric_boolean -> org.hibernate.type.BasicTypeReference@199806aa
25-04-01 16:40:27.435 [main] DEBUG org.hibernate.type.BasicTypeRegistry - Adding type registration org.hibernate.type.NumericBooleanConverter -> org.hibernate.type.BasicTypeReference@199806aa
25-04-01 16:40:27.435 [main] DEBUG org.hibernate.type.BasicTypeRegistry - Adding type registration true_false -> org.hibernate.type.BasicTypeReference@300aa927
25-04-01 16:40:27.435 [main] DEBUG org.hibernate.type.BasicTypeRegistry - Adding type registration org.hibernate.type.TrueFalseConverter -> org.hibernate.type.BasicTypeReference@300aa927
25-04-01 16:40:27.435 [main] DEBUG org.hibernate.type.BasicTypeRegistry - Adding type registration yes_no -> org.hibernate.type.BasicTypeReference@fa11fda
25-04-01 16:40:27.435 [main] DEBUG org.hibernate.type.BasicTypeRegistry - Adding type registration org.hibernate.type.YesNoConverter -> org.hibernate.type.BasicTypeReference@fa11fda
25-04-01 16:40:27.435 [main] DEBUG org.hibernate.type.BasicTypeRegistry - Adding type registration byte -> org.hibernate.type.BasicTypeReference@24e1e90a
25-04-01 16:40:27.435 [main] DEBUG org.hibernate.type.BasicTypeRegistry - Adding type registration byte -> org.hibernate.type.BasicTypeReference@24e1e90a
25-04-01 16:40:27.436 [main] DEBUG org.hibernate.type.BasicTypeRegistry - Adding type registration java.lang.Byte -> org.hibernate.type.BasicTypeReference@24e1e90a
25-04-01 16:40:27.436 [main] DEBUG org.hibernate.type.BasicTypeRegistry - Adding type registration binary -> org.hibernate.type.BasicTypeReference@1feb586d
25-04-01 16:40:27.436 [main] DEBUG org.hibernate.type.BasicTypeRegistry - Adding type registration byte[] -> org.hibernate.type.BasicTypeReference@1feb586d
25-04-01 16:40:27.436 [main] DEBUG org.hibernate.type.BasicTypeRegistry - Adding type registration [B -> org.hibernate.type.BasicTypeReference@1feb586d
25-04-01 16:40:27.436 [main] DEBUG org.hibernate.type.BasicTypeRegistry - Adding type registration binary_wrapper -> org.hibernate.type.BasicTypeReference@34695b23
25-04-01 16:40:27.436 [main] DEBUG org.hibernate.type.BasicTypeRegistry - Adding type registration wrapper-binary -> org.hibernate.type.BasicTypeReference@34695b23
25-04-01 16:40:27.436 [main] DEBUG org.hibernate.type.BasicTypeRegistry - Adding type registration image -> org.hibernate.type.BasicTypeReference@611a2d82
25-04-01 16:40:27.436 [main] DEBUG org.hibernate.type.BasicTypeRegistry - Adding type registration blob -> org.hibernate.type.BasicTypeReference@6774f264
25-04-01 16:40:27.436 [main] DEBUG org.hibernate.type.BasicTypeRegistry - Adding type registration java.sql.Blob -> org.hibernate.type.BasicTypeReference@6774f264
25-04-01 16:40:27.436 [main] DEBUG org.hibernate.type.BasicTypeRegistry - Adding type registration materialized_blob -> org.hibernate.type.BasicTypeReference@2299f6d7
25-04-01 16:40:27.436 [main] DEBUG org.hibernate.type.BasicTypeRegistry - Adding type registration materialized_blob_wrapper -> org.hibernate.type.BasicTypeReference@5cd701e4
25-04-01 16:40:27.436 [main] DEBUG org.hibernate.type.BasicTypeRegistry - Adding type registration short -> org.hibernate.type.BasicTypeReference@6c9151c1
25-04-01 16:40:27.436 [main] DEBUG org.hibernate.type.BasicTypeRegistry - Adding type registration short -> org.hibernate.type.BasicTypeReference@6c9151c1
25-04-01 16:40:27.437 [main] DEBUG org.hibernate.type.BasicTypeRegistry - Adding type registration java.lang.Short -> org.hibernate.type.BasicTypeReference@6c9151c1
25-04-01 16:40:27.437 [main] DEBUG org.hibernate.type.BasicTypeRegistry - Adding type registration integer -> org.hibernate.type.BasicTypeReference@2c3679e5
25-04-01 16:40:27.437 [main] DEBUG org.hibernate.type.BasicTypeRegistry - Adding type registration int -> org.hibernate.type.BasicTypeReference@2c3679e5
25-04-01 16:40:27.437 [main] DEBUG org.hibernate.type.BasicTypeRegistry - Adding type registration java.lang.Integer -> org.hibernate.type.BasicTypeReference@2c3679e5
25-04-01 16:40:27.437 [main] DEBUG org.hibernate.type.BasicTypeRegistry - Adding type registration long -> org.hibernate.type.BasicTypeReference@41f40dfa
25-04-01 16:40:27.437 [main] DEBUG org.hibernate.type.BasicTypeRegistry - Adding type registration long -> org.hibernate.type.BasicTypeReference@41f40dfa
25-04-01 16:40:27.437 [main] DEBUG org.hibernate.type.BasicTypeRegistry - Adding type registration java.lang.Long -> org.hibernate.type.BasicTypeReference@41f40dfa
25-04-01 16:40:27.437 [main] DEBUG org.hibernate.type.BasicTypeRegistry - Adding type registration float -> org.hibernate.type.BasicTypeReference@2548fc01
25-04-01 16:40:27.437 [main] DEBUG org.hibernate.type.BasicTypeRegistry - Adding type registration float -> org.hibernate.type.BasicTypeReference@2548fc01
25-04-01 16:40:27.437 [main] DEBUG org.hibernate.type.BasicTypeRegistry - Adding type registration java.lang.Float -> org.hibernate.type.BasicTypeReference@2548fc01
25-04-01 16:40:27.437 [main] DEBUG org.hibernate.type.BasicTypeRegistry - Adding type registration double -> org.hibernate.type.BasicTypeReference@4331be30
25-04-01 16:40:27.437 [main] DEBUG org.hibernate.type.BasicTypeRegistry - Adding type registration double -> org.hibernate.type.BasicTypeReference@4331be30
25-04-01 16:40:27.437 [main] DEBUG org.hibernate.type.BasicTypeRegistry - Adding type registration java.lang.Double -> org.hibernate.type.BasicTypeReference@4331be30
25-04-01 16:40:27.438 [main] DEBUG org.hibernate.type.BasicTypeRegistry - Adding type registration big_integer -> org.hibernate.type.BasicTypeReference@5cd71ee2
25-04-01 16:40:27.438 [main] DEBUG org.hibernate.type.BasicTypeRegistry - Adding type registration java.math.BigInteger -> org.hibernate.type.BasicTypeReference@5cd71ee2
25-04-01 16:40:27.438 [main] DEBUG org.hibernate.type.BasicTypeRegistry - Adding type registration big_decimal -> org.hibernate.type.BasicTypeReference@3dad535f
25-04-01 16:40:27.438 [main] DEBUG org.hibernate.type.BasicTypeRegistry - Adding type registration java.math.BigDecimal -> org.hibernate.type.BasicTypeReference@3dad535f
25-04-01 16:40:27.438 [main] DEBUG org.hibernate.type.BasicTypeRegistry - Adding type registration character -> org.hibernate.type.BasicTypeReference@5f67181f
25-04-01 16:40:27.438 [main] DEBUG org.hibernate.type.BasicTypeRegistry - Adding type registration char -> org.hibernate.type.BasicTypeReference@5f67181f
25-04-01 16:40:27.438 [main] DEBUG org.hibernate.type.BasicTypeRegistry - Adding type registration java.lang.Character -> org.hibernate.type.BasicTypeReference@5f67181f
25-04-01 16:40:27.438 [main] DEBUG org.hibernate.type.BasicTypeRegistry - Adding type registration character_nchar -> org.hibernate.type.BasicTypeReference@1169fdfd
25-04-01 16:40:27.438 [main] DEBUG org.hibernate.type.BasicTypeRegistry - Adding type registration string -> org.hibernate.type.BasicTypeReference@75add13c
25-04-01 16:40:27.438 [main] DEBUG org.hibernate.type.BasicTypeRegistry - Adding type registration java.lang.String -> org.hibernate.type.BasicTypeReference@75add13c
25-04-01 16:40:27.438 [main] DEBUG org.hibernate.type.BasicTypeRegistry - Adding type registration nstring -> org.hibernate.type.BasicTypeReference@224d537d
25-04-01 16:40:27.438 [main] DEBUG org.hibernate.type.BasicTypeRegistry - Adding type registration characters -> org.hibernate.type.BasicTypeReference@450d10cb
25-04-01 16:40:27.438 [main] DEBUG org.hibernate.type.BasicTypeRegistry - Adding type registration char[] -> org.hibernate.type.BasicTypeReference@450d10cb
25-04-01 16:40:27.438 [main] DEBUG org.hibernate.type.BasicTypeRegistry - Adding type registration [C -> org.hibernate.type.BasicTypeReference@450d10cb
25-04-01 16:40:27.439 [main] DEBUG org.hibernate.type.BasicTypeRegistry - Adding type registration wrapper-characters -> org.hibernate.type.BasicTypeReference@1bd59b82
25-04-01 16:40:27.439 [main] DEBUG org.hibernate.type.BasicTypeRegistry - Adding type registration text -> org.hibernate.type.BasicTypeReference@6a9df5
25-04-01 16:40:27.439 [main] DEBUG org.hibernate.type.BasicTypeRegistry - Adding type registration ntext -> org.hibernate.type.BasicTypeReference@48f4f03e
25-04-01 16:40:27.439 [main] DEBUG org.hibernate.type.BasicTypeRegistry - Adding type registration clob -> org.hibernate.type.BasicTypeReference@65d23aa3
25-04-01 16:40:27.439 [main] DEBUG org.hibernate.type.BasicTypeRegistry - Adding type registration java.sql.Clob -> org.hibernate.type.BasicTypeReference@65d23aa3
25-04-01 16:40:27.439 [main] DEBUG org.hibernate.type.BasicTypeRegistry - Adding type registration nclob -> org.hibernate.type.BasicTypeReference@52eca410
25-04-01 16:40:27.439 [main] DEBUG org.hibernate.type.BasicTypeRegistry - Adding type registration java.sql.NClob -> org.hibernate.type.BasicTypeReference@52eca410
25-04-01 16:40:27.439 [main] DEBUG org.hibernate.type.BasicTypeRegistry - Adding type registration materialized_clob -> org.hibernate.type.BasicTypeReference@63d0e8d
25-04-01 16:40:27.439 [main] DEBUG org.hibernate.type.BasicTypeRegistry - Adding type registration materialized_clob_char_array -> org.hibernate.type.BasicTypeReference@69a76b74
25-04-01 16:40:27.439 [main] DEBUG org.hibernate.type.BasicTypeRegistry - Adding type registration materialized_clob_character_array -> org.hibernate.type.BasicTypeReference@1dd443c1
25-04-01 16:40:27.439 [main] DEBUG org.hibernate.type.BasicTypeRegistry - Adding type registration materialized_nclob -> org.hibernate.type.BasicTypeReference@2aafa84f
25-04-01 16:40:27.439 [main] DEBUG org.hibernate.type.BasicTypeRegistry - Adding type registration materialized_nclob_character_array -> org.hibernate.type.BasicTypeReference@448892f1
25-04-01 16:40:27.439 [main] DEBUG org.hibernate.type.BasicTypeRegistry - Adding type registration materialized_nclob_char_array -> org.hibernate.type.BasicTypeReference@1626bddf
25-04-01 16:40:27.439 [main] DEBUG org.hibernate.type.BasicTypeRegistry - Adding type registration Duration -> org.hibernate.type.BasicTypeReference@29532e91
25-04-01 16:40:27.439 [main] DEBUG org.hibernate.type.BasicTypeRegistry - Adding type registration java.time.Duration -> org.hibernate.type.BasicTypeReference@29532e91
25-04-01 16:40:27.439 [main] DEBUG org.hibernate.type.BasicTypeRegistry - Adding type registration LocalDateTime -> org.hibernate.type.BasicTypeReference@7e691624
25-04-01 16:40:27.439 [main] DEBUG org.hibernate.type.BasicTypeRegistry - Adding type registration java.time.LocalDateTime -> org.hibernate.type.BasicTypeReference@7e691624
25-04-01 16:40:27.439 [main] DEBUG org.hibernate.type.BasicTypeRegistry - Adding type registration LocalDate -> org.hibernate.type.BasicTypeReference@7ef60c02
25-04-01 16:40:27.439 [main] DEBUG org.hibernate.type.BasicTypeRegistry - Adding type registration java.time.LocalDate -> org.hibernate.type.BasicTypeReference@7ef60c02
25-04-01 16:40:27.439 [main] DEBUG org.hibernate.type.BasicTypeRegistry - Adding type registration LocalTime -> org.hibernate.type.BasicTypeReference@5d9d8e46
25-04-01 16:40:27.439 [main] DEBUG org.hibernate.type.BasicTypeRegistry - Adding type registration java.time.LocalTime -> org.hibernate.type.BasicTypeReference@5d9d8e46
25-04-01 16:40:27.440 [main] DEBUG org.hibernate.type.BasicTypeRegistry - Adding type registration OffsetDateTime -> org.hibernate.type.BasicTypeReference@6d0a14c2
25-04-01 16:40:27.440 [main] DEBUG org.hibernate.type.BasicTypeRegistry - Adding type registration java.time.OffsetDateTime -> org.hibernate.type.BasicTypeReference@6d0a14c2
25-04-01 16:40:27.440 [main] DEBUG org.hibernate.type.BasicTypeRegistry - Adding type registration OffsetDateTimeWithTimezone -> org.hibernate.type.BasicTypeReference@5b64f771
25-04-01 16:40:27.440 [main] DEBUG org.hibernate.type.BasicTypeRegistry - Adding type registration OffsetDateTimeWithoutTimezone -> org.hibernate.type.BasicTypeReference@153c6603
25-04-01 16:40:27.440 [main] DEBUG org.hibernate.type.BasicTypeRegistry - Adding type registration OffsetTime -> org.hibernate.type.BasicTypeReference@24e2355c
25-04-01 16:40:27.440 [main] DEBUG org.hibernate.type.BasicTypeRegistry - Adding type registration java.time.OffsetTime -> org.hibernate.type.BasicTypeReference@24e2355c
25-04-01 16:40:27.440 [main] DEBUG org.hibernate.type.BasicTypeRegistry - Adding type registration OffsetTimeUtc -> org.hibernate.type.BasicTypeReference@19739906
25-04-01 16:40:27.440 [main] DEBUG org.hibernate.type.BasicTypeRegistry - Adding type registration OffsetTimeWithTimezone -> org.hibernate.type.BasicTypeReference@65503a26
25-04-01 16:40:27.440 [main] DEBUG org.hibernate.type.BasicTypeRegistry - Adding type registration OffsetTimeWithoutTimezone -> org.hibernate.type.BasicTypeReference@13aa54f1
25-04-01 16:40:27.440 [main] DEBUG org.hibernate.type.BasicTypeRegistry - Adding type registration ZonedDateTime -> org.hibernate.type.BasicTypeReference@26d7cb0d
25-04-01 16:40:27.440 [main] DEBUG org.hibernate.type.BasicTypeRegistry - Adding type registration java.time.ZonedDateTime -> org.hibernate.type.BasicTypeReference@26d7cb0d
25-04-01 16:40:27.440 [main] DEBUG org.hibernate.type.BasicTypeRegistry - Adding type registration ZonedDateTimeWithTimezone -> org.hibernate.type.BasicTypeReference@23e9dd78
25-04-01 16:40:27.440 [main] DEBUG org.hibernate.type.BasicTypeRegistry - Adding type registration ZonedDateTimeWithoutTimezone -> org.hibernate.type.BasicTypeReference@470c4229
25-04-01 16:40:27.440 [main] DEBUG org.hibernate.type.BasicTypeRegistry - Adding type registration date -> org.hibernate.type.BasicTypeReference@6408be5
25-04-01 16:40:27.440 [main] DEBUG org.hibernate.type.BasicTypeRegistry - Adding type registration java.sql.Date -> org.hibernate.type.BasicTypeReference@6408be5
25-04-01 16:40:27.440 [main] DEBUG org.hibernate.type.BasicTypeRegistry - Adding type registration time -> org.hibernate.type.BasicTypeReference@1e57b783
25-04-01 16:40:27.440 [main] DEBUG org.hibernate.type.BasicTypeRegistry - Adding type registration java.sql.Time -> org.hibernate.type.BasicTypeReference@1e57b783
25-04-01 16:40:27.440 [main] DEBUG org.hibernate.type.BasicTypeRegistry - Adding type registration timestamp -> org.hibernate.type.BasicTypeReference@73b8ab2c
25-04-01 16:40:27.440 [main] DEBUG org.hibernate.type.BasicTypeRegistry - Adding type registration java.sql.Timestamp -> org.hibernate.type.BasicTypeReference@73b8ab2c
25-04-01 16:40:27.440 [main] DEBUG org.hibernate.type.BasicTypeRegistry - Adding type registration java.util.Date -> org.hibernate.type.BasicTypeReference@73b8ab2c
25-04-01 16:40:27.440 [main] DEBUG org.hibernate.type.BasicTypeRegistry - Adding type registration calendar -> org.hibernate.type.BasicTypeReference@5600a278
25-04-01 16:40:27.440 [main] DEBUG org.hibernate.type.BasicTypeRegistry - Adding type registration java.util.Calendar -> org.hibernate.type.BasicTypeReference@5600a278
25-04-01 16:40:27.440 [main] DEBUG org.hibernate.type.BasicTypeRegistry - Adding type registration java.util.GregorianCalendar -> org.hibernate.type.BasicTypeReference@5600a278
25-04-01 16:40:27.440 [main] DEBUG org.hibernate.type.BasicTypeRegistry - Adding type registration calendar_date -> org.hibernate.type.BasicTypeReference@549d14fe
25-04-01 16:40:27.440 [main] DEBUG org.hibernate.type.BasicTypeRegistry - Adding type registration calendar_time -> org.hibernate.type.BasicTypeReference@77d54a41
25-04-01 16:40:27.440 [main] DEBUG org.hibernate.type.BasicTypeRegistry - Adding type registration instant -> org.hibernate.type.BasicTypeReference@41026e5c
25-04-01 16:40:27.441 [main] DEBUG org.hibernate.type.BasicTypeRegistry - Adding type registration java.time.Instant -> org.hibernate.type.BasicTypeReference@41026e5c
25-04-01 16:40:27.441 [main] DEBUG org.hibernate.type.BasicTypeRegistry - Adding type registration uuid -> org.hibernate.type.BasicTypeReference@12421766
25-04-01 16:40:27.441 [main] DEBUG org.hibernate.type.BasicTypeRegistry - Adding type registration java.util.UUID -> org.hibernate.type.BasicTypeReference@12421766
25-04-01 16:40:27.441 [main] DEBUG org.hibernate.type.BasicTypeRegistry - Adding type registration pg-uuid -> org.hibernate.type.BasicTypeReference@12421766
25-04-01 16:40:27.441 [main] DEBUG org.hibernate.type.BasicTypeRegistry - Adding type registration uuid-binary -> org.hibernate.type.BasicTypeReference@2e44cb34
25-04-01 16:40:27.441 [main] DEBUG org.hibernate.type.BasicTypeRegistry - Adding type registration uuid-char -> org.hibernate.type.BasicTypeReference@731e0bff
25-04-01 16:40:27.441 [main] DEBUG org.hibernate.type.BasicTypeRegistry - Adding type registration class -> org.hibernate.type.BasicTypeReference@213ceb4e
25-04-01 16:40:27.441 [main] DEBUG org.hibernate.type.BasicTypeRegistry - Adding type registration java.lang.Class -> org.hibernate.type.BasicTypeReference@213ceb4e
25-04-01 16:40:27.441 [main] DEBUG org.hibernate.type.BasicTypeRegistry - Adding type registration currency -> org.hibernate.type.BasicTypeReference@23c72128
25-04-01 16:40:27.441 [main] DEBUG org.hibernate.type.BasicTypeRegistry - Adding type registration Currency -> org.hibernate.type.BasicTypeReference@23c72128
25-04-01 16:40:27.441 [main] DEBUG org.hibernate.type.BasicTypeRegistry - Adding type registration java.util.Currency -> org.hibernate.type.BasicTypeReference@23c72128
25-04-01 16:40:27.441 [main] DEBUG org.hibernate.type.BasicTypeRegistry - Adding type registration locale -> org.hibernate.type.BasicTypeReference@2bd2430f
25-04-01 16:40:27.441 [main] DEBUG org.hibernate.type.BasicTypeRegistry - Adding type registration java.util.Locale -> org.hibernate.type.BasicTypeReference@2bd2430f
25-04-01 16:40:27.441 [main] DEBUG org.hibernate.type.BasicTypeRegistry - Adding type registration serializable -> org.hibernate.type.BasicTypeReference@2890e479
25-04-01 16:40:27.441 [main] DEBUG org.hibernate.type.BasicTypeRegistry - Adding type registration java.io.Serializable -> org.hibernate.type.BasicTypeReference@2890e479
25-04-01 16:40:27.441 [main] DEBUG org.hibernate.type.BasicTypeRegistry - Adding type registration timezone -> org.hibernate.type.BasicTypeReference@6eb00cbe
25-04-01 16:40:27.441 [main] DEBUG org.hibernate.type.BasicTypeRegistry - Adding type registration java.util.TimeZone -> org.hibernate.type.BasicTypeReference@6eb00cbe
25-04-01 16:40:27.441 [main] DEBUG org.hibernate.type.BasicTypeRegistry - Adding type registration ZoneOffset -> org.hibernate.type.BasicTypeReference@74e4be21
25-04-01 16:40:27.441 [main] DEBUG org.hibernate.type.BasicTypeRegistry - Adding type registration java.time.ZoneOffset -> org.hibernate.type.BasicTypeReference@74e4be21
25-04-01 16:40:27.441 [main] DEBUG org.hibernate.type.BasicTypeRegistry - Adding type registration url -> org.hibernate.type.BasicTypeReference@4d174189
25-04-01 16:40:27.441 [main] DEBUG org.hibernate.type.BasicTypeRegistry - Adding type registration java.net.URL -> org.hibernate.type.BasicTypeReference@4d174189
25-04-01 16:40:27.442 [main] DEBUG org.hibernate.type.BasicTypeRegistry - Adding type registration vector -> org.hibernate.type.BasicTypeReference@628bd77e
25-04-01 16:40:27.442 [main] DEBUG org.hibernate.type.BasicTypeRegistry - Adding type registration float_vector -> org.hibernate.type.BasicTypeReference@c30f26d
25-04-01 16:40:27.442 [main] DEBUG org.hibernate.type.BasicTypeRegistry - Adding type registration double_vector -> org.hibernate.type.BasicTypeReference@5d74507c
25-04-01 16:40:27.442 [main] DEBUG org.hibernate.type.BasicTypeRegistry - Adding type registration byte_vector -> org.hibernate.type.BasicTypeReference@2a984952
25-04-01 16:40:27.442 [main] DEBUG org.hibernate.type.BasicTypeRegistry - Adding type registration row_version -> org.hibernate.type.BasicTypeReference@16944b58
25-04-01 16:40:27.447 [main] DEBUG org.hibernate.type.BasicTypeRegistry - Adding type registration object -> org.hibernate.type.JavaObjectType@492fa72a
25-04-01 16:40:27.447 [main] DEBUG org.hibernate.type.BasicTypeRegistry - Adding type registration java.lang.Object -> org.hibernate.type.JavaObjectType@492fa72a
25-04-01 16:40:27.449 [main] DEBUG org.hibernate.type.BasicTypeRegistry - Adding type registration null -> org.hibernate.type.NullType@308c65e0
25-04-01 16:40:27.449 [main] DEBUG org.hibernate.type.BasicTypeRegistry - Adding type registration imm_date -> org.hibernate.type.BasicTypeReference@50fa5938
25-04-01 16:40:27.449 [main] DEBUG org.hibernate.type.BasicTypeRegistry - Adding type registration imm_time -> org.hibernate.type.BasicTypeReference@1e482ecd
25-04-01 16:40:27.449 [main] DEBUG org.hibernate.type.BasicTypeRegistry - Adding type registration imm_timestamp -> org.hibernate.type.BasicTypeReference@58b5f7d2
25-04-01 16:40:27.449 [main] DEBUG org.hibernate.type.BasicTypeRegistry - Adding type registration imm_calendar -> org.hibernate.type.BasicTypeReference@bc52a41
25-04-01 16:40:27.449 [main] DEBUG org.hibernate.type.BasicTypeRegistry - Adding type registration imm_calendar_date -> org.hibernate.type.BasicTypeReference@9f48198
25-04-01 16:40:27.449 [main] DEBUG org.hibernate.type.BasicTypeRegistry - Adding type registration imm_calendar_time -> org.hibernate.type.BasicTypeReference@5615f82d
25-04-01 16:40:27.449 [main] DEBUG org.hibernate.type.BasicTypeRegistry - Adding type registration imm_binary -> org.hibernate.type.BasicTypeReference@21698e5a
25-04-01 16:40:27.449 [main] DEBUG org.hibernate.type.BasicTypeRegistry - Adding type registration imm_serializable -> org.hibernate.type.BasicTypeReference@3dc2f14
25-04-01 16:40:27.757 [main] INFO  org.springframework.orm.jpa.persistenceunit.SpringPersistenceUnitInfo - No LoadTimeWeaver setup: ignoring JPA class transformer
25-04-01 16:40:27.840 [main] WARN  org.hibernate.orm.deprecation        - HHH90000025: PostgreSQLDialect does not need to be specified explicitly using 'hibernate.dialect' (remove the property setting and it will be selected by default)
25-04-01 16:40:27.861 [main] INFO  org.hibernate.orm.connections.pooling - HHH10001005: Database info:
	Database JDBC URL [Connecting through datasource 'HikariDataSource (HikariPool-1)']
	Database driver: undefined/unknown
	Database version: 17.4
	Autocommit mode: undefined/unknown
	Isolation level: undefined/unknown
	Minimum pool size: undefined/unknown
	Maximum pool size: undefined/unknown
25-04-01 16:40:27.869 [main] DEBUG org.hibernate.type.descriptor.sql.spi.DdlTypeRegistry - addDescriptor(2003, org.hibernate.type.descriptor.sql.internal.ArrayDdlTypeImpl@23d23d98) replaced previous registration(org.hibernate.type.descriptor.sql.internal.ArrayDdlTypeImpl@1fd35a92)
25-04-01 16:40:27.869 [main] DEBUG org.hibernate.type.descriptor.sql.spi.DdlTypeRegistry - addDescriptor(6, org.hibernate.type.descriptor.sql.internal.CapacityDependentDdlType@40db6136) replaced previous registration(org.hibernate.type.descriptor.sql.internal.DdlTypeImpl@5ced0537)
25-04-01 16:40:27.872 [main] DEBUG org.hibernate.type.descriptor.jdbc.spi.JdbcTypeRegistry - addDescriptor(2004, BlobTypeDescriptor(BLOB_BINDING)) replaced previous registration(BlobTypeDescriptor(DEFAULT))
25-04-01 16:40:27.872 [main] DEBUG org.hibernate.type.descriptor.jdbc.spi.JdbcTypeRegistry - addDescriptor(2005, ClobTypeDescriptor(CLOB_BINDING)) replaced previous registration(ClobTypeDescriptor(DEFAULT))
25-04-01 16:40:27.881 [main] DEBUG org.hibernate.type.BasicTypeRegistry - Adding type registration JAVA_OBJECT -> org.hibernate.type.JavaObjectType@2051a0ec
25-04-01 16:40:27.882 [main] DEBUG org.hibernate.type.BasicTypeRegistry - Adding type registration java.lang.Object -> org.hibernate.type.JavaObjectType@2051a0ec
25-04-01 16:40:27.882 [main] DEBUG org.hibernate.type.BasicTypeRegistry - Type registration key [java.lang.Object] overrode previous entry : `org.hibernate.type.JavaObjectType@492fa72a`
25-04-01 16:40:27.889 [main] DEBUG org.hibernate.type.BasicTypeRegistry - Adding type registration org.hibernate.type.DurationType -> basicType@1(java.time.Duration,3015)
25-04-01 16:40:27.889 [main] DEBUG org.hibernate.type.BasicTypeRegistry - Adding type registration Duration -> basicType@1(java.time.Duration,3015)
25-04-01 16:40:27.889 [main] DEBUG org.hibernate.type.BasicTypeRegistry - Adding type registration java.time.Duration -> basicType@1(java.time.Duration,3015)
25-04-01 16:40:27.893 [main] DEBUG org.hibernate.type.BasicTypeRegistry - Adding type registration org.hibernate.type.OffsetDateTimeType -> basicType@2(java.time.OffsetDateTime,3003)
25-04-01 16:40:27.893 [main] DEBUG org.hibernate.type.BasicTypeRegistry - Adding type registration OffsetDateTime -> basicType@2(java.time.OffsetDateTime,3003)
25-04-01 16:40:27.893 [main] DEBUG org.hibernate.type.BasicTypeRegistry - Adding type registration java.time.OffsetDateTime -> basicType@2(java.time.OffsetDateTime,3003)
25-04-01 16:40:27.893 [main] DEBUG org.hibernate.type.BasicTypeRegistry - Adding type registration org.hibernate.type.ZonedDateTimeType -> basicType@3(java.time.ZonedDateTime,3003)
25-04-01 16:40:27.893 [main] DEBUG org.hibernate.type.BasicTypeRegistry - Adding type registration ZonedDateTime -> basicType@3(java.time.ZonedDateTime,3003)
25-04-01 16:40:27.893 [main] DEBUG org.hibernate.type.BasicTypeRegistry - Adding type registration java.time.ZonedDateTime -> basicType@3(java.time.ZonedDateTime,3003)
25-04-01 16:40:27.894 [main] DEBUG org.hibernate.type.BasicTypeRegistry - Adding type registration org.hibernate.type.OffsetTimeType -> basicType@4(java.time.OffsetTime,3007)
25-04-01 16:40:27.894 [main] DEBUG org.hibernate.type.BasicTypeRegistry - Adding type registration OffsetTime -> basicType@4(java.time.OffsetTime,3007)
25-04-01 16:40:27.894 [main] DEBUG org.hibernate.type.BasicTypeRegistry - Adding type registration java.time.OffsetTime -> basicType@4(java.time.OffsetTime,3007)
25-04-01 16:40:27.896 [main] DEBUG org.hibernate.type.spi.TypeConfiguration$Scope - Scoping TypeConfiguration [org.hibernate.type.spi.TypeConfiguration@6ad198c9] to MetadataBuildingContext [org.hibernate.boot.internal.MetadataBuildingContextRootImpl@481bae3f]
25-04-01 16:40:29.289 [main] INFO  org.hibernate.engine.transaction.jta.platform.internal.JtaPlatformInitiator - HHH000489: No JTA platform available (set 'hibernate.transaction.jta.platform' to enable JTA platform integration)
25-04-01 16:40:29.290 [main] DEBUG org.hibernate.type.spi.TypeConfiguration$Scope - Scoping TypeConfiguration [org.hibernate.type.spi.TypeConfiguration@6ad198c9] to SessionFactoryImplementor [org.hibernate.internal.SessionFactoryImpl@21f27bb5]
25-04-01 16:40:29.449 [main] TRACE org.hibernate.type.spi.TypeConfiguration$Scope - Handling #sessionFactoryCreated from [org.hibernate.internal.SessionFactoryImpl@21f27bb5] for TypeConfiguration
25-04-01 16:40:29.450 [main] INFO  org.springframework.orm.jpa.LocalContainerEntityManagerFactoryBean - Initialized JPA EntityManagerFactory for persistence unit 'default'
25-04-01 16:40:29.765 [main] INFO  org.springframework.data.jpa.repository.query.QueryEnhancerFactory - Hibernate is in classpath; If applicable, HQL parser will be used.
25-04-01 16:40:30.635 [main] WARN  org.springframework.boot.autoconfigure.orm.jpa.JpaBaseConfiguration$JpaWebConfiguration - spring.jpa.open-in-view is enabled by default. Therefore, database queries may be performed during view rendering. Explicitly configure spring.jpa.open-in-view to disable this warning
25-04-01 16:40:30.676 [main] INFO  org.springframework.boot.autoconfigure.web.servlet.WelcomePageHandlerMapping - Adding welcome page: class path resource [static/index.html]
25-04-01 16:40:31.559 [main] INFO  org.springframework.boot.actuate.endpoint.web.EndpointLinksResolver - Exposing 4 endpoints beneath base path '/actuator'
25-04-01 16:40:31.629 [main] INFO  org.apache.coyote.http11.Http11NioProtocol - Starting ProtocolHandler ["http-nio-8080"]
25-04-01 16:40:31.650 [main] INFO  org.springframework.boot.web.embedded.tomcat.TomcatWebServer - Tomcat started on port 8080 (http) with context path '/'
25-04-01 16:40:31.664 [main] INFO  com.sprint.mission.discodeit.DiscodeitApplication - Started DiscodeitApplication in 8.254 seconds (process running for 8.826)
25-04-01 16:40:32.074 [RMI TCP Connection(3)-192.168.124.100] INFO  org.apache.catalina.core.ContainerBase.[Tomcat].[localhost].[/] - Initializing Spring DispatcherServlet 'dispatcherServlet'
25-04-01 16:40:32.075 [RMI TCP Connection(3)-192.168.124.100] INFO  org.springframework.web.servlet.DispatcherServlet - Initializing Servlet 'dispatcherServlet'
25-04-01 16:40:32.077 [RMI TCP Connection(3)-192.168.124.100] INFO  org.springframework.web.servlet.DispatcherServlet - Completed initialization in 2 ms
25-04-01 16:42:53.648 [SpringApplicationShutdownHook] INFO  org.springframework.boot.web.embedded.tomcat.GracefulShutdown - Commencing graceful shutdown. Waiting for active requests to complete
25-04-01 16:42:53.843 [tomcat-shutdown] INFO  org.springframework.boot.web.embedded.tomcat.GracefulShutdown - Graceful shutdown complete
25-04-01 16:42:53.850 [SpringApplicationShutdownHook] INFO  org.springframework.orm.jpa.LocalContainerEntityManagerFactoryBean - Closing JPA EntityManagerFactory for persistence unit 'default'
25-04-01 16:42:53.850 [SpringApplicationShutdownHook] TRACE org.hibernate.type.spi.TypeConfiguration$Scope - Handling #sessionFactoryClosed from [org.hibernate.internal.SessionFactoryImpl@21f27bb5] for TypeConfiguration
25-04-01 16:42:53.851 [SpringApplicationShutdownHook] DEBUG org.hibernate.type.spi.TypeConfiguration$Scope - Un-scoping TypeConfiguration [org.hibernate.type.spi.TypeConfiguration$Scope@19551b6f] from SessionFactory [org.hibernate.internal.SessionFactoryImpl@21f27bb5]
25-04-01 16:42:53.852 [SpringApplicationShutdownHook] INFO  com.zaxxer.hikari.HikariDataSource   - HikariPool-1 - Shutdown initiated...
25-04-01 16:42:53.855 [SpringApplicationShutdownHook] INFO  com.zaxxer.hikari.HikariDataSource   - HikariPool-1 - Shutdown completed.
