25-04-09 11:08:28.540 [background-preinit] [32mINFO [0;39m o.h.validator.internal.util.Version  [ |  | ] - HV000001: Hibernate Validator 8.0.1.Final
25-04-09 11:08:28.626 [main] [32mINFO [0;39m c.s.m.discodeit.DiscodeitApplication [ |  | ] - Starting DiscodeitApplication using Java 17.0.13 with PID 27836 (C:\Users\min\IdeaProjects\sprint-mission\1-sprint-mission\build\classes\java\main started by min in C:\Users\min\IdeaProjects\sprint-mission\1-sprint-mission)
25-04-09 11:08:28.626 [main] [32mDEBUG[0;39m c.s.m.discodeit.DiscodeitApplication [ |  | ] - Running with Spring Boot v3.4.0, Spring v6.2.0
25-04-09 11:08:28.627 [main] [32mINFO [0;39m c.s.m.discodeit.DiscodeitApplication [ |  | ] - The following 1 profile is active: "dev"
25-04-09 11:08:30.337 [main] [32mINFO [0;39m o.s.d.r.c.RepositoryConfigurationDelegate [ |  | ] - Bootstrapping Spring Data JPA repositories in DEFAULT mode.
25-04-09 11:08:30.467 [main] [32mINFO [0;39m o.s.d.r.c.RepositoryConfigurationDelegate [ |  | ] - Finished Spring Data repository scanning in 119 ms. Found 6 JPA repository interfaces.
25-04-09 11:08:31.380 [main] [32mINFO [0;39m o.s.b.w.e.tomcat.TomcatWebServer     [ |  | ] - Tomcat initialized with port 8080 (http)
25-04-09 11:08:31.396 [main] [32mINFO [0;39m o.a.coyote.http11.Http11NioProtocol  [ |  | ] - Initializing ProtocolHandler ["http-nio-8080"]
25-04-09 11:08:31.399 [main] [32mINFO [0;39m o.a.catalina.core.StandardService    [ |  | ] - Starting service [Tomcat]
25-04-09 11:08:31.400 [main] [32mINFO [0;39m o.a.catalina.core.StandardEngine     [ |  | ] - Starting Servlet engine: [Apache Tomcat/10.1.33]
25-04-09 11:08:31.508 [main] [32mINFO [0;39m o.a.c.c.C.[Tomcat].[localhost].[/]   [ |  | ] - Initializing Spring embedded WebApplicationContext
25-04-09 11:08:31.509 [main] [32mINFO [0;39m o.s.b.w.s.c.ServletWebServerApplicationContext [ |  | ] - Root WebApplicationContext: initialization completed in 2825 ms
25-04-09 11:08:31.775 [main] [32mINFO [0;39m com.zaxxer.hikari.HikariDataSource   [ |  | ] - HikariPool-1 - Starting...
25-04-09 11:08:32.029 [main] [32mINFO [0;39m com.zaxxer.hikari.pool.HikariPool    [ |  | ] - HikariPool-1 - Added connection org.postgresql.jdbc.PgConnection@213012a0
25-04-09 11:08:32.031 [main] [32mINFO [0;39m com.zaxxer.hikari.HikariDataSource   [ |  | ] - HikariPool-1 - Start completed.
25-04-09 11:08:32.153 [main] [32mINFO [0;39m o.h.jpa.internal.util.LogHelper      [ |  | ] - HHH000204: Processing PersistenceUnitInfo [name: default]
25-04-09 11:08:32.261 [main] [32mINFO [0;39m org.hibernate.Version                [ |  | ] - HHH000412: Hibernate ORM core version 6.6.2.Final
25-04-09 11:08:32.315 [main] [32mINFO [0;39m o.h.c.i.RegionFactoryInitiator       [ |  | ] - HHH000026: Second-level cache disabled
25-04-09 11:08:32.760 [main] [32mINFO [0;39m o.s.o.j.p.SpringPersistenceUnitInfo  [ |  | ] - No LoadTimeWeaver setup: ignoring JPA class transformer
25-04-09 11:08:32.928 [main] [32mINFO [0;39m o.hibernate.orm.connections.pooling  [ |  | ] - HHH10001005: Database info:
	Database JDBC URL [Connecting through datasource 'HikariDataSource (HikariPool-1)']
	Database driver: undefined/unknown
	Database version: 17.4
	Autocommit mode: undefined/unknown
	Isolation level: undefined/unknown
	Minimum pool size: undefined/unknown
	Maximum pool size: undefined/unknown
25-04-09 11:08:34.364 [main] [32mINFO [0;39m o.h.e.t.j.p.i.JtaPlatformInitiator   [ |  | ] - HHH000489: No JTA platform available (set 'hibernate.transaction.jta.platform' to enable JTA platform integration)
25-04-09 11:08:34.443 [main] [32mINFO [0;39m o.s.o.j.LocalContainerEntityManagerFactoryBean [ |  | ] - Initialized JPA EntityManagerFactory for persistence unit 'default'
25-04-09 11:08:34.816 [main] [32mINFO [0;39m o.s.d.j.r.query.QueryEnhancerFactory [ |  | ] - Hibernate is in classpath; If applicable, HQL parser will be used.
25-04-09 11:08:35.644 [main] [32mINFO [0;39m o.s.b.a.w.s.WelcomePageHandlerMapping [ |  | ] - Adding welcome page: class path resource [static/index.html]
25-04-09 11:08:36.511 [main] [32mINFO [0;39m o.s.b.a.e.web.EndpointLinksResolver  [ |  | ] - Exposing 4 endpoints beneath base path '/actuator'
25-04-09 11:08:36.580 [main] [32mINFO [0;39m o.a.coyote.http11.Http11NioProtocol  [ |  | ] - Starting ProtocolHandler ["http-nio-8080"]
25-04-09 11:08:36.605 [main] [32mINFO [0;39m o.s.b.w.e.tomcat.TomcatWebServer     [ |  | ] - Tomcat started on port 8080 (http) with context path '/'
25-04-09 11:08:36.621 [main] [32mINFO [0;39m c.s.m.discodeit.DiscodeitApplication [ |  | ] - Started DiscodeitApplication in 8.882 seconds (process running for 9.758)
25-04-09 11:08:37.069 [RMI TCP Connection(3)-192.168.124.100] [32mINFO [0;39m o.a.c.c.C.[Tomcat].[localhost].[/]   [ |  | ] - Initializing Spring DispatcherServlet 'dispatcherServlet'
25-04-09 11:08:37.069 [RMI TCP Connection(3)-192.168.124.100] [32mINFO [0;39m o.s.web.servlet.DispatcherServlet    [ |  | ] - Initializing Servlet 'dispatcherServlet'
25-04-09 11:08:37.071 [RMI TCP Connection(3)-192.168.124.100] [32mINFO [0;39m o.s.web.servlet.DispatcherServlet    [ |  | ] - Completed initialization in 2 ms
25-04-09 11:08:46.406 [SpringApplicationShutdownHook] [32mINFO [0;39m o.s.b.w.e.tomcat.GracefulShutdown    [ |  | ] - Commencing graceful shutdown. Waiting for active requests to complete
25-04-09 11:08:46.516 [tomcat-shutdown] [32mINFO [0;39m o.s.b.w.e.tomcat.GracefulShutdown    [ |  | ] - Graceful shutdown complete
25-04-09 11:08:46.521 [SpringApplicationShutdownHook] [32mINFO [0;39m o.s.o.j.LocalContainerEntityManagerFactoryBean [ |  | ] - Closing JPA EntityManagerFactory for persistence unit 'default'
25-04-09 11:08:46.522 [SpringApplicationShutdownHook] [32mINFO [0;39m com.zaxxer.hikari.HikariDataSource   [ |  | ] - HikariPool-1 - Shutdown initiated...
25-04-09 11:08:46.526 [SpringApplicationShutdownHook] [32mINFO [0;39m com.zaxxer.hikari.HikariDataSource   [ |  | ] - HikariPool-1 - Shutdown completed.
25-04-09 19:07:35.200 [background-preinit] INFO  o.h.validator.internal.util.Version  [ |  | ] - HV000001: Hibernate Validator 8.0.1.Final
25-04-09 19:07:35.280 [Test worker] INFO  c.s.m.d.s.s.S3BinaryContentStorageTest [ |  | ] - Starting S3BinaryContentStorageTest using Java 17.0.13 with PID 17744 (started by min in C:\Users\min\IdeaProjects\sprint-mission\1-sprint-mission)
25-04-09 19:07:35.280 [Test worker] DEBUG c.s.m.d.s.s.S3BinaryContentStorageTest [ |  | ] - Running with Spring Boot v3.4.0, Spring v6.2.0
25-04-09 19:07:35.281 [Test worker] INFO  c.s.m.d.s.s.S3BinaryContentStorageTest [ |  | ] - The following 1 profile is active: "dev"
25-04-09 19:07:36.819 [Test worker] WARN  o.s.w.c.s.GenericWebApplicationContext [ |  | ] - Exception encountered during context initialization - cancelling refresh attempt: org.springframework.beans.factory.support.BeanDefinitionOverrideException: Invalid bean definition with name 's3BinaryContentStorage' defined in class path resource [com/sprint/mission/discodeit/config/StorageConfig.class]: Cannot register bean definition [Root bean: class=null; scope=; abstract=false; lazyInit=null; autowireMode=3; dependencyCheck=0; autowireCandidate=true; primary=false; fallback=false; factoryBeanName=storageConfig; factoryMethodName=s3BinaryContentStorage; initMethodNames=null; destroyMethodNames=[(inferred)]; defined in class path resource [com/sprint/mission/discodeit/config/StorageConfig.class]] for bean 's3BinaryContentStorage' since there is already [Generic bean: class=com.sprint.mission.discodeit.storage.s3.S3BinaryContentStorage; scope=singleton; abstract=false; lazyInit=null; autowireMode=0; dependencyCheck=0; autowireCandidate=true; primary=false; fallback=false; factoryBeanName=null; factoryMethodName=null; initMethodNames=null; destroyMethodNames=null; defined in file [C:\Users\min\IdeaProjects\sprint-mission\1-sprint-mission\build\classes\java\main\com\sprint\mission\discodeit\storage\s3\S3BinaryContentStorage.class]] bound.
25-04-09 19:07:36.858 [Test worker] INFO  o.s.b.a.l.ConditionEvaluationReportLogger [ |  | ] - 

Error starting ApplicationContext. To display the condition evaluation report re-run your application with 'debug' enabled.
25-04-09 19:07:36.920 [Test worker] ERROR o.s.b.d.LoggingFailureAnalysisReporter [ |  | ] - 

***************************
APPLICATION FAILED TO START
***************************

Description:

The bean 's3BinaryContentStorage', defined in class path resource [com/sprint/mission/discodeit/config/StorageConfig.class], could not be registered. A bean with that name has already been defined in file [C:\Users\min\IdeaProjects\sprint-mission\1-sprint-mission\build\classes\java\main\com\sprint\mission\discodeit\storage\s3\S3BinaryContentStorage.class] and overriding is disabled.

Action:

Consider renaming one of the beans or enabling overriding by setting spring.main.allow-bean-definition-overriding=true

25-04-09 19:07:36.928 [Test worker] WARN  o.s.test.context.TestContextManager  [ |  | ] - Caught exception while allowing TestExecutionListener [org.springframework.test.context.web.ServletTestExecutionListener] to prepare test instance [com.sprint.mission.discodeit.storage.s3.S3BinaryContentStorageTest@34907a49]
java.lang.IllegalStateException: Failed to load ApplicationContext for [WebMergedContextConfiguration@1cb7f2fe testClass = com.sprint.mission.discodeit.storage.s3.S3BinaryContentStorageTest, locations = [], classes = [com.sprint.mission.discodeit.DiscodeitApplication], contextInitializerClasses = [], activeProfiles = [], propertySourceDescriptors = [PropertySourceDescriptor[locations=[], ignoreResourceNotFound=false, name=null, propertySourceFactory=null, encoding=null]], propertySourceProperties = ["discodeit.storage.type=s3", "org.springframework.boot.test.context.SpringBootTestContextBootstrapper=true"], contextCustomizers = [org.springframework.boot.test.autoconfigure.OnFailureConditionReportContextCustomizerFactory$OnFailureConditionReportContextCustomizer@4d41ba0f, org.springframework.boot.test.autoconfigure.actuate.observability.ObservabilityContextCustomizerFactory$DisableObservabilityContextCustomizer@1f, org.springframework.boot.test.autoconfigure.properties.PropertyMappingContextCustomizer@0, org.springframework.boot.test.autoconfigure.web.servlet.WebDriverContextCustomizer@1cd3b138, org.springframework.boot.test.context.filter.ExcludeFilterContextCustomizer@40e37b06, org.springframework.boot.test.json.DuplicateJsonObjectContextCustomizerFactory$DuplicateJsonObjectContextCustomizer@fc807c1, org.springframework.boot.test.mock.mockito.MockitoContextCustomizer@0, org.springframework.boot.test.web.client.TestRestTemplateContextCustomizer@1f6917fb, org.springframework.boot.test.web.reactor.netty.DisableReactorResourceFactoryGlobalResourcesContextCustomizerFactory$DisableReactorResourceFactoryGlobalResourcesContextCustomizerCustomizer@2f897dab, org.springframework.test.context.support.DynamicPropertiesContextCustomizer@0, org.springframework.boot.test.context.SpringBootTestAnnotation@39d7c9d3], resourceBasePath = "src/main/webapp", contextLoader = org.springframework.boot.test.context.SpringBootContextLoader, parent = null]
	at org.springframework.test.context.cache.DefaultCacheAwareContextLoaderDelegate.loadContext(DefaultCacheAwareContextLoaderDelegate.java:180)
	at org.springframework.test.context.support.DefaultTestContext.getApplicationContext(DefaultTestContext.java:130)
	at org.springframework.test.context.web.ServletTestExecutionListener.setUpRequestContextIfNecessary(ServletTestExecutionListener.java:191)
	at org.springframework.test.context.web.ServletTestExecutionListener.prepareTestInstance(ServletTestExecutionListener.java:130)
	at org.springframework.test.context.TestContextManager.prepareTestInstance(TestContextManager.java:260)
	at org.springframework.test.context.junit.jupiter.SpringExtension.postProcessTestInstance(SpringExtension.java:160)
	at org.junit.jupiter.engine.descriptor.ClassBasedTestDescriptor.lambda$invokeTestInstancePostProcessors$11(ClassBasedTestDescriptor.java:378)
	at org.junit.jupiter.engine.descriptor.ClassBasedTestDescriptor.executeAndMaskThrowable(ClassBasedTestDescriptor.java:383)
	at org.junit.jupiter.engine.descriptor.ClassBasedTestDescriptor.lambda$invokeTestInstancePostProcessors$12(ClassBasedTestDescriptor.java:378)
	at java.base/java.util.stream.ForEachOps$ForEachOp$OfRef.accept(ForEachOps.java:183)
	at java.base/java.util.stream.ReferencePipeline$3$1.accept(ReferencePipeline.java:197)
	at java.base/java.util.stream.ReferencePipeline$2$1.accept(ReferencePipeline.java:179)
	at java.base/java.util.stream.ReferencePipeline$3$1.accept(ReferencePipeline.java:197)
	at java.base/java.util.ArrayList$ArrayListSpliterator.forEachRemaining(ArrayList.java:1625)
	at java.base/java.util.stream.AbstractPipeline.copyInto(AbstractPipeline.java:509)
	at java.base/java.util.stream.AbstractPipeline.wrapAndCopyInto(AbstractPipeline.java:499)
	at java.base/java.util.stream.ForEachOps$ForEachOp.evaluateSequential(ForEachOps.java:150)
	at java.base/java.util.stream.ForEachOps$ForEachOp$OfRef.evaluateSequential(ForEachOps.java:173)
	at java.base/java.util.stream.AbstractPipeline.evaluate(AbstractPipeline.java:234)
	at java.base/java.util.stream.ReferencePipeline.forEach(ReferencePipeline.java:596)
	at org.junit.jupiter.engine.descriptor.ClassBasedTestDescriptor.invokeTestInstancePostProcessors(ClassBasedTestDescriptor.java:377)
	at org.junit.jupiter.engine.descriptor.ClassBasedTestDescriptor.lambda$instantiateAndPostProcessTestInstance$7(ClassBasedTestDescriptor.java:290)
	at org.junit.platform.engine.support.hierarchical.ThrowableCollector.execute(ThrowableCollector.java:73)
	at org.junit.jupiter.engine.descriptor.ClassBasedTestDescriptor.instantiateAndPostProcessTestInstance(ClassBasedTestDescriptor.java:289)
	at org.junit.jupiter.engine.descriptor.ClassBasedTestDescriptor.lambda$testInstancesProvider$5(ClassBasedTestDescriptor.java:279)
	at java.base/java.util.Optional.orElseGet(Optional.java:364)
	at org.junit.jupiter.engine.descriptor.ClassBasedTestDescriptor.lambda$testInstancesProvider$6(ClassBasedTestDescriptor.java:278)
	at org.junit.jupiter.engine.execution.TestInstancesProvider.getTestInstances(TestInstancesProvider.java:31)
	at org.junit.jupiter.engine.descriptor.TestMethodTestDescriptor.lambda$prepare$1(TestMethodTestDescriptor.java:105)
	at org.junit.platform.engine.support.hierarchical.ThrowableCollector.execute(ThrowableCollector.java:73)
	at org.junit.jupiter.engine.descriptor.TestMethodTestDescriptor.prepare(TestMethodTestDescriptor.java:104)
	at org.junit.jupiter.engine.descriptor.TestMethodTestDescriptor.prepare(TestMethodTestDescriptor.java:68)
	at org.junit.platform.engine.support.hierarchical.NodeTestTask.lambda$prepare$2(NodeTestTask.java:128)
	at org.junit.platform.engine.support.hierarchical.ThrowableCollector.execute(ThrowableCollector.java:73)
	at org.junit.platform.engine.support.hierarchical.NodeTestTask.prepare(NodeTestTask.java:128)
	at org.junit.platform.engine.support.hierarchical.NodeTestTask.execute(NodeTestTask.java:95)
	at java.base/java.util.ArrayList.forEach(ArrayList.java:1511)
	at org.junit.platform.engine.support.hierarchical.SameThreadHierarchicalTestExecutorService.invokeAll(SameThreadHierarchicalTestExecutorService.java:41)
	at org.junit.platform.engine.support.hierarchical.NodeTestTask.lambda$executeRecursively$6(NodeTestTask.java:160)
	at org.junit.platform.engine.support.hierarchical.ThrowableCollector.execute(ThrowableCollector.java:73)
	at org.junit.platform.engine.support.hierarchical.NodeTestTask.lambda$executeRecursively$8(NodeTestTask.java:146)
	at org.junit.platform.engine.support.hierarchical.Node.around(Node.java:137)
	at org.junit.platform.engine.support.hierarchical.NodeTestTask.lambda$executeRecursively$9(NodeTestTask.java:144)
	at org.junit.platform.engine.support.hierarchical.ThrowableCollector.execute(ThrowableCollector.java:73)
	at org.junit.platform.engine.support.hierarchical.NodeTestTask.executeRecursively(NodeTestTask.java:143)
	at org.junit.platform.engine.support.hierarchical.NodeTestTask.execute(NodeTestTask.java:100)
	at java.base/java.util.ArrayList.forEach(ArrayList.java:1511)
	at org.junit.platform.engine.support.hierarchical.SameThreadHierarchicalTestExecutorService.invokeAll(SameThreadHierarchicalTestExecutorService.java:41)
	at org.junit.platform.engine.support.hierarchical.NodeTestTask.lambda$executeRecursively$6(NodeTestTask.java:160)
	at org.junit.platform.engine.support.hierarchical.ThrowableCollector.execute(ThrowableCollector.java:73)
	at org.junit.platform.engine.support.hierarchical.NodeTestTask.lambda$executeRecursively$8(NodeTestTask.java:146)
	at org.junit.platform.engine.support.hierarchical.Node.around(Node.java:137)
	at org.junit.platform.engine.support.hierarchical.NodeTestTask.lambda$executeRecursively$9(NodeTestTask.java:144)
	at org.junit.platform.engine.support.hierarchical.ThrowableCollector.execute(ThrowableCollector.java:73)
	at org.junit.platform.engine.support.hierarchical.NodeTestTask.executeRecursively(NodeTestTask.java:143)
	at org.junit.platform.engine.support.hierarchical.NodeTestTask.execute(NodeTestTask.java:100)
	at org.junit.platform.engine.support.hierarchical.SameThreadHierarchicalTestExecutorService.submit(SameThreadHierarchicalTestExecutorService.java:35)
	at org.junit.platform.engine.support.hierarchical.HierarchicalTestExecutor.execute(HierarchicalTestExecutor.java:57)
	at org.junit.platform.engine.support.hierarchical.HierarchicalTestEngine.execute(HierarchicalTestEngine.java:54)
	at org.junit.platform.launcher.core.EngineExecutionOrchestrator.execute(EngineExecutionOrchestrator.java:198)
	at org.junit.platform.launcher.core.EngineExecutionOrchestrator.execute(EngineExecutionOrchestrator.java:169)
	at org.junit.platform.launcher.core.EngineExecutionOrchestrator.execute(EngineExecutionOrchestrator.java:93)
	at org.junit.platform.launcher.core.EngineExecutionOrchestrator.lambda$execute$0(EngineExecutionOrchestrator.java:58)
	at org.junit.platform.launcher.core.EngineExecutionOrchestrator.withInterceptedStreams(EngineExecutionOrchestrator.java:141)
	at org.junit.platform.launcher.core.EngineExecutionOrchestrator.execute(EngineExecutionOrchestrator.java:57)
	at org.junit.platform.launcher.core.DefaultLauncher.execute(DefaultLauncher.java:103)
	at org.junit.platform.launcher.core.DefaultLauncher.execute(DefaultLauncher.java:85)
	at org.junit.platform.launcher.core.DelegatingLauncher.execute(DelegatingLauncher.java:47)
	at org.gradle.api.internal.tasks.testing.junitplatform.JUnitPlatformTestClassProcessor$CollectAllTestClassesExecutor.processAllTestClasses(JUnitPlatformTestClassProcessor.java:124)
	at org.gradle.api.internal.tasks.testing.junitplatform.JUnitPlatformTestClassProcessor$CollectAllTestClassesExecutor.access$000(JUnitPlatformTestClassProcessor.java:99)
	at org.gradle.api.internal.tasks.testing.junitplatform.JUnitPlatformTestClassProcessor.stop(JUnitPlatformTestClassProcessor.java:94)
	at org.gradle.api.internal.tasks.testing.SuiteTestClassProcessor.stop(SuiteTestClassProcessor.java:63)
	at java.base/jdk.internal.reflect.NativeMethodAccessorImpl.invoke0(Native Method)
	at java.base/jdk.internal.reflect.NativeMethodAccessorImpl.invoke(NativeMethodAccessorImpl.java:77)
	at java.base/jdk.internal.reflect.DelegatingMethodAccessorImpl.invoke(DelegatingMethodAccessorImpl.java:43)
	at java.base/java.lang.reflect.Method.invoke(Method.java:568)
	at org.gradle.internal.dispatch.ReflectionDispatch.dispatch(ReflectionDispatch.java:36)
	at org.gradle.internal.dispatch.ReflectionDispatch.dispatch(ReflectionDispatch.java:24)
	at org.gradle.internal.dispatch.ContextClassLoaderDispatch.dispatch(ContextClassLoaderDispatch.java:33)
	at org.gradle.internal.dispatch.ProxyDispatchAdapter$DispatchingInvocationHandler.invoke(ProxyDispatchAdapter.java:92)
	at jdk.proxy2/jdk.proxy2.$Proxy6.stop(Unknown Source)
	at org.gradle.api.internal.tasks.testing.worker.TestWorker$3.run(TestWorker.java:200)
	at org.gradle.api.internal.tasks.testing.worker.TestWorker.executeAndMaintainThreadName(TestWorker.java:132)
	at org.gradle.api.internal.tasks.testing.worker.TestWorker.execute(TestWorker.java:103)
	at org.gradle.api.internal.tasks.testing.worker.TestWorker.execute(TestWorker.java:63)
	at org.gradle.process.internal.worker.child.ActionExecutionWorker.execute(ActionExecutionWorker.java:56)
	at org.gradle.process.internal.worker.child.SystemApplicationClassLoaderWorker.call(SystemApplicationClassLoaderWorker.java:121)
	at org.gradle.process.internal.worker.child.SystemApplicationClassLoaderWorker.call(SystemApplicationClassLoaderWorker.java:71)
	at worker.org.gradle.process.internal.worker.GradleWorkerMain.run(GradleWorkerMain.java:69)
	at worker.org.gradle.process.internal.worker.GradleWorkerMain.main(GradleWorkerMain.java:74)
Caused by: org.springframework.beans.factory.support.BeanDefinitionOverrideException: Invalid bean definition with name 's3BinaryContentStorage' defined in class path resource [com/sprint/mission/discodeit/config/StorageConfig.class]: Cannot register bean definition [Root bean: class=null; scope=; abstract=false; lazyInit=null; autowireMode=3; dependencyCheck=0; autowireCandidate=true; primary=false; fallback=false; factoryBeanName=storageConfig; factoryMethodName=s3BinaryContentStorage; initMethodNames=null; destroyMethodNames=[(inferred)]; defined in class path resource [com/sprint/mission/discodeit/config/StorageConfig.class]] for bean 's3BinaryContentStorage' since there is already [Generic bean: class=com.sprint.mission.discodeit.storage.s3.S3BinaryContentStorage; scope=singleton; abstract=false; lazyInit=null; autowireMode=0; dependencyCheck=0; autowireCandidate=true; primary=false; fallback=false; factoryBeanName=null; factoryMethodName=null; initMethodNames=null; destroyMethodNames=null; defined in file [C:\Users\min\IdeaProjects\sprint-mission\1-sprint-mission\build\classes\java\main\com\sprint\mission\discodeit\storage\s3\S3BinaryContentStorage.class]] bound.
	at org.springframework.beans.factory.support.DefaultListableBeanFactory.registerBeanDefinition(DefaultListableBeanFactory.java:1151)
	at org.springframework.context.annotation.ConfigurationClassBeanDefinitionReader.loadBeanDefinitionsForBeanMethod(ConfigurationClassBeanDefinitionReader.java:292)
	at org.springframework.context.annotation.ConfigurationClassBeanDefinitionReader.loadBeanDefinitionsForConfigurationClass(ConfigurationClassBeanDefinitionReader.java:145)
	at org.springframework.context.annotation.ConfigurationClassBeanDefinitionReader.loadBeanDefinitions(ConfigurationClassBeanDefinitionReader.java:121)
	at org.springframework.context.annotation.ConfigurationClassPostProcessor.processConfigBeanDefinitions(ConfigurationClassPostProcessor.java:430)
	at org.springframework.context.annotation.ConfigurationClassPostProcessor.postProcessBeanDefinitionRegistry(ConfigurationClassPostProcessor.java:290)
	at org.springframework.context.support.PostProcessorRegistrationDelegate.invokeBeanDefinitionRegistryPostProcessors(PostProcessorRegistrationDelegate.java:349)
	at org.springframework.context.support.PostProcessorRegistrationDelegate.invokeBeanFactoryPostProcessors(PostProcessorRegistrationDelegate.java:118)
	at org.springframework.context.support.AbstractApplicationContext.invokeBeanFactoryPostProcessors(AbstractApplicationContext.java:791)
	at org.springframework.context.support.AbstractApplicationContext.refresh(AbstractApplicationContext.java:609)
	at org.springframework.boot.SpringApplication.refresh(SpringApplication.java:752)
	at org.springframework.boot.SpringApplication.refreshContext(SpringApplication.java:439)
	at org.springframework.boot.SpringApplication.run(SpringApplication.java:318)
	at org.springframework.boot.test.context.SpringBootContextLoader.lambda$loadContext$3(SpringBootContextLoader.java:137)
	at org.springframework.util.function.ThrowingSupplier.get(ThrowingSupplier.java:58)
	at org.springframework.util.function.ThrowingSupplier.get(ThrowingSupplier.java:46)
	at org.springframework.boot.SpringApplication.withHook(SpringApplication.java:1461)
	at org.springframework.boot.test.context.SpringBootContextLoader$ContextLoaderHook.run(SpringBootContextLoader.java:553)
	at org.springframework.boot.test.context.SpringBootContextLoader.loadContext(SpringBootContextLoader.java:137)
	at org.springframework.boot.test.context.SpringBootContextLoader.loadContext(SpringBootContextLoader.java:108)
	at org.springframework.test.context.cache.DefaultCacheAwareContextLoaderDelegate.loadContextInternal(DefaultCacheAwareContextLoaderDelegate.java:225)
	at org.springframework.test.context.cache.DefaultCacheAwareContextLoaderDelegate.loadContext(DefaultCacheAwareContextLoaderDelegate.java:152)
	... 89 common frames omitted
25-04-09 19:13:02.946 [background-preinit] INFO  o.h.validator.internal.util.Version  [ |  | ] - HV000001: Hibernate Validator 8.0.1.Final
25-04-09 19:13:03.016 [Test worker] INFO  c.s.m.d.s.s.S3BinaryContentStorageTest [ |  | ] - Starting S3BinaryContentStorageTest using Java 17.0.13 with PID 18032 (started by min in C:\Users\min\IdeaProjects\sprint-mission\1-sprint-mission)
25-04-09 19:13:03.017 [Test worker] DEBUG c.s.m.d.s.s.S3BinaryContentStorageTest [ |  | ] - Running with Spring Boot v3.4.0, Spring v6.2.0
25-04-09 19:13:03.017 [Test worker] INFO  c.s.m.d.s.s.S3BinaryContentStorageTest [ |  | ] - The following 1 profile is active: "dev"
25-04-09 19:13:05.110 [Test worker] INFO  o.s.d.r.c.RepositoryConfigurationDelegate [ |  | ] - Bootstrapping Spring Data JPA repositories in DEFAULT mode.
25-04-09 19:13:05.296 [Test worker] INFO  o.s.d.r.c.RepositoryConfigurationDelegate [ |  | ] - Finished Spring Data repository scanning in 169 ms. Found 6 JPA repository interfaces.
25-04-09 19:13:06.364 [Test worker] INFO  com.zaxxer.hikari.HikariDataSource   [ |  | ] - HikariPool-1 - Starting...
25-04-09 19:13:06.734 [Test worker] INFO  com.zaxxer.hikari.pool.HikariPool    [ |  | ] - HikariPool-1 - Added connection org.postgresql.jdbc.PgConnection@1ff4496
25-04-09 19:13:06.737 [Test worker] INFO  com.zaxxer.hikari.HikariDataSource   [ |  | ] - HikariPool-1 - Start completed.
25-04-09 19:13:06.945 [Test worker] INFO  o.h.jpa.internal.util.LogHelper      [ |  | ] - HHH000204: Processing PersistenceUnitInfo [name: default]
25-04-09 19:13:07.148 [Test worker] INFO  org.hibernate.Version                [ |  | ] - HHH000412: Hibernate ORM core version 6.6.2.Final
25-04-09 19:13:07.241 [Test worker] INFO  o.h.c.i.RegionFactoryInitiator       [ |  | ] - HHH000026: Second-level cache disabled
25-04-09 19:13:07.889 [Test worker] INFO  o.s.o.j.p.SpringPersistenceUnitInfo  [ |  | ] - No LoadTimeWeaver setup: ignoring JPA class transformer
25-04-09 19:13:08.085 [Test worker] INFO  o.hibernate.orm.connections.pooling  [ |  | ] - HHH10001005: Database info:
	Database JDBC URL [Connecting through datasource 'HikariDataSource (HikariPool-1)']
	Database driver: undefined/unknown
	Database version: 17.4
	Autocommit mode: undefined/unknown
	Isolation level: undefined/unknown
	Minimum pool size: undefined/unknown
	Maximum pool size: undefined/unknown
25-04-09 19:13:10.060 [Test worker] INFO  o.h.e.t.j.p.i.JtaPlatformInitiator   [ |  | ] - HHH000489: No JTA platform available (set 'hibernate.transaction.jta.platform' to enable JTA platform integration)
25-04-09 19:13:10.141 [Test worker] ERROR o.s.o.j.LocalContainerEntityManagerFactoryBean [ |  | ] - Failed to initialize JPA EntityManagerFactory: [PersistenceUnit: default] Unable to build Hibernate SessionFactory; nested exception is org.hibernate.tool.schema.spi.SchemaManagementException: Schema-validation: missing column [attachments_id] in table [message_attachments]
25-04-09 19:13:10.141 [Test worker] WARN  o.s.w.c.s.GenericWebApplicationContext [ |  | ] - Exception encountered during context initialization - cancelling refresh attempt: org.springframework.beans.factory.BeanCreationException: Error creating bean with name 'entityManagerFactory' defined in class path resource [org/springframework/boot/autoconfigure/orm/jpa/HibernateJpaConfiguration.class]: [PersistenceUnit: default] Unable to build Hibernate SessionFactory; nested exception is org.hibernate.tool.schema.spi.SchemaManagementException: Schema-validation: missing column [attachments_id] in table [message_attachments]
25-04-09 19:13:10.142 [Test worker] INFO  com.zaxxer.hikari.HikariDataSource   [ |  | ] - HikariPool-1 - Shutdown initiated...
25-04-09 19:13:10.144 [Test worker] INFO  com.zaxxer.hikari.HikariDataSource   [ |  | ] - HikariPool-1 - Shutdown completed.
25-04-09 19:13:10.184 [Test worker] INFO  o.s.b.a.l.ConditionEvaluationReportLogger [ |  | ] - 

Error starting ApplicationContext. To display the condition evaluation report re-run your application with 'debug' enabled.
25-04-09 19:13:10.264 [Test worker] ERROR o.s.boot.SpringApplication           [ |  | ] - Application run failed
org.springframework.beans.factory.BeanCreationException: Error creating bean with name 'entityManagerFactory' defined in class path resource [org/springframework/boot/autoconfigure/orm/jpa/HibernateJpaConfiguration.class]: [PersistenceUnit: default] Unable to build Hibernate SessionFactory; nested exception is org.hibernate.tool.schema.spi.SchemaManagementException: Schema-validation: missing column [attachments_id] in table [message_attachments]
	at org.springframework.beans.factory.support.AbstractAutowireCapableBeanFactory.initializeBean(AbstractAutowireCapableBeanFactory.java:1802)
	at org.springframework.beans.factory.support.AbstractAutowireCapableBeanFactory.doCreateBean(AbstractAutowireCapableBeanFactory.java:601)
	at org.springframework.beans.factory.support.AbstractAutowireCapableBeanFactory.createBean(AbstractAutowireCapableBeanFactory.java:523)
	at org.springframework.beans.factory.support.AbstractBeanFactory.lambda$doGetBean$0(AbstractBeanFactory.java:336)
	at org.springframework.beans.factory.support.DefaultSingletonBeanRegistry.getSingleton(DefaultSingletonBeanRegistry.java:288)
	at org.springframework.beans.factory.support.AbstractBeanFactory.doGetBean(AbstractBeanFactory.java:334)
	at org.springframework.beans.factory.support.AbstractBeanFactory.getBean(AbstractBeanFactory.java:204)
	at org.springframework.context.support.AbstractApplicationContext.finishBeanFactoryInitialization(AbstractApplicationContext.java:970)
	at org.springframework.context.support.AbstractApplicationContext.refresh(AbstractApplicationContext.java:627)
	at org.springframework.boot.SpringApplication.refresh(SpringApplication.java:752)
	at org.springframework.boot.SpringApplication.refreshContext(SpringApplication.java:439)
	at org.springframework.boot.SpringApplication.run(SpringApplication.java:318)
	at org.springframework.boot.test.context.SpringBootContextLoader.lambda$loadContext$3(SpringBootContextLoader.java:137)
	at org.springframework.util.function.ThrowingSupplier.get(ThrowingSupplier.java:58)
	at org.springframework.util.function.ThrowingSupplier.get(ThrowingSupplier.java:46)
	at org.springframework.boot.SpringApplication.withHook(SpringApplication.java:1461)
	at org.springframework.boot.test.context.SpringBootContextLoader$ContextLoaderHook.run(SpringBootContextLoader.java:553)
	at org.springframework.boot.test.context.SpringBootContextLoader.loadContext(SpringBootContextLoader.java:137)
	at org.springframework.boot.test.context.SpringBootContextLoader.loadContext(SpringBootContextLoader.java:108)
	at org.springframework.test.context.cache.DefaultCacheAwareContextLoaderDelegate.loadContextInternal(DefaultCacheAwareContextLoaderDelegate.java:225)
	at org.springframework.test.context.cache.DefaultCacheAwareContextLoaderDelegate.loadContext(DefaultCacheAwareContextLoaderDelegate.java:152)
	at org.springframework.test.context.support.DefaultTestContext.getApplicationContext(DefaultTestContext.java:130)
	at org.springframework.test.context.web.ServletTestExecutionListener.setUpRequestContextIfNecessary(ServletTestExecutionListener.java:191)
	at org.springframework.test.context.web.ServletTestExecutionListener.prepareTestInstance(ServletTestExecutionListener.java:130)
	at org.springframework.test.context.TestContextManager.prepareTestInstance(TestContextManager.java:260)
	at org.springframework.test.context.junit.jupiter.SpringExtension.postProcessTestInstance(SpringExtension.java:160)
	at org.junit.jupiter.engine.descriptor.ClassBasedTestDescriptor.lambda$invokeTestInstancePostProcessors$11(ClassBasedTestDescriptor.java:378)
	at org.junit.jupiter.engine.descriptor.ClassBasedTestDescriptor.executeAndMaskThrowable(ClassBasedTestDescriptor.java:383)
	at org.junit.jupiter.engine.descriptor.ClassBasedTestDescriptor.lambda$invokeTestInstancePostProcessors$12(ClassBasedTestDescriptor.java:378)
	at java.base/java.util.stream.ForEachOps$ForEachOp$OfRef.accept(ForEachOps.java:183)
	at java.base/java.util.stream.ReferencePipeline$3$1.accept(ReferencePipeline.java:197)
	at java.base/java.util.stream.ReferencePipeline$2$1.accept(ReferencePipeline.java:179)
	at java.base/java.util.stream.ReferencePipeline$3$1.accept(ReferencePipeline.java:197)
	at java.base/java.util.ArrayList$ArrayListSpliterator.forEachRemaining(ArrayList.java:1625)
	at java.base/java.util.stream.AbstractPipeline.copyInto(AbstractPipeline.java:509)
	at java.base/java.util.stream.AbstractPipeline.wrapAndCopyInto(AbstractPipeline.java:499)
	at java.base/java.util.stream.ForEachOps$ForEachOp.evaluateSequential(ForEachOps.java:150)
	at java.base/java.util.stream.ForEachOps$ForEachOp$OfRef.evaluateSequential(ForEachOps.java:173)
	at java.base/java.util.stream.AbstractPipeline.evaluate(AbstractPipeline.java:234)
	at java.base/java.util.stream.ReferencePipeline.forEach(ReferencePipeline.java:596)
	at org.junit.jupiter.engine.descriptor.ClassBasedTestDescriptor.invokeTestInstancePostProcessors(ClassBasedTestDescriptor.java:377)
	at org.junit.jupiter.engine.descriptor.ClassBasedTestDescriptor.lambda$instantiateAndPostProcessTestInstance$7(ClassBasedTestDescriptor.java:290)
	at org.junit.platform.engine.support.hierarchical.ThrowableCollector.execute(ThrowableCollector.java:73)
	at org.junit.jupiter.engine.descriptor.ClassBasedTestDescriptor.instantiateAndPostProcessTestInstance(ClassBasedTestDescriptor.java:289)
	at org.junit.jupiter.engine.descriptor.ClassBasedTestDescriptor.lambda$testInstancesProvider$5(ClassBasedTestDescriptor.java:279)
	at java.base/java.util.Optional.orElseGet(Optional.java:364)
	at org.junit.jupiter.engine.descriptor.ClassBasedTestDescriptor.lambda$testInstancesProvider$6(ClassBasedTestDescriptor.java:278)
	at org.junit.jupiter.engine.execution.TestInstancesProvider.getTestInstances(TestInstancesProvider.java:31)
	at org.junit.jupiter.engine.descriptor.TestMethodTestDescriptor.lambda$prepare$1(TestMethodTestDescriptor.java:105)
	at org.junit.platform.engine.support.hierarchical.ThrowableCollector.execute(ThrowableCollector.java:73)
	at org.junit.jupiter.engine.descriptor.TestMethodTestDescriptor.prepare(TestMethodTestDescriptor.java:104)
	at org.junit.jupiter.engine.descriptor.TestMethodTestDescriptor.prepare(TestMethodTestDescriptor.java:68)
	at org.junit.platform.engine.support.hierarchical.NodeTestTask.lambda$prepare$2(NodeTestTask.java:128)
	at org.junit.platform.engine.support.hierarchical.ThrowableCollector.execute(ThrowableCollector.java:73)
	at org.junit.platform.engine.support.hierarchical.NodeTestTask.prepare(NodeTestTask.java:128)
	at org.junit.platform.engine.support.hierarchical.NodeTestTask.execute(NodeTestTask.java:95)
	at java.base/java.util.ArrayList.forEach(ArrayList.java:1511)
	at org.junit.platform.engine.support.hierarchical.SameThreadHierarchicalTestExecutorService.invokeAll(SameThreadHierarchicalTestExecutorService.java:41)
	at org.junit.platform.engine.support.hierarchical.NodeTestTask.lambda$executeRecursively$6(NodeTestTask.java:160)
	at org.junit.platform.engine.support.hierarchical.ThrowableCollector.execute(ThrowableCollector.java:73)
	at org.junit.platform.engine.support.hierarchical.NodeTestTask.lambda$executeRecursively$8(NodeTestTask.java:146)
	at org.junit.platform.engine.support.hierarchical.Node.around(Node.java:137)
	at org.junit.platform.engine.support.hierarchical.NodeTestTask.lambda$executeRecursively$9(NodeTestTask.java:144)
	at org.junit.platform.engine.support.hierarchical.ThrowableCollector.execute(ThrowableCollector.java:73)
	at org.junit.platform.engine.support.hierarchical.NodeTestTask.executeRecursively(NodeTestTask.java:143)
	at org.junit.platform.engine.support.hierarchical.NodeTestTask.execute(NodeTestTask.java:100)
	at java.base/java.util.ArrayList.forEach(ArrayList.java:1511)
	at org.junit.platform.engine.support.hierarchical.SameThreadHierarchicalTestExecutorService.invokeAll(SameThreadHierarchicalTestExecutorService.java:41)
	at org.junit.platform.engine.support.hierarchical.NodeTestTask.lambda$executeRecursively$6(NodeTestTask.java:160)
	at org.junit.platform.engine.support.hierarchical.ThrowableCollector.execute(ThrowableCollector.java:73)
	at org.junit.platform.engine.support.hierarchical.NodeTestTask.lambda$executeRecursively$8(NodeTestTask.java:146)
	at org.junit.platform.engine.support.hierarchical.Node.around(Node.java:137)
	at org.junit.platform.engine.support.hierarchical.NodeTestTask.lambda$executeRecursively$9(NodeTestTask.java:144)
	at org.junit.platform.engine.support.hierarchical.ThrowableCollector.execute(ThrowableCollector.java:73)
	at org.junit.platform.engine.support.hierarchical.NodeTestTask.executeRecursively(NodeTestTask.java:143)
	at org.junit.platform.engine.support.hierarchical.NodeTestTask.execute(NodeTestTask.java:100)
	at org.junit.platform.engine.support.hierarchical.SameThreadHierarchicalTestExecutorService.submit(SameThreadHierarchicalTestExecutorService.java:35)
	at org.junit.platform.engine.support.hierarchical.HierarchicalTestExecutor.execute(HierarchicalTestExecutor.java:57)
	at org.junit.platform.engine.support.hierarchical.HierarchicalTestEngine.execute(HierarchicalTestEngine.java:54)
	at org.junit.platform.launcher.core.EngineExecutionOrchestrator.execute(EngineExecutionOrchestrator.java:198)
	at org.junit.platform.launcher.core.EngineExecutionOrchestrator.execute(EngineExecutionOrchestrator.java:169)
	at org.junit.platform.launcher.core.EngineExecutionOrchestrator.execute(EngineExecutionOrchestrator.java:93)
	at org.junit.platform.launcher.core.EngineExecutionOrchestrator.lambda$execute$0(EngineExecutionOrchestrator.java:58)
	at org.junit.platform.launcher.core.EngineExecutionOrchestrator.withInterceptedStreams(EngineExecutionOrchestrator.java:141)
	at org.junit.platform.launcher.core.EngineExecutionOrchestrator.execute(EngineExecutionOrchestrator.java:57)
	at org.junit.platform.launcher.core.DefaultLauncher.execute(DefaultLauncher.java:103)
	at org.junit.platform.launcher.core.DefaultLauncher.execute(DefaultLauncher.java:85)
	at org.junit.platform.launcher.core.DelegatingLauncher.execute(DelegatingLauncher.java:47)
	at org.gradle.api.internal.tasks.testing.junitplatform.JUnitPlatformTestClassProcessor$CollectAllTestClassesExecutor.processAllTestClasses(JUnitPlatformTestClassProcessor.java:124)
	at org.gradle.api.internal.tasks.testing.junitplatform.JUnitPlatformTestClassProcessor$CollectAllTestClassesExecutor.access$000(JUnitPlatformTestClassProcessor.java:99)
	at org.gradle.api.internal.tasks.testing.junitplatform.JUnitPlatformTestClassProcessor.stop(JUnitPlatformTestClassProcessor.java:94)
	at org.gradle.api.internal.tasks.testing.SuiteTestClassProcessor.stop(SuiteTestClassProcessor.java:63)
	at java.base/jdk.internal.reflect.NativeMethodAccessorImpl.invoke0(Native Method)
	at java.base/jdk.internal.reflect.NativeMethodAccessorImpl.invoke(NativeMethodAccessorImpl.java:77)
	at java.base/jdk.internal.reflect.DelegatingMethodAccessorImpl.invoke(DelegatingMethodAccessorImpl.java:43)
	at java.base/java.lang.reflect.Method.invoke(Method.java:568)
	at org.gradle.internal.dispatch.ReflectionDispatch.dispatch(ReflectionDispatch.java:36)
	at org.gradle.internal.dispatch.ReflectionDispatch.dispatch(ReflectionDispatch.java:24)
	at org.gradle.internal.dispatch.ContextClassLoaderDispatch.dispatch(ContextClassLoaderDispatch.java:33)
	at org.gradle.internal.dispatch.ProxyDispatchAdapter$DispatchingInvocationHandler.invoke(ProxyDispatchAdapter.java:92)
	at jdk.proxy2/jdk.proxy2.$Proxy6.stop(Unknown Source)
	at org.gradle.api.internal.tasks.testing.worker.TestWorker$3.run(TestWorker.java:200)
	at org.gradle.api.internal.tasks.testing.worker.TestWorker.executeAndMaintainThreadName(TestWorker.java:132)
	at org.gradle.api.internal.tasks.testing.worker.TestWorker.execute(TestWorker.java:103)
	at org.gradle.api.internal.tasks.testing.worker.TestWorker.execute(TestWorker.java:63)
	at org.gradle.process.internal.worker.child.ActionExecutionWorker.execute(ActionExecutionWorker.java:56)
	at org.gradle.process.internal.worker.child.SystemApplicationClassLoaderWorker.call(SystemApplicationClassLoaderWorker.java:121)
	at org.gradle.process.internal.worker.child.SystemApplicationClassLoaderWorker.call(SystemApplicationClassLoaderWorker.java:71)
	at worker.org.gradle.process.internal.worker.GradleWorkerMain.run(GradleWorkerMain.java:69)
	at worker.org.gradle.process.internal.worker.GradleWorkerMain.main(GradleWorkerMain.java:74)
Caused by: jakarta.persistence.PersistenceException: [PersistenceUnit: default] Unable to build Hibernate SessionFactory; nested exception is org.hibernate.tool.schema.spi.SchemaManagementException: Schema-validation: missing column [attachments_id] in table [message_attachments]
	at org.springframework.orm.jpa.AbstractEntityManagerFactoryBean.buildNativeEntityManagerFactory(AbstractEntityManagerFactoryBean.java:431)
	at org.springframework.orm.jpa.AbstractEntityManagerFactoryBean.afterPropertiesSet(AbstractEntityManagerFactoryBean.java:400)
	at org.springframework.orm.jpa.LocalContainerEntityManagerFactoryBean.afterPropertiesSet(LocalContainerEntityManagerFactoryBean.java:366)
	at org.springframework.beans.factory.support.AbstractAutowireCapableBeanFactory.invokeInitMethods(AbstractAutowireCapableBeanFactory.java:1849)
	at org.springframework.beans.factory.support.AbstractAutowireCapableBeanFactory.initializeBean(AbstractAutowireCapableBeanFactory.java:1798)
	... 109 common frames omitted
Caused by: org.hibernate.tool.schema.spi.SchemaManagementException: Schema-validation: missing column [attachments_id] in table [message_attachments]
	at org.hibernate.tool.schema.internal.AbstractSchemaValidator.validateTable(AbstractSchemaValidator.java:149)
	at org.hibernate.tool.schema.internal.GroupedSchemaValidatorImpl.validateTables(GroupedSchemaValidatorImpl.java:46)
	at org.hibernate.tool.schema.internal.AbstractSchemaValidator.performValidation(AbstractSchemaValidator.java:99)
	at org.hibernate.tool.schema.internal.AbstractSchemaValidator.doValidation(AbstractSchemaValidator.java:77)
	at org.hibernate.tool.schema.spi.SchemaManagementToolCoordinator.performDatabaseAction(SchemaManagementToolCoordinator.java:289)
	at org.hibernate.tool.schema.spi.SchemaManagementToolCoordinator.lambda$process$5(SchemaManagementToolCoordinator.java:144)
	at java.base/java.util.HashMap.forEach(HashMap.java:1421)
	at org.hibernate.tool.schema.spi.SchemaManagementToolCoordinator.process(SchemaManagementToolCoordinator.java:141)
	at org.hibernate.boot.internal.SessionFactoryObserverForSchemaExport.sessionFactoryCreated(SessionFactoryObserverForSchemaExport.java:37)
	at org.hibernate.internal.SessionFactoryObserverChain.sessionFactoryCreated(SessionFactoryObserverChain.java:35)
	at org.hibernate.internal.SessionFactoryImpl.<init>(SessionFactoryImpl.java:324)
	at org.hibernate.boot.internal.SessionFactoryBuilderImpl.build(SessionFactoryBuilderImpl.java:463)
	at org.hibernate.jpa.boot.internal.EntityManagerFactoryBuilderImpl.build(EntityManagerFactoryBuilderImpl.java:1506)
	at org.springframework.orm.jpa.vendor.SpringHibernateJpaPersistenceProvider.createContainerEntityManagerFactory(SpringHibernateJpaPersistenceProvider.java:66)
	at org.springframework.orm.jpa.LocalContainerEntityManagerFactoryBean.createNativeEntityManagerFactory(LocalContainerEntityManagerFactoryBean.java:390)
	at org.springframework.orm.jpa.AbstractEntityManagerFactoryBean.buildNativeEntityManagerFactory(AbstractEntityManagerFactoryBean.java:419)
	... 113 common frames omitted
25-04-09 19:13:10.278 [Test worker] WARN  o.s.test.context.TestContextManager  [ |  | ] - Caught exception while allowing TestExecutionListener [org.springframework.test.context.web.ServletTestExecutionListener] to prepare test instance [com.sprint.mission.discodeit.storage.s3.S3BinaryContentStorageTest@7d4353f8]
java.lang.IllegalStateException: Failed to load ApplicationContext for [WebMergedContextConfiguration@54d8147d testClass = com.sprint.mission.discodeit.storage.s3.S3BinaryContentStorageTest, locations = [], classes = [com.sprint.mission.discodeit.DiscodeitApplication], contextInitializerClasses = [], activeProfiles = [], propertySourceDescriptors = [PropertySourceDescriptor[locations=[], ignoreResourceNotFound=false, name=null, propertySourceFactory=null, encoding=null]], propertySourceProperties = ["discodeit.storage.type=s3", "org.springframework.boot.test.context.SpringBootTestContextBootstrapper=true"], contextCustomizers = [org.springframework.boot.test.autoconfigure.OnFailureConditionReportContextCustomizerFactory$OnFailureConditionReportContextCustomizer@4d41ba0f, org.springframework.boot.test.autoconfigure.actuate.observability.ObservabilityContextCustomizerFactory$DisableObservabilityContextCustomizer@1f, org.springframework.boot.test.autoconfigure.properties.PropertyMappingContextCustomizer@0, org.springframework.boot.test.autoconfigure.web.servlet.WebDriverContextCustomizer@1cd3b138, org.springframework.boot.test.context.filter.ExcludeFilterContextCustomizer@40e37b06, org.springframework.boot.test.json.DuplicateJsonObjectContextCustomizerFactory$DuplicateJsonObjectContextCustomizer@fc807c1, org.springframework.boot.test.mock.mockito.MockitoContextCustomizer@0, org.springframework.boot.test.web.client.TestRestTemplateContextCustomizer@1f6917fb, org.springframework.boot.test.web.reactor.netty.DisableReactorResourceFactoryGlobalResourcesContextCustomizerFactory$DisableReactorResourceFactoryGlobalResourcesContextCustomizerCustomizer@2f897dab, org.springframework.test.context.support.DynamicPropertiesContextCustomizer@0, org.springframework.boot.test.context.SpringBootTestAnnotation@39d7c9d3], resourceBasePath = "src/main/webapp", contextLoader = org.springframework.boot.test.context.SpringBootContextLoader, parent = null]
	at org.springframework.test.context.cache.DefaultCacheAwareContextLoaderDelegate.loadContext(DefaultCacheAwareContextLoaderDelegate.java:180)
	at org.springframework.test.context.support.DefaultTestContext.getApplicationContext(DefaultTestContext.java:130)
	at org.springframework.test.context.web.ServletTestExecutionListener.setUpRequestContextIfNecessary(ServletTestExecutionListener.java:191)
	at org.springframework.test.context.web.ServletTestExecutionListener.prepareTestInstance(ServletTestExecutionListener.java:130)
	at org.springframework.test.context.TestContextManager.prepareTestInstance(TestContextManager.java:260)
	at org.springframework.test.context.junit.jupiter.SpringExtension.postProcessTestInstance(SpringExtension.java:160)
	at org.junit.jupiter.engine.descriptor.ClassBasedTestDescriptor.lambda$invokeTestInstancePostProcessors$11(ClassBasedTestDescriptor.java:378)
	at org.junit.jupiter.engine.descriptor.ClassBasedTestDescriptor.executeAndMaskThrowable(ClassBasedTestDescriptor.java:383)
	at org.junit.jupiter.engine.descriptor.ClassBasedTestDescriptor.lambda$invokeTestInstancePostProcessors$12(ClassBasedTestDescriptor.java:378)
	at java.base/java.util.stream.ForEachOps$ForEachOp$OfRef.accept(ForEachOps.java:183)
	at java.base/java.util.stream.ReferencePipeline$3$1.accept(ReferencePipeline.java:197)
	at java.base/java.util.stream.ReferencePipeline$2$1.accept(ReferencePipeline.java:179)
	at java.base/java.util.stream.ReferencePipeline$3$1.accept(ReferencePipeline.java:197)
	at java.base/java.util.ArrayList$ArrayListSpliterator.forEachRemaining(ArrayList.java:1625)
	at java.base/java.util.stream.AbstractPipeline.copyInto(AbstractPipeline.java:509)
	at java.base/java.util.stream.AbstractPipeline.wrapAndCopyInto(AbstractPipeline.java:499)
	at java.base/java.util.stream.ForEachOps$ForEachOp.evaluateSequential(ForEachOps.java:150)
	at java.base/java.util.stream.ForEachOps$ForEachOp$OfRef.evaluateSequential(ForEachOps.java:173)
	at java.base/java.util.stream.AbstractPipeline.evaluate(AbstractPipeline.java:234)
	at java.base/java.util.stream.ReferencePipeline.forEach(ReferencePipeline.java:596)
	at org.junit.jupiter.engine.descriptor.ClassBasedTestDescriptor.invokeTestInstancePostProcessors(ClassBasedTestDescriptor.java:377)
	at org.junit.jupiter.engine.descriptor.ClassBasedTestDescriptor.lambda$instantiateAndPostProcessTestInstance$7(ClassBasedTestDescriptor.java:290)
	at org.junit.platform.engine.support.hierarchical.ThrowableCollector.execute(ThrowableCollector.java:73)
	at org.junit.jupiter.engine.descriptor.ClassBasedTestDescriptor.instantiateAndPostProcessTestInstance(ClassBasedTestDescriptor.java:289)
	at org.junit.jupiter.engine.descriptor.ClassBasedTestDescriptor.lambda$testInstancesProvider$5(ClassBasedTestDescriptor.java:279)
	at java.base/java.util.Optional.orElseGet(Optional.java:364)
	at org.junit.jupiter.engine.descriptor.ClassBasedTestDescriptor.lambda$testInstancesProvider$6(ClassBasedTestDescriptor.java:278)
	at org.junit.jupiter.engine.execution.TestInstancesProvider.getTestInstances(TestInstancesProvider.java:31)
	at org.junit.jupiter.engine.descriptor.TestMethodTestDescriptor.lambda$prepare$1(TestMethodTestDescriptor.java:105)
	at org.junit.platform.engine.support.hierarchical.ThrowableCollector.execute(ThrowableCollector.java:73)
	at org.junit.jupiter.engine.descriptor.TestMethodTestDescriptor.prepare(TestMethodTestDescriptor.java:104)
	at org.junit.jupiter.engine.descriptor.TestMethodTestDescriptor.prepare(TestMethodTestDescriptor.java:68)
	at org.junit.platform.engine.support.hierarchical.NodeTestTask.lambda$prepare$2(NodeTestTask.java:128)
	at org.junit.platform.engine.support.hierarchical.ThrowableCollector.execute(ThrowableCollector.java:73)
	at org.junit.platform.engine.support.hierarchical.NodeTestTask.prepare(NodeTestTask.java:128)
	at org.junit.platform.engine.support.hierarchical.NodeTestTask.execute(NodeTestTask.java:95)
	at java.base/java.util.ArrayList.forEach(ArrayList.java:1511)
	at org.junit.platform.engine.support.hierarchical.SameThreadHierarchicalTestExecutorService.invokeAll(SameThreadHierarchicalTestExecutorService.java:41)
	at org.junit.platform.engine.support.hierarchical.NodeTestTask.lambda$executeRecursively$6(NodeTestTask.java:160)
	at org.junit.platform.engine.support.hierarchical.ThrowableCollector.execute(ThrowableCollector.java:73)
	at org.junit.platform.engine.support.hierarchical.NodeTestTask.lambda$executeRecursively$8(NodeTestTask.java:146)
	at org.junit.platform.engine.support.hierarchical.Node.around(Node.java:137)
	at org.junit.platform.engine.support.hierarchical.NodeTestTask.lambda$executeRecursively$9(NodeTestTask.java:144)
	at org.junit.platform.engine.support.hierarchical.ThrowableCollector.execute(ThrowableCollector.java:73)
	at org.junit.platform.engine.support.hierarchical.NodeTestTask.executeRecursively(NodeTestTask.java:143)
	at org.junit.platform.engine.support.hierarchical.NodeTestTask.execute(NodeTestTask.java:100)
	at java.base/java.util.ArrayList.forEach(ArrayList.java:1511)
	at org.junit.platform.engine.support.hierarchical.SameThreadHierarchicalTestExecutorService.invokeAll(SameThreadHierarchicalTestExecutorService.java:41)
	at org.junit.platform.engine.support.hierarchical.NodeTestTask.lambda$executeRecursively$6(NodeTestTask.java:160)
	at org.junit.platform.engine.support.hierarchical.ThrowableCollector.execute(ThrowableCollector.java:73)
	at org.junit.platform.engine.support.hierarchical.NodeTestTask.lambda$executeRecursively$8(NodeTestTask.java:146)
	at org.junit.platform.engine.support.hierarchical.Node.around(Node.java:137)
	at org.junit.platform.engine.support.hierarchical.NodeTestTask.lambda$executeRecursively$9(NodeTestTask.java:144)
	at org.junit.platform.engine.support.hierarchical.ThrowableCollector.execute(ThrowableCollector.java:73)
	at org.junit.platform.engine.support.hierarchical.NodeTestTask.executeRecursively(NodeTestTask.java:143)
	at org.junit.platform.engine.support.hierarchical.NodeTestTask.execute(NodeTestTask.java:100)
	at org.junit.platform.engine.support.hierarchical.SameThreadHierarchicalTestExecutorService.submit(SameThreadHierarchicalTestExecutorService.java:35)
	at org.junit.platform.engine.support.hierarchical.HierarchicalTestExecutor.execute(HierarchicalTestExecutor.java:57)
	at org.junit.platform.engine.support.hierarchical.HierarchicalTestEngine.execute(HierarchicalTestEngine.java:54)
	at org.junit.platform.launcher.core.EngineExecutionOrchestrator.execute(EngineExecutionOrchestrator.java:198)
	at org.junit.platform.launcher.core.EngineExecutionOrchestrator.execute(EngineExecutionOrchestrator.java:169)
	at org.junit.platform.launcher.core.EngineExecutionOrchestrator.execute(EngineExecutionOrchestrator.java:93)
	at org.junit.platform.launcher.core.EngineExecutionOrchestrator.lambda$execute$0(EngineExecutionOrchestrator.java:58)
	at org.junit.platform.launcher.core.EngineExecutionOrchestrator.withInterceptedStreams(EngineExecutionOrchestrator.java:141)
	at org.junit.platform.launcher.core.EngineExecutionOrchestrator.execute(EngineExecutionOrchestrator.java:57)
	at org.junit.platform.launcher.core.DefaultLauncher.execute(DefaultLauncher.java:103)
	at org.junit.platform.launcher.core.DefaultLauncher.execute(DefaultLauncher.java:85)
	at org.junit.platform.launcher.core.DelegatingLauncher.execute(DelegatingLauncher.java:47)
	at org.gradle.api.internal.tasks.testing.junitplatform.JUnitPlatformTestClassProcessor$CollectAllTestClassesExecutor.processAllTestClasses(JUnitPlatformTestClassProcessor.java:124)
	at org.gradle.api.internal.tasks.testing.junitplatform.JUnitPlatformTestClassProcessor$CollectAllTestClassesExecutor.access$000(JUnitPlatformTestClassProcessor.java:99)
	at org.gradle.api.internal.tasks.testing.junitplatform.JUnitPlatformTestClassProcessor.stop(JUnitPlatformTestClassProcessor.java:94)
	at org.gradle.api.internal.tasks.testing.SuiteTestClassProcessor.stop(SuiteTestClassProcessor.java:63)
	at java.base/jdk.internal.reflect.NativeMethodAccessorImpl.invoke0(Native Method)
	at java.base/jdk.internal.reflect.NativeMethodAccessorImpl.invoke(NativeMethodAccessorImpl.java:77)
	at java.base/jdk.internal.reflect.DelegatingMethodAccessorImpl.invoke(DelegatingMethodAccessorImpl.java:43)
	at java.base/java.lang.reflect.Method.invoke(Method.java:568)
	at org.gradle.internal.dispatch.ReflectionDispatch.dispatch(ReflectionDispatch.java:36)
	at org.gradle.internal.dispatch.ReflectionDispatch.dispatch(ReflectionDispatch.java:24)
	at org.gradle.internal.dispatch.ContextClassLoaderDispatch.dispatch(ContextClassLoaderDispatch.java:33)
	at org.gradle.internal.dispatch.ProxyDispatchAdapter$DispatchingInvocationHandler.invoke(ProxyDispatchAdapter.java:92)
	at jdk.proxy2/jdk.proxy2.$Proxy6.stop(Unknown Source)
	at org.gradle.api.internal.tasks.testing.worker.TestWorker$3.run(TestWorker.java:200)
	at org.gradle.api.internal.tasks.testing.worker.TestWorker.executeAndMaintainThreadName(TestWorker.java:132)
	at org.gradle.api.internal.tasks.testing.worker.TestWorker.execute(TestWorker.java:103)
	at org.gradle.api.internal.tasks.testing.worker.TestWorker.execute(TestWorker.java:63)
	at org.gradle.process.internal.worker.child.ActionExecutionWorker.execute(ActionExecutionWorker.java:56)
	at org.gradle.process.internal.worker.child.SystemApplicationClassLoaderWorker.call(SystemApplicationClassLoaderWorker.java:121)
	at org.gradle.process.internal.worker.child.SystemApplicationClassLoaderWorker.call(SystemApplicationClassLoaderWorker.java:71)
	at worker.org.gradle.process.internal.worker.GradleWorkerMain.run(GradleWorkerMain.java:69)
	at worker.org.gradle.process.internal.worker.GradleWorkerMain.main(GradleWorkerMain.java:74)
Caused by: org.springframework.beans.factory.BeanCreationException: Error creating bean with name 'entityManagerFactory' defined in class path resource [org/springframework/boot/autoconfigure/orm/jpa/HibernateJpaConfiguration.class]: [PersistenceUnit: default] Unable to build Hibernate SessionFactory; nested exception is org.hibernate.tool.schema.spi.SchemaManagementException: Schema-validation: missing column [attachments_id] in table [message_attachments]
	at org.springframework.beans.factory.support.AbstractAutowireCapableBeanFactory.initializeBean(AbstractAutowireCapableBeanFactory.java:1802)
	at org.springframework.beans.factory.support.AbstractAutowireCapableBeanFactory.doCreateBean(AbstractAutowireCapableBeanFactory.java:601)
	at org.springframework.beans.factory.support.AbstractAutowireCapableBeanFactory.createBean(AbstractAutowireCapableBeanFactory.java:523)
	at org.springframework.beans.factory.support.AbstractBeanFactory.lambda$doGetBean$0(AbstractBeanFactory.java:336)
	at org.springframework.beans.factory.support.DefaultSingletonBeanRegistry.getSingleton(DefaultSingletonBeanRegistry.java:288)
	at org.springframework.beans.factory.support.AbstractBeanFactory.doGetBean(AbstractBeanFactory.java:334)
	at org.springframework.beans.factory.support.AbstractBeanFactory.getBean(AbstractBeanFactory.java:204)
	at org.springframework.context.support.AbstractApplicationContext.finishBeanFactoryInitialization(AbstractApplicationContext.java:970)
	at org.springframework.context.support.AbstractApplicationContext.refresh(AbstractApplicationContext.java:627)
	at org.springframework.boot.SpringApplication.refresh(SpringApplication.java:752)
	at org.springframework.boot.SpringApplication.refreshContext(SpringApplication.java:439)
	at org.springframework.boot.SpringApplication.run(SpringApplication.java:318)
	at org.springframework.boot.test.context.SpringBootContextLoader.lambda$loadContext$3(SpringBootContextLoader.java:137)
	at org.springframework.util.function.ThrowingSupplier.get(ThrowingSupplier.java:58)
	at org.springframework.util.function.ThrowingSupplier.get(ThrowingSupplier.java:46)
	at org.springframework.boot.SpringApplication.withHook(SpringApplication.java:1461)
	at org.springframework.boot.test.context.SpringBootContextLoader$ContextLoaderHook.run(SpringBootContextLoader.java:553)
	at org.springframework.boot.test.context.SpringBootContextLoader.loadContext(SpringBootContextLoader.java:137)
	at org.springframework.boot.test.context.SpringBootContextLoader.loadContext(SpringBootContextLoader.java:108)
	at org.springframework.test.context.cache.DefaultCacheAwareContextLoaderDelegate.loadContextInternal(DefaultCacheAwareContextLoaderDelegate.java:225)
	at org.springframework.test.context.cache.DefaultCacheAwareContextLoaderDelegate.loadContext(DefaultCacheAwareContextLoaderDelegate.java:152)
	... 89 common frames omitted
Caused by: jakarta.persistence.PersistenceException: [PersistenceUnit: default] Unable to build Hibernate SessionFactory; nested exception is org.hibernate.tool.schema.spi.SchemaManagementException: Schema-validation: missing column [attachments_id] in table [message_attachments]
	at org.springframework.orm.jpa.AbstractEntityManagerFactoryBean.buildNativeEntityManagerFactory(AbstractEntityManagerFactoryBean.java:431)
	at org.springframework.orm.jpa.AbstractEntityManagerFactoryBean.afterPropertiesSet(AbstractEntityManagerFactoryBean.java:400)
	at org.springframework.orm.jpa.LocalContainerEntityManagerFactoryBean.afterPropertiesSet(LocalContainerEntityManagerFactoryBean.java:366)
	at org.springframework.beans.factory.support.AbstractAutowireCapableBeanFactory.invokeInitMethods(AbstractAutowireCapableBeanFactory.java:1849)
	at org.springframework.beans.factory.support.AbstractAutowireCapableBeanFactory.initializeBean(AbstractAutowireCapableBeanFactory.java:1798)
	... 109 common frames omitted
Caused by: org.hibernate.tool.schema.spi.SchemaManagementException: Schema-validation: missing column [attachments_id] in table [message_attachments]
	at org.hibernate.tool.schema.internal.AbstractSchemaValidator.validateTable(AbstractSchemaValidator.java:149)
	at org.hibernate.tool.schema.internal.GroupedSchemaValidatorImpl.validateTables(GroupedSchemaValidatorImpl.java:46)
	at org.hibernate.tool.schema.internal.AbstractSchemaValidator.performValidation(AbstractSchemaValidator.java:99)
	at org.hibernate.tool.schema.internal.AbstractSchemaValidator.doValidation(AbstractSchemaValidator.java:77)
	at org.hibernate.tool.schema.spi.SchemaManagementToolCoordinator.performDatabaseAction(SchemaManagementToolCoordinator.java:289)
	at org.hibernate.tool.schema.spi.SchemaManagementToolCoordinator.lambda$process$5(SchemaManagementToolCoordinator.java:144)
	at java.base/java.util.HashMap.forEach(HashMap.java:1421)
	at org.hibernate.tool.schema.spi.SchemaManagementToolCoordinator.process(SchemaManagementToolCoordinator.java:141)
	at org.hibernate.boot.internal.SessionFactoryObserverForSchemaExport.sessionFactoryCreated(SessionFactoryObserverForSchemaExport.java:37)
	at org.hibernate.internal.SessionFactoryObserverChain.sessionFactoryCreated(SessionFactoryObserverChain.java:35)
	at org.hibernate.internal.SessionFactoryImpl.<init>(SessionFactoryImpl.java:324)
	at org.hibernate.boot.internal.SessionFactoryBuilderImpl.build(SessionFactoryBuilderImpl.java:463)
	at org.hibernate.jpa.boot.internal.EntityManagerFactoryBuilderImpl.build(EntityManagerFactoryBuilderImpl.java:1506)
	at org.springframework.orm.jpa.vendor.SpringHibernateJpaPersistenceProvider.createContainerEntityManagerFactory(SpringHibernateJpaPersistenceProvider.java:66)
	at org.springframework.orm.jpa.LocalContainerEntityManagerFactoryBean.createNativeEntityManagerFactory(LocalContainerEntityManagerFactoryBean.java:390)
	at org.springframework.orm.jpa.AbstractEntityManagerFactoryBean.buildNativeEntityManagerFactory(AbstractEntityManagerFactoryBean.java:419)
	... 113 common frames omitted
25-04-09 19:21:01.454 [background-preinit] INFO  o.h.validator.internal.util.Version  [ |  | ] - HV000001: Hibernate Validator 8.0.1.Final
25-04-09 19:21:01.516 [Test worker] INFO  c.s.m.d.s.s.S3BinaryContentStorageTest [ |  | ] - Starting S3BinaryContentStorageTest using Java 17.0.13 with PID 21856 (started by min in C:\Users\min\IdeaProjects\sprint-mission\1-sprint-mission)
25-04-09 19:21:01.517 [Test worker] DEBUG c.s.m.d.s.s.S3BinaryContentStorageTest [ |  | ] - Running with Spring Boot v3.4.0, Spring v6.2.0
25-04-09 19:21:01.517 [Test worker] INFO  c.s.m.d.s.s.S3BinaryContentStorageTest [ |  | ] - The following 1 profile is active: "dev"
25-04-09 19:21:03.436 [Test worker] INFO  o.s.d.r.c.RepositoryConfigurationDelegate [ |  | ] - Bootstrapping Spring Data JPA repositories in DEFAULT mode.
25-04-09 19:21:03.606 [Test worker] INFO  o.s.d.r.c.RepositoryConfigurationDelegate [ |  | ] - Finished Spring Data repository scanning in 153 ms. Found 6 JPA repository interfaces.
25-04-09 19:21:04.583 [Test worker] INFO  com.zaxxer.hikari.HikariDataSource   [ |  | ] - HikariPool-1 - Starting...
25-04-09 19:21:04.925 [Test worker] INFO  com.zaxxer.hikari.pool.HikariPool    [ |  | ] - HikariPool-1 - Added connection org.postgresql.jdbc.PgConnection@7dabc2f9
25-04-09 19:21:04.928 [Test worker] INFO  com.zaxxer.hikari.HikariDataSource   [ |  | ] - HikariPool-1 - Start completed.
25-04-09 19:21:05.113 [Test worker] INFO  o.h.jpa.internal.util.LogHelper      [ |  | ] - HHH000204: Processing PersistenceUnitInfo [name: default]
25-04-09 19:21:05.272 [Test worker] INFO  org.hibernate.Version                [ |  | ] - HHH000412: Hibernate ORM core version 6.6.2.Final
25-04-09 19:21:05.345 [Test worker] INFO  o.h.c.i.RegionFactoryInitiator       [ |  | ] - HHH000026: Second-level cache disabled
25-04-09 19:21:05.925 [Test worker] INFO  o.s.o.j.p.SpringPersistenceUnitInfo  [ |  | ] - No LoadTimeWeaver setup: ignoring JPA class transformer
25-04-09 19:21:06.099 [Test worker] INFO  o.hibernate.orm.connections.pooling  [ |  | ] - HHH10001005: Database info:
	Database JDBC URL [Connecting through datasource 'HikariDataSource (HikariPool-1)']
	Database driver: undefined/unknown
	Database version: 17.4
	Autocommit mode: undefined/unknown
	Isolation level: undefined/unknown
	Minimum pool size: undefined/unknown
	Maximum pool size: undefined/unknown
25-04-09 19:21:07.923 [Test worker] INFO  o.h.e.t.j.p.i.JtaPlatformInitiator   [ |  | ] - HHH000489: No JTA platform available (set 'hibernate.transaction.jta.platform' to enable JTA platform integration)
25-04-09 19:21:07.954 [Test worker] DEBUG org.hibernate.SQL                    [ |  | ] - 
    set client_min_messages = WARNING
25-04-09 19:21:07.955 [Test worker] DEBUG org.hibernate.SQL                    [ |  | ] - 
    alter table if exists message_attachments 
       drop constraint if exists FKrodngy1gmksoxo65eursdfx4u
25-04-09 19:21:07.957 [Test worker] DEBUG org.hibernate.SQL                    [ |  | ] - 
    alter table if exists message_attachments 
       drop constraint if exists FKj7twd218e2gqw9cmlhwvo1rth
25-04-09 19:21:07.957 [Test worker] DEBUG org.hibernate.SQL                    [ |  | ] - 
    alter table if exists messages 
       drop constraint if exists FKowtlim26svclkatusptbgi7u1
25-04-09 19:21:07.958 [Test worker] DEBUG org.hibernate.SQL                    [ |  | ] - 
    alter table if exists messages 
       drop constraint if exists FK3u3ckbhwq9se1cmopk2pq05b2
25-04-09 19:21:07.958 [Test worker] DEBUG org.hibernate.SQL                    [ |  | ] - 
    alter table if exists read_statuses 
       drop constraint if exists FKa38ri44ml4gfdpklx4ahqr8gd
25-04-09 19:21:07.959 [Test worker] DEBUG org.hibernate.SQL                    [ |  | ] - 
    alter table if exists read_statuses 
       drop constraint if exists FKml3k4wr9sj5yxrmj6d0aoib2e
25-04-09 19:21:07.959 [Test worker] DEBUG org.hibernate.SQL                    [ |  | ] - 
    alter table if exists user_statuses 
       drop constraint if exists FK4lfl3ei2ubchgcxrrpo3pw4mm
25-04-09 19:21:07.960 [Test worker] DEBUG org.hibernate.SQL                    [ |  | ] - 
    alter table if exists users 
       drop constraint if exists FKtbudycgrip49xdptogmhfqnso
25-04-09 19:21:07.961 [Test worker] DEBUG org.hibernate.SQL                    [ |  | ] - 
    drop table if exists binary_contents cascade
25-04-09 19:21:07.965 [Test worker] DEBUG org.hibernate.SQL                    [ |  | ] - 
    drop table if exists channels cascade
25-04-09 19:21:07.970 [Test worker] DEBUG org.hibernate.SQL                    [ |  | ] - 
    drop table if exists message_attachments cascade
25-04-09 19:21:07.972 [Test worker] DEBUG org.hibernate.SQL                    [ |  | ] - 
    drop table if exists messages cascade
25-04-09 19:21:07.977 [Test worker] DEBUG org.hibernate.SQL                    [ |  | ] - 
    drop table if exists read_statuses cascade
25-04-09 19:21:07.981 [Test worker] DEBUG org.hibernate.SQL                    [ |  | ] - 
    drop table if exists user_statuses cascade
25-04-09 19:21:07.985 [Test worker] DEBUG org.hibernate.SQL                    [ |  | ] - 
    drop table if exists users cascade
25-04-09 19:21:07.998 [Test worker] DEBUG org.hibernate.SQL                    [ |  | ] - 
    create table binary_contents (
        created_at timestamp with time zone not null,
        size bigint not null,
        id uuid not null,
        content_type varchar(100) not null,
        file_name varchar(255) not null,
        primary key (id)
    )
25-04-09 19:21:08.007 [Test worker] DEBUG org.hibernate.SQL                    [ |  | ] - 
    create table channels (
        created_at timestamp with time zone not null,
        updated_at timestamp with time zone,
        id uuid not null,
        description varchar(255),
        name varchar(255) not null,
        type varchar(255) not null check (type in ('PUBLIC','PRIVATE')),
        primary key (id)
    )
25-04-09 19:21:08.013 [Test worker] DEBUG org.hibernate.SQL                    [ |  | ] - 
    create table message_attachments (
        attachments_id uuid not null unique,
        message_id uuid not null
    )
25-04-09 19:21:08.016 [Test worker] DEBUG org.hibernate.SQL                    [ |  | ] - 
    create table messages (
        created_at timestamp with time zone not null,
        updated_at timestamp with time zone,
        author_id uuid,
        channel_id uuid not null,
        id uuid not null,
        content text not null,
        primary key (id)
    )
25-04-09 19:21:08.022 [Test worker] DEBUG org.hibernate.SQL                    [ |  | ] - 
    create table read_statuses (
        created_at timestamp with time zone not null,
        last_read_at timestamp with time zone not null,
        updated_at timestamp with time zone,
        channel_id uuid not null,
        id uuid not null,
        user_id uuid not null,
        primary key (id),
        unique (user_id, channel_id)
    )
25-04-09 19:21:08.027 [Test worker] DEBUG org.hibernate.SQL                    [ |  | ] - 
    create table user_statuses (
        created_at timestamp with time zone not null,
        last_active_at timestamp with time zone not null,
        updated_at timestamp with time zone,
        id uuid not null,
        user_id uuid not null unique,
        primary key (id)
    )
25-04-09 19:21:08.031 [Test worker] DEBUG org.hibernate.SQL                    [ |  | ] - 
    create table users (
        created_at timestamp with time zone not null,
        updated_at timestamp with time zone,
        id uuid not null,
        profile_id uuid unique,
        username varchar(50) not null unique,
        password varchar(60) not null,
        email varchar(100) not null unique,
        primary key (id)
    )
25-04-09 19:21:08.038 [Test worker] DEBUG org.hibernate.SQL                    [ |  | ] - 
    alter table if exists message_attachments 
       add constraint FKrodngy1gmksoxo65eursdfx4u 
       foreign key (attachments_id) 
       references binary_contents
25-04-09 19:21:08.042 [Test worker] DEBUG org.hibernate.SQL                    [ |  | ] - 
    alter table if exists message_attachments 
       add constraint FKj7twd218e2gqw9cmlhwvo1rth 
       foreign key (message_id) 
       references messages
25-04-09 19:21:08.043 [Test worker] DEBUG org.hibernate.SQL                    [ |  | ] - 
    alter table if exists messages 
       add constraint FKowtlim26svclkatusptbgi7u1 
       foreign key (author_id) 
       references users
25-04-09 19:21:08.045 [Test worker] DEBUG org.hibernate.SQL                    [ |  | ] - 
    alter table if exists messages 
       add constraint FK3u3ckbhwq9se1cmopk2pq05b2 
       foreign key (channel_id) 
       references channels
25-04-09 19:21:08.046 [Test worker] DEBUG org.hibernate.SQL                    [ |  | ] - 
    alter table if exists read_statuses 
       add constraint FKa38ri44ml4gfdpklx4ahqr8gd 
       foreign key (channel_id) 
       references channels
25-04-09 19:21:08.048 [Test worker] DEBUG org.hibernate.SQL                    [ |  | ] - 
    alter table if exists read_statuses 
       add constraint FKml3k4wr9sj5yxrmj6d0aoib2e 
       foreign key (user_id) 
       references users
25-04-09 19:21:08.049 [Test worker] DEBUG org.hibernate.SQL                    [ |  | ] - 
    alter table if exists user_statuses 
       add constraint FK4lfl3ei2ubchgcxrrpo3pw4mm 
       foreign key (user_id) 
       references users
25-04-09 19:21:08.051 [Test worker] DEBUG org.hibernate.SQL                    [ |  | ] - 
    alter table if exists users 
       add constraint FKtbudycgrip49xdptogmhfqnso 
       foreign key (profile_id) 
       references binary_contents
25-04-09 19:21:08.060 [Test worker] INFO  o.s.o.j.LocalContainerEntityManagerFactoryBean [ |  | ] - Initialized JPA EntityManagerFactory for persistence unit 'default'
25-04-09 19:21:08.583 [Test worker] INFO  o.s.d.j.r.query.QueryEnhancerFactory [ |  | ] - Hibernate is in classpath; If applicable, HQL parser will be used.
25-04-09 19:21:09.296 [Test worker] WARN  o.s.w.c.s.GenericWebApplicationContext [ |  | ] - Exception encountered during context initialization - cancelling refresh attempt: org.springframework.beans.factory.UnsatisfiedDependencyException: Error creating bean with name 'binaryContentController' defined in file [C:\Users\min\IdeaProjects\sprint-mission\1-sprint-mission\build\classes\java\main\com\sprint\mission\discodeit\controller\BinaryContentController.class]: Unsatisfied dependency expressed through constructor parameter 0: Error creating bean with name 'basicBinaryContentService' defined in file [C:\Users\min\IdeaProjects\sprint-mission\1-sprint-mission\build\classes\java\main\com\sprint\mission\discodeit\service\basic\BasicBinaryContentService.class]: Unsatisfied dependency expressed through constructor parameter 2: Error creating bean with name 's3BinaryContentStorage' defined in class path resource [com/sprint/mission/discodeit/config/StorageConfig.class]: Unsatisfied dependency expressed through method 's3BinaryContentStorage' parameter 0: No qualifying bean of type 'com.sprint.mission.discodeit.storage.s3.AwsS3Properties' available: expected at least 1 bean which qualifies as autowire candidate. Dependency annotations: {}
25-04-09 19:21:09.297 [Test worker] INFO  o.s.o.j.LocalContainerEntityManagerFactoryBean [ |  | ] - Closing JPA EntityManagerFactory for persistence unit 'default'
25-04-09 19:21:09.298 [Test worker] DEBUG org.hibernate.SQL                    [ |  | ] - 
    set client_min_messages = WARNING
25-04-09 19:21:09.299 [Test worker] DEBUG org.hibernate.SQL                    [ |  | ] - 
    alter table if exists message_attachments 
       drop constraint if exists FKrodngy1gmksoxo65eursdfx4u
25-04-09 19:21:09.300 [Test worker] DEBUG org.hibernate.SQL                    [ |  | ] - 
    alter table if exists message_attachments 
       drop constraint if exists FKj7twd218e2gqw9cmlhwvo1rth
25-04-09 19:21:09.301 [Test worker] DEBUG org.hibernate.SQL                    [ |  | ] - 
    alter table if exists messages 
       drop constraint if exists FKowtlim26svclkatusptbgi7u1
25-04-09 19:21:09.302 [Test worker] DEBUG org.hibernate.SQL                    [ |  | ] - 
    alter table if exists messages 
       drop constraint if exists FK3u3ckbhwq9se1cmopk2pq05b2
25-04-09 19:21:09.303 [Test worker] DEBUG org.hibernate.SQL                    [ |  | ] - 
    alter table if exists read_statuses 
       drop constraint if exists FKa38ri44ml4gfdpklx4ahqr8gd
25-04-09 19:21:09.304 [Test worker] DEBUG org.hibernate.SQL                    [ |  | ] - 
    alter table if exists read_statuses 
       drop constraint if exists FKml3k4wr9sj5yxrmj6d0aoib2e
25-04-09 19:21:09.305 [Test worker] DEBUG org.hibernate.SQL                    [ |  | ] - 
    alter table if exists user_statuses 
       drop constraint if exists FK4lfl3ei2ubchgcxrrpo3pw4mm
25-04-09 19:21:09.307 [Test worker] DEBUG org.hibernate.SQL                    [ |  | ] - 
    alter table if exists users 
       drop constraint if exists FKtbudycgrip49xdptogmhfqnso
25-04-09 19:21:09.307 [Test worker] DEBUG org.hibernate.SQL                    [ |  | ] - 
    drop table if exists binary_contents cascade
25-04-09 19:21:09.311 [Test worker] DEBUG org.hibernate.SQL                    [ |  | ] - 
    drop table if exists channels cascade
25-04-09 19:21:09.317 [Test worker] DEBUG org.hibernate.SQL                    [ |  | ] - 
    drop table if exists message_attachments cascade
25-04-09 19:21:09.320 [Test worker] DEBUG org.hibernate.SQL                    [ |  | ] - 
    drop table if exists messages cascade
25-04-09 19:21:09.326 [Test worker] DEBUG org.hibernate.SQL                    [ |  | ] - 
    drop table if exists read_statuses cascade
25-04-09 19:21:09.331 [Test worker] DEBUG org.hibernate.SQL                    [ |  | ] - 
    drop table if exists user_statuses cascade
25-04-09 19:21:09.336 [Test worker] DEBUG org.hibernate.SQL                    [ |  | ] - 
    drop table if exists users cascade
25-04-09 19:21:09.349 [Test worker] INFO  com.zaxxer.hikari.HikariDataSource   [ |  | ] - HikariPool-1 - Shutdown initiated...
25-04-09 19:21:09.353 [Test worker] INFO  com.zaxxer.hikari.HikariDataSource   [ |  | ] - HikariPool-1 - Shutdown completed.
25-04-09 19:21:09.404 [Test worker] INFO  o.s.b.a.l.ConditionEvaluationReportLogger [ |  | ] - 

Error starting ApplicationContext. To display the condition evaluation report re-run your application with 'debug' enabled.
25-04-09 19:21:09.486 [Test worker] ERROR o.s.b.d.LoggingFailureAnalysisReporter [ |  | ] - 

***************************
APPLICATION FAILED TO START
***************************

Description:

Parameter 0 of method s3BinaryContentStorage in com.sprint.mission.discodeit.config.StorageConfig required a bean of type 'com.sprint.mission.discodeit.storage.s3.AwsS3Properties' that could not be found.


Action:

Consider defining a bean of type 'com.sprint.mission.discodeit.storage.s3.AwsS3Properties' in your configuration.

25-04-09 19:21:09.495 [Test worker] WARN  o.s.test.context.TestContextManager  [ |  | ] - Caught exception while allowing TestExecutionListener [org.springframework.test.context.web.ServletTestExecutionListener] to prepare test instance [com.sprint.mission.discodeit.storage.s3.S3BinaryContentStorageTest@27575b4a]
java.lang.IllegalStateException: Failed to load ApplicationContext for [WebMergedContextConfiguration@273bcc81 testClass = com.sprint.mission.discodeit.storage.s3.S3BinaryContentStorageTest, locations = [], classes = [com.sprint.mission.discodeit.DiscodeitApplication], contextInitializerClasses = [], activeProfiles = [], propertySourceDescriptors = [PropertySourceDescriptor[locations=[], ignoreResourceNotFound=false, name=null, propertySourceFactory=null, encoding=null]], propertySourceProperties = ["discodeit.storage.type=s3", "spring.jpa.hibernate.ddl-auto=create-drop", "org.springframework.boot.test.context.SpringBootTestContextBootstrapper=true"], contextCustomizers = [org.springframework.boot.test.autoconfigure.OnFailureConditionReportContextCustomizerFactory$OnFailureConditionReportContextCustomizer@4d41ba0f, org.springframework.boot.test.autoconfigure.actuate.observability.ObservabilityContextCustomizerFactory$DisableObservabilityContextCustomizer@1f, org.springframework.boot.test.autoconfigure.properties.PropertyMappingContextCustomizer@0, org.springframework.boot.test.autoconfigure.web.servlet.WebDriverContextCustomizer@1cd3b138, org.springframework.boot.test.context.filter.ExcludeFilterContextCustomizer@40e37b06, org.springframework.boot.test.json.DuplicateJsonObjectContextCustomizerFactory$DuplicateJsonObjectContextCustomizer@fc807c1, org.springframework.boot.test.mock.mockito.MockitoContextCustomizer@0, org.springframework.boot.test.web.client.TestRestTemplateContextCustomizer@1f6917fb, org.springframework.boot.test.web.reactor.netty.DisableReactorResourceFactoryGlobalResourcesContextCustomizerFactory$DisableReactorResourceFactoryGlobalResourcesContextCustomizerCustomizer@2f897dab, org.springframework.test.context.support.DynamicPropertiesContextCustomizer@0, org.springframework.boot.test.context.SpringBootTestAnnotation@39d7c9d3], resourceBasePath = "src/main/webapp", contextLoader = org.springframework.boot.test.context.SpringBootContextLoader, parent = null]
	at org.springframework.test.context.cache.DefaultCacheAwareContextLoaderDelegate.loadContext(DefaultCacheAwareContextLoaderDelegate.java:180)
	at org.springframework.test.context.support.DefaultTestContext.getApplicationContext(DefaultTestContext.java:130)
	at org.springframework.test.context.web.ServletTestExecutionListener.setUpRequestContextIfNecessary(ServletTestExecutionListener.java:191)
	at org.springframework.test.context.web.ServletTestExecutionListener.prepareTestInstance(ServletTestExecutionListener.java:130)
	at org.springframework.test.context.TestContextManager.prepareTestInstance(TestContextManager.java:260)
	at org.springframework.test.context.junit.jupiter.SpringExtension.postProcessTestInstance(SpringExtension.java:160)
	at org.junit.jupiter.engine.descriptor.ClassBasedTestDescriptor.lambda$invokeTestInstancePostProcessors$11(ClassBasedTestDescriptor.java:378)
	at org.junit.jupiter.engine.descriptor.ClassBasedTestDescriptor.executeAndMaskThrowable(ClassBasedTestDescriptor.java:383)
	at org.junit.jupiter.engine.descriptor.ClassBasedTestDescriptor.lambda$invokeTestInstancePostProcessors$12(ClassBasedTestDescriptor.java:378)
	at java.base/java.util.stream.ForEachOps$ForEachOp$OfRef.accept(ForEachOps.java:183)
	at java.base/java.util.stream.ReferencePipeline$3$1.accept(ReferencePipeline.java:197)
	at java.base/java.util.stream.ReferencePipeline$2$1.accept(ReferencePipeline.java:179)
	at java.base/java.util.stream.ReferencePipeline$3$1.accept(ReferencePipeline.java:197)
	at java.base/java.util.ArrayList$ArrayListSpliterator.forEachRemaining(ArrayList.java:1625)
	at java.base/java.util.stream.AbstractPipeline.copyInto(AbstractPipeline.java:509)
	at java.base/java.util.stream.AbstractPipeline.wrapAndCopyInto(AbstractPipeline.java:499)
	at java.base/java.util.stream.ForEachOps$ForEachOp.evaluateSequential(ForEachOps.java:150)
	at java.base/java.util.stream.ForEachOps$ForEachOp$OfRef.evaluateSequential(ForEachOps.java:173)
	at java.base/java.util.stream.AbstractPipeline.evaluate(AbstractPipeline.java:234)
	at java.base/java.util.stream.ReferencePipeline.forEach(ReferencePipeline.java:596)
	at org.junit.jupiter.engine.descriptor.ClassBasedTestDescriptor.invokeTestInstancePostProcessors(ClassBasedTestDescriptor.java:377)
	at org.junit.jupiter.engine.descriptor.ClassBasedTestDescriptor.lambda$instantiateAndPostProcessTestInstance$7(ClassBasedTestDescriptor.java:290)
	at org.junit.platform.engine.support.hierarchical.ThrowableCollector.execute(ThrowableCollector.java:73)
	at org.junit.jupiter.engine.descriptor.ClassBasedTestDescriptor.instantiateAndPostProcessTestInstance(ClassBasedTestDescriptor.java:289)
	at org.junit.jupiter.engine.descriptor.ClassBasedTestDescriptor.lambda$testInstancesProvider$5(ClassBasedTestDescriptor.java:279)
	at java.base/java.util.Optional.orElseGet(Optional.java:364)
	at org.junit.jupiter.engine.descriptor.ClassBasedTestDescriptor.lambda$testInstancesProvider$6(ClassBasedTestDescriptor.java:278)
	at org.junit.jupiter.engine.execution.TestInstancesProvider.getTestInstances(TestInstancesProvider.java:31)
	at org.junit.jupiter.engine.descriptor.TestMethodTestDescriptor.lambda$prepare$1(TestMethodTestDescriptor.java:105)
	at org.junit.platform.engine.support.hierarchical.ThrowableCollector.execute(ThrowableCollector.java:73)
	at org.junit.jupiter.engine.descriptor.TestMethodTestDescriptor.prepare(TestMethodTestDescriptor.java:104)
	at org.junit.jupiter.engine.descriptor.TestMethodTestDescriptor.prepare(TestMethodTestDescriptor.java:68)
	at org.junit.platform.engine.support.hierarchical.NodeTestTask.lambda$prepare$2(NodeTestTask.java:128)
	at org.junit.platform.engine.support.hierarchical.ThrowableCollector.execute(ThrowableCollector.java:73)
	at org.junit.platform.engine.support.hierarchical.NodeTestTask.prepare(NodeTestTask.java:128)
	at org.junit.platform.engine.support.hierarchical.NodeTestTask.execute(NodeTestTask.java:95)
	at java.base/java.util.ArrayList.forEach(ArrayList.java:1511)
	at org.junit.platform.engine.support.hierarchical.SameThreadHierarchicalTestExecutorService.invokeAll(SameThreadHierarchicalTestExecutorService.java:41)
	at org.junit.platform.engine.support.hierarchical.NodeTestTask.lambda$executeRecursively$6(NodeTestTask.java:160)
	at org.junit.platform.engine.support.hierarchical.ThrowableCollector.execute(ThrowableCollector.java:73)
	at org.junit.platform.engine.support.hierarchical.NodeTestTask.lambda$executeRecursively$8(NodeTestTask.java:146)
	at org.junit.platform.engine.support.hierarchical.Node.around(Node.java:137)
	at org.junit.platform.engine.support.hierarchical.NodeTestTask.lambda$executeRecursively$9(NodeTestTask.java:144)
	at org.junit.platform.engine.support.hierarchical.ThrowableCollector.execute(ThrowableCollector.java:73)
	at org.junit.platform.engine.support.hierarchical.NodeTestTask.executeRecursively(NodeTestTask.java:143)
	at org.junit.platform.engine.support.hierarchical.NodeTestTask.execute(NodeTestTask.java:100)
	at java.base/java.util.ArrayList.forEach(ArrayList.java:1511)
	at org.junit.platform.engine.support.hierarchical.SameThreadHierarchicalTestExecutorService.invokeAll(SameThreadHierarchicalTestExecutorService.java:41)
	at org.junit.platform.engine.support.hierarchical.NodeTestTask.lambda$executeRecursively$6(NodeTestTask.java:160)
	at org.junit.platform.engine.support.hierarchical.ThrowableCollector.execute(ThrowableCollector.java:73)
	at org.junit.platform.engine.support.hierarchical.NodeTestTask.lambda$executeRecursively$8(NodeTestTask.java:146)
	at org.junit.platform.engine.support.hierarchical.Node.around(Node.java:137)
	at org.junit.platform.engine.support.hierarchical.NodeTestTask.lambda$executeRecursively$9(NodeTestTask.java:144)
	at org.junit.platform.engine.support.hierarchical.ThrowableCollector.execute(ThrowableCollector.java:73)
	at org.junit.platform.engine.support.hierarchical.NodeTestTask.executeRecursively(NodeTestTask.java:143)
	at org.junit.platform.engine.support.hierarchical.NodeTestTask.execute(NodeTestTask.java:100)
	at org.junit.platform.engine.support.hierarchical.SameThreadHierarchicalTestExecutorService.submit(SameThreadHierarchicalTestExecutorService.java:35)
	at org.junit.platform.engine.support.hierarchical.HierarchicalTestExecutor.execute(HierarchicalTestExecutor.java:57)
	at org.junit.platform.engine.support.hierarchical.HierarchicalTestEngine.execute(HierarchicalTestEngine.java:54)
	at org.junit.platform.launcher.core.EngineExecutionOrchestrator.execute(EngineExecutionOrchestrator.java:198)
	at org.junit.platform.launcher.core.EngineExecutionOrchestrator.execute(EngineExecutionOrchestrator.java:169)
	at org.junit.platform.launcher.core.EngineExecutionOrchestrator.execute(EngineExecutionOrchestrator.java:93)
	at org.junit.platform.launcher.core.EngineExecutionOrchestrator.lambda$execute$0(EngineExecutionOrchestrator.java:58)
	at org.junit.platform.launcher.core.EngineExecutionOrchestrator.withInterceptedStreams(EngineExecutionOrchestrator.java:141)
	at org.junit.platform.launcher.core.EngineExecutionOrchestrator.execute(EngineExecutionOrchestrator.java:57)
	at org.junit.platform.launcher.core.DefaultLauncher.execute(DefaultLauncher.java:103)
	at org.junit.platform.launcher.core.DefaultLauncher.execute(DefaultLauncher.java:85)
	at org.junit.platform.launcher.core.DelegatingLauncher.execute(DelegatingLauncher.java:47)
	at org.gradle.api.internal.tasks.testing.junitplatform.JUnitPlatformTestClassProcessor$CollectAllTestClassesExecutor.processAllTestClasses(JUnitPlatformTestClassProcessor.java:124)
	at org.gradle.api.internal.tasks.testing.junitplatform.JUnitPlatformTestClassProcessor$CollectAllTestClassesExecutor.access$000(JUnitPlatformTestClassProcessor.java:99)
	at org.gradle.api.internal.tasks.testing.junitplatform.JUnitPlatformTestClassProcessor.stop(JUnitPlatformTestClassProcessor.java:94)
	at org.gradle.api.internal.tasks.testing.SuiteTestClassProcessor.stop(SuiteTestClassProcessor.java:63)
	at java.base/jdk.internal.reflect.NativeMethodAccessorImpl.invoke0(Native Method)
	at java.base/jdk.internal.reflect.NativeMethodAccessorImpl.invoke(NativeMethodAccessorImpl.java:77)
	at java.base/jdk.internal.reflect.DelegatingMethodAccessorImpl.invoke(DelegatingMethodAccessorImpl.java:43)
	at java.base/java.lang.reflect.Method.invoke(Method.java:568)
	at org.gradle.internal.dispatch.ReflectionDispatch.dispatch(ReflectionDispatch.java:36)
	at org.gradle.internal.dispatch.ReflectionDispatch.dispatch(ReflectionDispatch.java:24)
	at org.gradle.internal.dispatch.ContextClassLoaderDispatch.dispatch(ContextClassLoaderDispatch.java:33)
	at org.gradle.internal.dispatch.ProxyDispatchAdapter$DispatchingInvocationHandler.invoke(ProxyDispatchAdapter.java:92)
	at jdk.proxy2/jdk.proxy2.$Proxy6.stop(Unknown Source)
	at org.gradle.api.internal.tasks.testing.worker.TestWorker$3.run(TestWorker.java:200)
	at org.gradle.api.internal.tasks.testing.worker.TestWorker.executeAndMaintainThreadName(TestWorker.java:132)
	at org.gradle.api.internal.tasks.testing.worker.TestWorker.execute(TestWorker.java:103)
	at org.gradle.api.internal.tasks.testing.worker.TestWorker.execute(TestWorker.java:63)
	at org.gradle.process.internal.worker.child.ActionExecutionWorker.execute(ActionExecutionWorker.java:56)
	at org.gradle.process.internal.worker.child.SystemApplicationClassLoaderWorker.call(SystemApplicationClassLoaderWorker.java:121)
	at org.gradle.process.internal.worker.child.SystemApplicationClassLoaderWorker.call(SystemApplicationClassLoaderWorker.java:71)
	at worker.org.gradle.process.internal.worker.GradleWorkerMain.run(GradleWorkerMain.java:69)
	at worker.org.gradle.process.internal.worker.GradleWorkerMain.main(GradleWorkerMain.java:74)
Caused by: org.springframework.beans.factory.UnsatisfiedDependencyException: Error creating bean with name 'binaryContentController' defined in file [C:\Users\min\IdeaProjects\sprint-mission\1-sprint-mission\build\classes\java\main\com\sprint\mission\discodeit\controller\BinaryContentController.class]: Unsatisfied dependency expressed through constructor parameter 0: Error creating bean with name 'basicBinaryContentService' defined in file [C:\Users\min\IdeaProjects\sprint-mission\1-sprint-mission\build\classes\java\main\com\sprint\mission\discodeit\service\basic\BasicBinaryContentService.class]: Unsatisfied dependency expressed through constructor parameter 2: Error creating bean with name 's3BinaryContentStorage' defined in class path resource [com/sprint/mission/discodeit/config/StorageConfig.class]: Unsatisfied dependency expressed through method 's3BinaryContentStorage' parameter 0: No qualifying bean of type 'com.sprint.mission.discodeit.storage.s3.AwsS3Properties' available: expected at least 1 bean which qualifies as autowire candidate. Dependency annotations: {}
	at org.springframework.beans.factory.support.ConstructorResolver.createArgumentArray(ConstructorResolver.java:804)
	at org.springframework.beans.factory.support.ConstructorResolver.autowireConstructor(ConstructorResolver.java:240)
	at org.springframework.beans.factory.support.AbstractAutowireCapableBeanFactory.autowireConstructor(AbstractAutowireCapableBeanFactory.java:1371)
	at org.springframework.beans.factory.support.AbstractAutowireCapableBeanFactory.createBeanInstance(AbstractAutowireCapableBeanFactory.java:1208)
	at org.springframework.beans.factory.support.AbstractAutowireCapableBeanFactory.doCreateBean(AbstractAutowireCapableBeanFactory.java:563)
	at org.springframework.beans.factory.support.AbstractAutowireCapableBeanFactory.createBean(AbstractAutowireCapableBeanFactory.java:523)
	at org.springframework.beans.factory.support.AbstractBeanFactory.lambda$doGetBean$0(AbstractBeanFactory.java:336)
	at org.springframework.beans.factory.support.DefaultSingletonBeanRegistry.getSingleton(DefaultSingletonBeanRegistry.java:288)
	at org.springframework.beans.factory.support.AbstractBeanFactory.doGetBean(AbstractBeanFactory.java:334)
	at org.springframework.beans.factory.support.AbstractBeanFactory.getBean(AbstractBeanFactory.java:199)
	at org.springframework.beans.factory.support.DefaultListableBeanFactory.instantiateSingleton(DefaultListableBeanFactory.java:1122)
	at org.springframework.beans.factory.support.DefaultListableBeanFactory.preInstantiateSingleton(DefaultListableBeanFactory.java:1093)
	at org.springframework.beans.factory.support.DefaultListableBeanFactory.preInstantiateSingletons(DefaultListableBeanFactory.java:1030)
	at org.springframework.context.support.AbstractApplicationContext.finishBeanFactoryInitialization(AbstractApplicationContext.java:987)
	at org.springframework.context.support.AbstractApplicationContext.refresh(AbstractApplicationContext.java:627)
	at org.springframework.boot.SpringApplication.refresh(SpringApplication.java:752)
	at org.springframework.boot.SpringApplication.refreshContext(SpringApplication.java:439)
	at org.springframework.boot.SpringApplication.run(SpringApplication.java:318)
	at org.springframework.boot.test.context.SpringBootContextLoader.lambda$loadContext$3(SpringBootContextLoader.java:137)
	at org.springframework.util.function.ThrowingSupplier.get(ThrowingSupplier.java:58)
	at org.springframework.util.function.ThrowingSupplier.get(ThrowingSupplier.java:46)
	at org.springframework.boot.SpringApplication.withHook(SpringApplication.java:1461)
	at org.springframework.boot.test.context.SpringBootContextLoader$ContextLoaderHook.run(SpringBootContextLoader.java:553)
	at org.springframework.boot.test.context.SpringBootContextLoader.loadContext(SpringBootContextLoader.java:137)
	at org.springframework.boot.test.context.SpringBootContextLoader.loadContext(SpringBootContextLoader.java:108)
	at org.springframework.test.context.cache.DefaultCacheAwareContextLoaderDelegate.loadContextInternal(DefaultCacheAwareContextLoaderDelegate.java:225)
	at org.springframework.test.context.cache.DefaultCacheAwareContextLoaderDelegate.loadContext(DefaultCacheAwareContextLoaderDelegate.java:152)
	... 89 common frames omitted
Caused by: org.springframework.beans.factory.UnsatisfiedDependencyException: Error creating bean with name 'basicBinaryContentService' defined in file [C:\Users\min\IdeaProjects\sprint-mission\1-sprint-mission\build\classes\java\main\com\sprint\mission\discodeit\service\basic\BasicBinaryContentService.class]: Unsatisfied dependency expressed through constructor parameter 2: Error creating bean with name 's3BinaryContentStorage' defined in class path resource [com/sprint/mission/discodeit/config/StorageConfig.class]: Unsatisfied dependency expressed through method 's3BinaryContentStorage' parameter 0: No qualifying bean of type 'com.sprint.mission.discodeit.storage.s3.AwsS3Properties' available: expected at least 1 bean which qualifies as autowire candidate. Dependency annotations: {}
	at org.springframework.beans.factory.support.ConstructorResolver.createArgumentArray(ConstructorResolver.java:804)
	at org.springframework.beans.factory.support.ConstructorResolver.autowireConstructor(ConstructorResolver.java:240)
	at org.springframework.beans.factory.support.AbstractAutowireCapableBeanFactory.autowireConstructor(AbstractAutowireCapableBeanFactory.java:1371)
	at org.springframework.beans.factory.support.AbstractAutowireCapableBeanFactory.createBeanInstance(AbstractAutowireCapableBeanFactory.java:1208)
	at org.springframework.beans.factory.support.AbstractAutowireCapableBeanFactory.doCreateBean(AbstractAutowireCapableBeanFactory.java:563)
	at org.springframework.beans.factory.support.AbstractAutowireCapableBeanFactory.createBean(AbstractAutowireCapableBeanFactory.java:523)
	at org.springframework.beans.factory.support.AbstractBeanFactory.lambda$doGetBean$0(AbstractBeanFactory.java:336)
	at org.springframework.beans.factory.support.DefaultSingletonBeanRegistry.getSingleton(DefaultSingletonBeanRegistry.java:288)
	at org.springframework.beans.factory.support.AbstractBeanFactory.doGetBean(AbstractBeanFactory.java:334)
	at org.springframework.beans.factory.support.AbstractBeanFactory.getBean(AbstractBeanFactory.java:199)
	at org.springframework.beans.factory.config.DependencyDescriptor.resolveCandidate(DependencyDescriptor.java:254)
	at org.springframework.beans.factory.support.DefaultListableBeanFactory.doResolveDependency(DefaultListableBeanFactory.java:1626)
	at org.springframework.beans.factory.support.DefaultListableBeanFactory.resolveDependency(DefaultListableBeanFactory.java:1514)
	at org.springframework.beans.factory.support.ConstructorResolver.resolveAutowiredArgument(ConstructorResolver.java:913)
	at org.springframework.beans.factory.support.ConstructorResolver.createArgumentArray(ConstructorResolver.java:791)
	... 115 common frames omitted
Caused by: org.springframework.beans.factory.UnsatisfiedDependencyException: Error creating bean with name 's3BinaryContentStorage' defined in class path resource [com/sprint/mission/discodeit/config/StorageConfig.class]: Unsatisfied dependency expressed through method 's3BinaryContentStorage' parameter 0: No qualifying bean of type 'com.sprint.mission.discodeit.storage.s3.AwsS3Properties' available: expected at least 1 bean which qualifies as autowire candidate. Dependency annotations: {}
	at org.springframework.beans.factory.support.ConstructorResolver.createArgumentArray(ConstructorResolver.java:804)
	at org.springframework.beans.factory.support.ConstructorResolver.instantiateUsingFactoryMethod(ConstructorResolver.java:546)
	at org.springframework.beans.factory.support.AbstractAutowireCapableBeanFactory.instantiateUsingFactoryMethod(AbstractAutowireCapableBeanFactory.java:1351)
	at org.springframework.beans.factory.support.AbstractAutowireCapableBeanFactory.createBeanInstance(AbstractAutowireCapableBeanFactory.java:1181)
	at org.springframework.beans.factory.support.AbstractAutowireCapableBeanFactory.doCreateBean(AbstractAutowireCapableBeanFactory.java:563)
	at org.springframework.beans.factory.support.AbstractAutowireCapableBeanFactory.createBean(AbstractAutowireCapableBeanFactory.java:523)
	at org.springframework.beans.factory.support.AbstractBeanFactory.lambda$doGetBean$0(AbstractBeanFactory.java:336)
	at org.springframework.beans.factory.support.DefaultSingletonBeanRegistry.getSingleton(DefaultSingletonBeanRegistry.java:288)
	at org.springframework.beans.factory.support.AbstractBeanFactory.doGetBean(AbstractBeanFactory.java:334)
	at org.springframework.beans.factory.support.AbstractBeanFactory.getBean(AbstractBeanFactory.java:199)
	at org.springframework.beans.factory.config.DependencyDescriptor.resolveCandidate(DependencyDescriptor.java:254)
	at org.springframework.beans.factory.support.DefaultListableBeanFactory.doResolveDependency(DefaultListableBeanFactory.java:1626)
	at org.springframework.beans.factory.support.DefaultListableBeanFactory.resolveDependency(DefaultListableBeanFactory.java:1514)
	at org.springframework.beans.factory.support.ConstructorResolver.resolveAutowiredArgument(ConstructorResolver.java:913)
	at org.springframework.beans.factory.support.ConstructorResolver.createArgumentArray(ConstructorResolver.java:791)
	... 129 common frames omitted
Caused by: org.springframework.beans.factory.NoSuchBeanDefinitionException: No qualifying bean of type 'com.sprint.mission.discodeit.storage.s3.AwsS3Properties' available: expected at least 1 bean which qualifies as autowire candidate. Dependency annotations: {}
	at org.springframework.beans.factory.support.DefaultListableBeanFactory.raiseNoMatchingBeanFound(DefaultListableBeanFactory.java:2139)
	at org.springframework.beans.factory.support.DefaultListableBeanFactory.doResolveDependency(DefaultListableBeanFactory.java:1589)
	at org.springframework.beans.factory.support.DefaultListableBeanFactory.resolveDependency(DefaultListableBeanFactory.java:1514)
	at org.springframework.beans.factory.support.ConstructorResolver.resolveAutowiredArgument(ConstructorResolver.java:913)
	at org.springframework.beans.factory.support.ConstructorResolver.createArgumentArray(ConstructorResolver.java:791)
	... 143 common frames omitted
25-04-09 19:24:54.753 [background-preinit] INFO  o.h.validator.internal.util.Version  [ |  | ] - HV000001: Hibernate Validator 8.0.1.Final
25-04-09 19:24:54.826 [Test worker] INFO  c.s.m.d.s.s.S3BinaryContentStorageTest [ |  | ] - Starting S3BinaryContentStorageTest using Java 17.0.13 with PID 11376 (started by min in C:\Users\min\IdeaProjects\sprint-mission\1-sprint-mission)
25-04-09 19:24:54.827 [Test worker] DEBUG c.s.m.d.s.s.S3BinaryContentStorageTest [ |  | ] - Running with Spring Boot v3.4.0, Spring v6.2.0
25-04-09 19:24:54.827 [Test worker] INFO  c.s.m.d.s.s.S3BinaryContentStorageTest [ |  | ] - The following 1 profile is active: "dev"
25-04-09 19:24:56.869 [Test worker] INFO  o.s.d.r.c.RepositoryConfigurationDelegate [ |  | ] - Bootstrapping Spring Data JPA repositories in DEFAULT mode.
25-04-09 19:24:57.034 [Test worker] INFO  o.s.d.r.c.RepositoryConfigurationDelegate [ |  | ] - Finished Spring Data repository scanning in 152 ms. Found 6 JPA repository interfaces.
25-04-09 19:24:57.974 [Test worker] INFO  com.zaxxer.hikari.HikariDataSource   [ |  | ] - HikariPool-1 - Starting...
25-04-09 19:24:58.299 [Test worker] INFO  com.zaxxer.hikari.pool.HikariPool    [ |  | ] - HikariPool-1 - Added connection org.postgresql.jdbc.PgConnection@35fe64ca
25-04-09 19:24:58.302 [Test worker] INFO  com.zaxxer.hikari.HikariDataSource   [ |  | ] - HikariPool-1 - Start completed.
25-04-09 19:24:58.484 [Test worker] INFO  o.h.jpa.internal.util.LogHelper      [ |  | ] - HHH000204: Processing PersistenceUnitInfo [name: default]
25-04-09 19:24:58.644 [Test worker] INFO  org.hibernate.Version                [ |  | ] - HHH000412: Hibernate ORM core version 6.6.2.Final
25-04-09 19:24:58.721 [Test worker] INFO  o.h.c.i.RegionFactoryInitiator       [ |  | ] - HHH000026: Second-level cache disabled
25-04-09 19:24:59.297 [Test worker] INFO  o.s.o.j.p.SpringPersistenceUnitInfo  [ |  | ] - No LoadTimeWeaver setup: ignoring JPA class transformer
25-04-09 19:24:59.469 [Test worker] INFO  o.hibernate.orm.connections.pooling  [ |  | ] - HHH10001005: Database info:
	Database JDBC URL [Connecting through datasource 'HikariDataSource (HikariPool-1)']
	Database driver: undefined/unknown
	Database version: 17.4
	Autocommit mode: undefined/unknown
	Isolation level: undefined/unknown
	Minimum pool size: undefined/unknown
	Maximum pool size: undefined/unknown
25-04-09 19:25:01.246 [Test worker] INFO  o.h.e.t.j.p.i.JtaPlatformInitiator   [ |  | ] - HHH000489: No JTA platform available (set 'hibernate.transaction.jta.platform' to enable JTA platform integration)
25-04-09 19:25:01.303 [Test worker] ERROR o.s.o.j.LocalContainerEntityManagerFactoryBean [ |  | ] - Failed to initialize JPA EntityManagerFactory: [PersistenceUnit: default] Unable to build Hibernate SessionFactory; nested exception is org.hibernate.tool.schema.spi.SchemaManagementException: Schema-validation: missing table [binary_contents]
25-04-09 19:25:01.304 [Test worker] WARN  o.s.w.c.s.GenericWebApplicationContext [ |  | ] - Exception encountered during context initialization - cancelling refresh attempt: org.springframework.beans.factory.BeanCreationException: Error creating bean with name 'entityManagerFactory' defined in class path resource [org/springframework/boot/autoconfigure/orm/jpa/HibernateJpaConfiguration.class]: [PersistenceUnit: default] Unable to build Hibernate SessionFactory; nested exception is org.hibernate.tool.schema.spi.SchemaManagementException: Schema-validation: missing table [binary_contents]
25-04-09 19:25:01.304 [Test worker] INFO  com.zaxxer.hikari.HikariDataSource   [ |  | ] - HikariPool-1 - Shutdown initiated...
25-04-09 19:25:01.306 [Test worker] INFO  com.zaxxer.hikari.HikariDataSource   [ |  | ] - HikariPool-1 - Shutdown completed.
25-04-09 19:25:01.347 [Test worker] INFO  o.s.b.a.l.ConditionEvaluationReportLogger [ |  | ] - 

Error starting ApplicationContext. To display the condition evaluation report re-run your application with 'debug' enabled.
25-04-09 19:25:01.410 [Test worker] ERROR o.s.boot.SpringApplication           [ |  | ] - Application run failed
org.springframework.beans.factory.BeanCreationException: Error creating bean with name 'entityManagerFactory' defined in class path resource [org/springframework/boot/autoconfigure/orm/jpa/HibernateJpaConfiguration.class]: [PersistenceUnit: default] Unable to build Hibernate SessionFactory; nested exception is org.hibernate.tool.schema.spi.SchemaManagementException: Schema-validation: missing table [binary_contents]
	at org.springframework.beans.factory.support.AbstractAutowireCapableBeanFactory.initializeBean(AbstractAutowireCapableBeanFactory.java:1802)
	at org.springframework.beans.factory.support.AbstractAutowireCapableBeanFactory.doCreateBean(AbstractAutowireCapableBeanFactory.java:601)
	at org.springframework.beans.factory.support.AbstractAutowireCapableBeanFactory.createBean(AbstractAutowireCapableBeanFactory.java:523)
	at org.springframework.beans.factory.support.AbstractBeanFactory.lambda$doGetBean$0(AbstractBeanFactory.java:336)
	at org.springframework.beans.factory.support.DefaultSingletonBeanRegistry.getSingleton(DefaultSingletonBeanRegistry.java:288)
	at org.springframework.beans.factory.support.AbstractBeanFactory.doGetBean(AbstractBeanFactory.java:334)
	at org.springframework.beans.factory.support.AbstractBeanFactory.getBean(AbstractBeanFactory.java:204)
	at org.springframework.context.support.AbstractApplicationContext.finishBeanFactoryInitialization(AbstractApplicationContext.java:970)
	at org.springframework.context.support.AbstractApplicationContext.refresh(AbstractApplicationContext.java:627)
	at org.springframework.boot.SpringApplication.refresh(SpringApplication.java:752)
	at org.springframework.boot.SpringApplication.refreshContext(SpringApplication.java:439)
	at org.springframework.boot.SpringApplication.run(SpringApplication.java:318)
	at org.springframework.boot.test.context.SpringBootContextLoader.lambda$loadContext$3(SpringBootContextLoader.java:137)
	at org.springframework.util.function.ThrowingSupplier.get(ThrowingSupplier.java:58)
	at org.springframework.util.function.ThrowingSupplier.get(ThrowingSupplier.java:46)
	at org.springframework.boot.SpringApplication.withHook(SpringApplication.java:1461)
	at org.springframework.boot.test.context.SpringBootContextLoader$ContextLoaderHook.run(SpringBootContextLoader.java:553)
	at org.springframework.boot.test.context.SpringBootContextLoader.loadContext(SpringBootContextLoader.java:137)
	at org.springframework.boot.test.context.SpringBootContextLoader.loadContext(SpringBootContextLoader.java:108)
	at org.springframework.test.context.cache.DefaultCacheAwareContextLoaderDelegate.loadContextInternal(DefaultCacheAwareContextLoaderDelegate.java:225)
	at org.springframework.test.context.cache.DefaultCacheAwareContextLoaderDelegate.loadContext(DefaultCacheAwareContextLoaderDelegate.java:152)
	at org.springframework.test.context.support.DefaultTestContext.getApplicationContext(DefaultTestContext.java:130)
	at org.springframework.test.context.web.ServletTestExecutionListener.setUpRequestContextIfNecessary(ServletTestExecutionListener.java:191)
	at org.springframework.test.context.web.ServletTestExecutionListener.prepareTestInstance(ServletTestExecutionListener.java:130)
	at org.springframework.test.context.TestContextManager.prepareTestInstance(TestContextManager.java:260)
	at org.springframework.test.context.junit.jupiter.SpringExtension.postProcessTestInstance(SpringExtension.java:160)
	at org.junit.jupiter.engine.descriptor.ClassBasedTestDescriptor.lambda$invokeTestInstancePostProcessors$11(ClassBasedTestDescriptor.java:378)
	at org.junit.jupiter.engine.descriptor.ClassBasedTestDescriptor.executeAndMaskThrowable(ClassBasedTestDescriptor.java:383)
	at org.junit.jupiter.engine.descriptor.ClassBasedTestDescriptor.lambda$invokeTestInstancePostProcessors$12(ClassBasedTestDescriptor.java:378)
	at java.base/java.util.stream.ForEachOps$ForEachOp$OfRef.accept(ForEachOps.java:183)
	at java.base/java.util.stream.ReferencePipeline$3$1.accept(ReferencePipeline.java:197)
	at java.base/java.util.stream.ReferencePipeline$2$1.accept(ReferencePipeline.java:179)
	at java.base/java.util.stream.ReferencePipeline$3$1.accept(ReferencePipeline.java:197)
	at java.base/java.util.ArrayList$ArrayListSpliterator.forEachRemaining(ArrayList.java:1625)
	at java.base/java.util.stream.AbstractPipeline.copyInto(AbstractPipeline.java:509)
	at java.base/java.util.stream.AbstractPipeline.wrapAndCopyInto(AbstractPipeline.java:499)
	at java.base/java.util.stream.ForEachOps$ForEachOp.evaluateSequential(ForEachOps.java:150)
	at java.base/java.util.stream.ForEachOps$ForEachOp$OfRef.evaluateSequential(ForEachOps.java:173)
	at java.base/java.util.stream.AbstractPipeline.evaluate(AbstractPipeline.java:234)
	at java.base/java.util.stream.ReferencePipeline.forEach(ReferencePipeline.java:596)
	at org.junit.jupiter.engine.descriptor.ClassBasedTestDescriptor.invokeTestInstancePostProcessors(ClassBasedTestDescriptor.java:377)
	at org.junit.jupiter.engine.descriptor.ClassBasedTestDescriptor.lambda$instantiateAndPostProcessTestInstance$7(ClassBasedTestDescriptor.java:290)
	at org.junit.platform.engine.support.hierarchical.ThrowableCollector.execute(ThrowableCollector.java:73)
	at org.junit.jupiter.engine.descriptor.ClassBasedTestDescriptor.instantiateAndPostProcessTestInstance(ClassBasedTestDescriptor.java:289)
	at org.junit.jupiter.engine.descriptor.ClassBasedTestDescriptor.lambda$testInstancesProvider$5(ClassBasedTestDescriptor.java:279)
	at java.base/java.util.Optional.orElseGet(Optional.java:364)
	at org.junit.jupiter.engine.descriptor.ClassBasedTestDescriptor.lambda$testInstancesProvider$6(ClassBasedTestDescriptor.java:278)
	at org.junit.jupiter.engine.execution.TestInstancesProvider.getTestInstances(TestInstancesProvider.java:31)
	at org.junit.jupiter.engine.descriptor.TestMethodTestDescriptor.lambda$prepare$1(TestMethodTestDescriptor.java:105)
	at org.junit.platform.engine.support.hierarchical.ThrowableCollector.execute(ThrowableCollector.java:73)
	at org.junit.jupiter.engine.descriptor.TestMethodTestDescriptor.prepare(TestMethodTestDescriptor.java:104)
	at org.junit.jupiter.engine.descriptor.TestMethodTestDescriptor.prepare(TestMethodTestDescriptor.java:68)
	at org.junit.platform.engine.support.hierarchical.NodeTestTask.lambda$prepare$2(NodeTestTask.java:128)
	at org.junit.platform.engine.support.hierarchical.ThrowableCollector.execute(ThrowableCollector.java:73)
	at org.junit.platform.engine.support.hierarchical.NodeTestTask.prepare(NodeTestTask.java:128)
	at org.junit.platform.engine.support.hierarchical.NodeTestTask.execute(NodeTestTask.java:95)
	at java.base/java.util.ArrayList.forEach(ArrayList.java:1511)
	at org.junit.platform.engine.support.hierarchical.SameThreadHierarchicalTestExecutorService.invokeAll(SameThreadHierarchicalTestExecutorService.java:41)
	at org.junit.platform.engine.support.hierarchical.NodeTestTask.lambda$executeRecursively$6(NodeTestTask.java:160)
	at org.junit.platform.engine.support.hierarchical.ThrowableCollector.execute(ThrowableCollector.java:73)
	at org.junit.platform.engine.support.hierarchical.NodeTestTask.lambda$executeRecursively$8(NodeTestTask.java:146)
	at org.junit.platform.engine.support.hierarchical.Node.around(Node.java:137)
	at org.junit.platform.engine.support.hierarchical.NodeTestTask.lambda$executeRecursively$9(NodeTestTask.java:144)
	at org.junit.platform.engine.support.hierarchical.ThrowableCollector.execute(ThrowableCollector.java:73)
	at org.junit.platform.engine.support.hierarchical.NodeTestTask.executeRecursively(NodeTestTask.java:143)
	at org.junit.platform.engine.support.hierarchical.NodeTestTask.execute(NodeTestTask.java:100)
	at java.base/java.util.ArrayList.forEach(ArrayList.java:1511)
	at org.junit.platform.engine.support.hierarchical.SameThreadHierarchicalTestExecutorService.invokeAll(SameThreadHierarchicalTestExecutorService.java:41)
	at org.junit.platform.engine.support.hierarchical.NodeTestTask.lambda$executeRecursively$6(NodeTestTask.java:160)
	at org.junit.platform.engine.support.hierarchical.ThrowableCollector.execute(ThrowableCollector.java:73)
	at org.junit.platform.engine.support.hierarchical.NodeTestTask.lambda$executeRecursively$8(NodeTestTask.java:146)
	at org.junit.platform.engine.support.hierarchical.Node.around(Node.java:137)
	at org.junit.platform.engine.support.hierarchical.NodeTestTask.lambda$executeRecursively$9(NodeTestTask.java:144)
	at org.junit.platform.engine.support.hierarchical.ThrowableCollector.execute(ThrowableCollector.java:73)
	at org.junit.platform.engine.support.hierarchical.NodeTestTask.executeRecursively(NodeTestTask.java:143)
	at org.junit.platform.engine.support.hierarchical.NodeTestTask.execute(NodeTestTask.java:100)
	at org.junit.platform.engine.support.hierarchical.SameThreadHierarchicalTestExecutorService.submit(SameThreadHierarchicalTestExecutorService.java:35)
	at org.junit.platform.engine.support.hierarchical.HierarchicalTestExecutor.execute(HierarchicalTestExecutor.java:57)
	at org.junit.platform.engine.support.hierarchical.HierarchicalTestEngine.execute(HierarchicalTestEngine.java:54)
	at org.junit.platform.launcher.core.EngineExecutionOrchestrator.execute(EngineExecutionOrchestrator.java:198)
	at org.junit.platform.launcher.core.EngineExecutionOrchestrator.execute(EngineExecutionOrchestrator.java:169)
	at org.junit.platform.launcher.core.EngineExecutionOrchestrator.execute(EngineExecutionOrchestrator.java:93)
	at org.junit.platform.launcher.core.EngineExecutionOrchestrator.lambda$execute$0(EngineExecutionOrchestrator.java:58)
	at org.junit.platform.launcher.core.EngineExecutionOrchestrator.withInterceptedStreams(EngineExecutionOrchestrator.java:141)
	at org.junit.platform.launcher.core.EngineExecutionOrchestrator.execute(EngineExecutionOrchestrator.java:57)
	at org.junit.platform.launcher.core.DefaultLauncher.execute(DefaultLauncher.java:103)
	at org.junit.platform.launcher.core.DefaultLauncher.execute(DefaultLauncher.java:85)
	at org.junit.platform.launcher.core.DelegatingLauncher.execute(DelegatingLauncher.java:47)
	at org.gradle.api.internal.tasks.testing.junitplatform.JUnitPlatformTestClassProcessor$CollectAllTestClassesExecutor.processAllTestClasses(JUnitPlatformTestClassProcessor.java:124)
	at org.gradle.api.internal.tasks.testing.junitplatform.JUnitPlatformTestClassProcessor$CollectAllTestClassesExecutor.access$000(JUnitPlatformTestClassProcessor.java:99)
	at org.gradle.api.internal.tasks.testing.junitplatform.JUnitPlatformTestClassProcessor.stop(JUnitPlatformTestClassProcessor.java:94)
	at org.gradle.api.internal.tasks.testing.SuiteTestClassProcessor.stop(SuiteTestClassProcessor.java:63)
	at java.base/jdk.internal.reflect.NativeMethodAccessorImpl.invoke0(Native Method)
	at java.base/jdk.internal.reflect.NativeMethodAccessorImpl.invoke(NativeMethodAccessorImpl.java:77)
	at java.base/jdk.internal.reflect.DelegatingMethodAccessorImpl.invoke(DelegatingMethodAccessorImpl.java:43)
	at java.base/java.lang.reflect.Method.invoke(Method.java:568)
	at org.gradle.internal.dispatch.ReflectionDispatch.dispatch(ReflectionDispatch.java:36)
	at org.gradle.internal.dispatch.ReflectionDispatch.dispatch(ReflectionDispatch.java:24)
	at org.gradle.internal.dispatch.ContextClassLoaderDispatch.dispatch(ContextClassLoaderDispatch.java:33)
	at org.gradle.internal.dispatch.ProxyDispatchAdapter$DispatchingInvocationHandler.invoke(ProxyDispatchAdapter.java:92)
	at jdk.proxy2/jdk.proxy2.$Proxy6.stop(Unknown Source)
	at org.gradle.api.internal.tasks.testing.worker.TestWorker$3.run(TestWorker.java:200)
	at org.gradle.api.internal.tasks.testing.worker.TestWorker.executeAndMaintainThreadName(TestWorker.java:132)
	at org.gradle.api.internal.tasks.testing.worker.TestWorker.execute(TestWorker.java:103)
	at org.gradle.api.internal.tasks.testing.worker.TestWorker.execute(TestWorker.java:63)
	at org.gradle.process.internal.worker.child.ActionExecutionWorker.execute(ActionExecutionWorker.java:56)
	at org.gradle.process.internal.worker.child.SystemApplicationClassLoaderWorker.call(SystemApplicationClassLoaderWorker.java:121)
	at org.gradle.process.internal.worker.child.SystemApplicationClassLoaderWorker.call(SystemApplicationClassLoaderWorker.java:71)
	at worker.org.gradle.process.internal.worker.GradleWorkerMain.run(GradleWorkerMain.java:69)
	at worker.org.gradle.process.internal.worker.GradleWorkerMain.main(GradleWorkerMain.java:74)
Caused by: jakarta.persistence.PersistenceException: [PersistenceUnit: default] Unable to build Hibernate SessionFactory; nested exception is org.hibernate.tool.schema.spi.SchemaManagementException: Schema-validation: missing table [binary_contents]
	at org.springframework.orm.jpa.AbstractEntityManagerFactoryBean.buildNativeEntityManagerFactory(AbstractEntityManagerFactoryBean.java:431)
	at org.springframework.orm.jpa.AbstractEntityManagerFactoryBean.afterPropertiesSet(AbstractEntityManagerFactoryBean.java:400)
	at org.springframework.orm.jpa.LocalContainerEntityManagerFactoryBean.afterPropertiesSet(LocalContainerEntityManagerFactoryBean.java:366)
	at org.springframework.beans.factory.support.AbstractAutowireCapableBeanFactory.invokeInitMethods(AbstractAutowireCapableBeanFactory.java:1849)
	at org.springframework.beans.factory.support.AbstractAutowireCapableBeanFactory.initializeBean(AbstractAutowireCapableBeanFactory.java:1798)
	... 109 common frames omitted
Caused by: org.hibernate.tool.schema.spi.SchemaManagementException: Schema-validation: missing table [binary_contents]
	at org.hibernate.tool.schema.internal.AbstractSchemaValidator.validateTable(AbstractSchemaValidator.java:136)
	at org.hibernate.tool.schema.internal.GroupedSchemaValidatorImpl.validateTables(GroupedSchemaValidatorImpl.java:46)
	at org.hibernate.tool.schema.internal.AbstractSchemaValidator.performValidation(AbstractSchemaValidator.java:99)
	at org.hibernate.tool.schema.internal.AbstractSchemaValidator.doValidation(AbstractSchemaValidator.java:77)
	at org.hibernate.tool.schema.spi.SchemaManagementToolCoordinator.performDatabaseAction(SchemaManagementToolCoordinator.java:289)
	at org.hibernate.tool.schema.spi.SchemaManagementToolCoordinator.lambda$process$5(SchemaManagementToolCoordinator.java:144)
	at java.base/java.util.HashMap.forEach(HashMap.java:1421)
	at org.hibernate.tool.schema.spi.SchemaManagementToolCoordinator.process(SchemaManagementToolCoordinator.java:141)
	at org.hibernate.boot.internal.SessionFactoryObserverForSchemaExport.sessionFactoryCreated(SessionFactoryObserverForSchemaExport.java:37)
	at org.hibernate.internal.SessionFactoryObserverChain.sessionFactoryCreated(SessionFactoryObserverChain.java:35)
	at org.hibernate.internal.SessionFactoryImpl.<init>(SessionFactoryImpl.java:324)
	at org.hibernate.boot.internal.SessionFactoryBuilderImpl.build(SessionFactoryBuilderImpl.java:463)
	at org.hibernate.jpa.boot.internal.EntityManagerFactoryBuilderImpl.build(EntityManagerFactoryBuilderImpl.java:1506)
	at org.springframework.orm.jpa.vendor.SpringHibernateJpaPersistenceProvider.createContainerEntityManagerFactory(SpringHibernateJpaPersistenceProvider.java:66)
	at org.springframework.orm.jpa.LocalContainerEntityManagerFactoryBean.createNativeEntityManagerFactory(LocalContainerEntityManagerFactoryBean.java:390)
	at org.springframework.orm.jpa.AbstractEntityManagerFactoryBean.buildNativeEntityManagerFactory(AbstractEntityManagerFactoryBean.java:419)
	... 113 common frames omitted
25-04-09 19:25:01.422 [Test worker] WARN  o.s.test.context.TestContextManager  [ |  | ] - Caught exception while allowing TestExecutionListener [org.springframework.test.context.web.ServletTestExecutionListener] to prepare test instance [com.sprint.mission.discodeit.storage.s3.S3BinaryContentStorageTest@594e64be]
java.lang.IllegalStateException: Failed to load ApplicationContext for [WebMergedContextConfiguration@4dcaab6b testClass = com.sprint.mission.discodeit.storage.s3.S3BinaryContentStorageTest, locations = [], classes = [com.sprint.mission.discodeit.DiscodeitApplication], contextInitializerClasses = [], activeProfiles = [], propertySourceDescriptors = [PropertySourceDescriptor[locations=[], ignoreResourceNotFound=false, name=null, propertySourceFactory=null, encoding=null]], propertySourceProperties = ["discodeit.storage.type=s3", "org.springframework.boot.test.context.SpringBootTestContextBootstrapper=true"], contextCustomizers = [org.springframework.boot.test.autoconfigure.OnFailureConditionReportContextCustomizerFactory$OnFailureConditionReportContextCustomizer@4d41ba0f, org.springframework.boot.test.autoconfigure.actuate.observability.ObservabilityContextCustomizerFactory$DisableObservabilityContextCustomizer@1f, org.springframework.boot.test.autoconfigure.properties.PropertyMappingContextCustomizer@0, org.springframework.boot.test.autoconfigure.web.servlet.WebDriverContextCustomizer@1cd3b138, org.springframework.boot.test.context.filter.ExcludeFilterContextCustomizer@40e37b06, org.springframework.boot.test.json.DuplicateJsonObjectContextCustomizerFactory$DuplicateJsonObjectContextCustomizer@fc807c1, org.springframework.boot.test.mock.mockito.MockitoContextCustomizer@0, org.springframework.boot.test.web.client.TestRestTemplateContextCustomizer@1f6917fb, org.springframework.boot.test.web.reactor.netty.DisableReactorResourceFactoryGlobalResourcesContextCustomizerFactory$DisableReactorResourceFactoryGlobalResourcesContextCustomizerCustomizer@2f897dab, org.springframework.test.context.support.DynamicPropertiesContextCustomizer@0, org.springframework.boot.test.context.SpringBootTestAnnotation@39d7c9d3], resourceBasePath = "src/main/webapp", contextLoader = org.springframework.boot.test.context.SpringBootContextLoader, parent = null]
	at org.springframework.test.context.cache.DefaultCacheAwareContextLoaderDelegate.loadContext(DefaultCacheAwareContextLoaderDelegate.java:180)
	at org.springframework.test.context.support.DefaultTestContext.getApplicationContext(DefaultTestContext.java:130)
	at org.springframework.test.context.web.ServletTestExecutionListener.setUpRequestContextIfNecessary(ServletTestExecutionListener.java:191)
	at org.springframework.test.context.web.ServletTestExecutionListener.prepareTestInstance(ServletTestExecutionListener.java:130)
	at org.springframework.test.context.TestContextManager.prepareTestInstance(TestContextManager.java:260)
	at org.springframework.test.context.junit.jupiter.SpringExtension.postProcessTestInstance(SpringExtension.java:160)
	at org.junit.jupiter.engine.descriptor.ClassBasedTestDescriptor.lambda$invokeTestInstancePostProcessors$11(ClassBasedTestDescriptor.java:378)
	at org.junit.jupiter.engine.descriptor.ClassBasedTestDescriptor.executeAndMaskThrowable(ClassBasedTestDescriptor.java:383)
	at org.junit.jupiter.engine.descriptor.ClassBasedTestDescriptor.lambda$invokeTestInstancePostProcessors$12(ClassBasedTestDescriptor.java:378)
	at java.base/java.util.stream.ForEachOps$ForEachOp$OfRef.accept(ForEachOps.java:183)
	at java.base/java.util.stream.ReferencePipeline$3$1.accept(ReferencePipeline.java:197)
	at java.base/java.util.stream.ReferencePipeline$2$1.accept(ReferencePipeline.java:179)
	at java.base/java.util.stream.ReferencePipeline$3$1.accept(ReferencePipeline.java:197)
	at java.base/java.util.ArrayList$ArrayListSpliterator.forEachRemaining(ArrayList.java:1625)
	at java.base/java.util.stream.AbstractPipeline.copyInto(AbstractPipeline.java:509)
	at java.base/java.util.stream.AbstractPipeline.wrapAndCopyInto(AbstractPipeline.java:499)
	at java.base/java.util.stream.ForEachOps$ForEachOp.evaluateSequential(ForEachOps.java:150)
	at java.base/java.util.stream.ForEachOps$ForEachOp$OfRef.evaluateSequential(ForEachOps.java:173)
	at java.base/java.util.stream.AbstractPipeline.evaluate(AbstractPipeline.java:234)
	at java.base/java.util.stream.ReferencePipeline.forEach(ReferencePipeline.java:596)
	at org.junit.jupiter.engine.descriptor.ClassBasedTestDescriptor.invokeTestInstancePostProcessors(ClassBasedTestDescriptor.java:377)
	at org.junit.jupiter.engine.descriptor.ClassBasedTestDescriptor.lambda$instantiateAndPostProcessTestInstance$7(ClassBasedTestDescriptor.java:290)
	at org.junit.platform.engine.support.hierarchical.ThrowableCollector.execute(ThrowableCollector.java:73)
	at org.junit.jupiter.engine.descriptor.ClassBasedTestDescriptor.instantiateAndPostProcessTestInstance(ClassBasedTestDescriptor.java:289)
	at org.junit.jupiter.engine.descriptor.ClassBasedTestDescriptor.lambda$testInstancesProvider$5(ClassBasedTestDescriptor.java:279)
	at java.base/java.util.Optional.orElseGet(Optional.java:364)
	at org.junit.jupiter.engine.descriptor.ClassBasedTestDescriptor.lambda$testInstancesProvider$6(ClassBasedTestDescriptor.java:278)
	at org.junit.jupiter.engine.execution.TestInstancesProvider.getTestInstances(TestInstancesProvider.java:31)
	at org.junit.jupiter.engine.descriptor.TestMethodTestDescriptor.lambda$prepare$1(TestMethodTestDescriptor.java:105)
	at org.junit.platform.engine.support.hierarchical.ThrowableCollector.execute(ThrowableCollector.java:73)
	at org.junit.jupiter.engine.descriptor.TestMethodTestDescriptor.prepare(TestMethodTestDescriptor.java:104)
	at org.junit.jupiter.engine.descriptor.TestMethodTestDescriptor.prepare(TestMethodTestDescriptor.java:68)
	at org.junit.platform.engine.support.hierarchical.NodeTestTask.lambda$prepare$2(NodeTestTask.java:128)
	at org.junit.platform.engine.support.hierarchical.ThrowableCollector.execute(ThrowableCollector.java:73)
	at org.junit.platform.engine.support.hierarchical.NodeTestTask.prepare(NodeTestTask.java:128)
	at org.junit.platform.engine.support.hierarchical.NodeTestTask.execute(NodeTestTask.java:95)
	at java.base/java.util.ArrayList.forEach(ArrayList.java:1511)
	at org.junit.platform.engine.support.hierarchical.SameThreadHierarchicalTestExecutorService.invokeAll(SameThreadHierarchicalTestExecutorService.java:41)
	at org.junit.platform.engine.support.hierarchical.NodeTestTask.lambda$executeRecursively$6(NodeTestTask.java:160)
	at org.junit.platform.engine.support.hierarchical.ThrowableCollector.execute(ThrowableCollector.java:73)
	at org.junit.platform.engine.support.hierarchical.NodeTestTask.lambda$executeRecursively$8(NodeTestTask.java:146)
	at org.junit.platform.engine.support.hierarchical.Node.around(Node.java:137)
	at org.junit.platform.engine.support.hierarchical.NodeTestTask.lambda$executeRecursively$9(NodeTestTask.java:144)
	at org.junit.platform.engine.support.hierarchical.ThrowableCollector.execute(ThrowableCollector.java:73)
	at org.junit.platform.engine.support.hierarchical.NodeTestTask.executeRecursively(NodeTestTask.java:143)
	at org.junit.platform.engine.support.hierarchical.NodeTestTask.execute(NodeTestTask.java:100)
	at java.base/java.util.ArrayList.forEach(ArrayList.java:1511)
	at org.junit.platform.engine.support.hierarchical.SameThreadHierarchicalTestExecutorService.invokeAll(SameThreadHierarchicalTestExecutorService.java:41)
	at org.junit.platform.engine.support.hierarchical.NodeTestTask.lambda$executeRecursively$6(NodeTestTask.java:160)
	at org.junit.platform.engine.support.hierarchical.ThrowableCollector.execute(ThrowableCollector.java:73)
	at org.junit.platform.engine.support.hierarchical.NodeTestTask.lambda$executeRecursively$8(NodeTestTask.java:146)
	at org.junit.platform.engine.support.hierarchical.Node.around(Node.java:137)
	at org.junit.platform.engine.support.hierarchical.NodeTestTask.lambda$executeRecursively$9(NodeTestTask.java:144)
	at org.junit.platform.engine.support.hierarchical.ThrowableCollector.execute(ThrowableCollector.java:73)
	at org.junit.platform.engine.support.hierarchical.NodeTestTask.executeRecursively(NodeTestTask.java:143)
	at org.junit.platform.engine.support.hierarchical.NodeTestTask.execute(NodeTestTask.java:100)
	at org.junit.platform.engine.support.hierarchical.SameThreadHierarchicalTestExecutorService.submit(SameThreadHierarchicalTestExecutorService.java:35)
	at org.junit.platform.engine.support.hierarchical.HierarchicalTestExecutor.execute(HierarchicalTestExecutor.java:57)
	at org.junit.platform.engine.support.hierarchical.HierarchicalTestEngine.execute(HierarchicalTestEngine.java:54)
	at org.junit.platform.launcher.core.EngineExecutionOrchestrator.execute(EngineExecutionOrchestrator.java:198)
	at org.junit.platform.launcher.core.EngineExecutionOrchestrator.execute(EngineExecutionOrchestrator.java:169)
	at org.junit.platform.launcher.core.EngineExecutionOrchestrator.execute(EngineExecutionOrchestrator.java:93)
	at org.junit.platform.launcher.core.EngineExecutionOrchestrator.lambda$execute$0(EngineExecutionOrchestrator.java:58)
	at org.junit.platform.launcher.core.EngineExecutionOrchestrator.withInterceptedStreams(EngineExecutionOrchestrator.java:141)
	at org.junit.platform.launcher.core.EngineExecutionOrchestrator.execute(EngineExecutionOrchestrator.java:57)
	at org.junit.platform.launcher.core.DefaultLauncher.execute(DefaultLauncher.java:103)
	at org.junit.platform.launcher.core.DefaultLauncher.execute(DefaultLauncher.java:85)
	at org.junit.platform.launcher.core.DelegatingLauncher.execute(DelegatingLauncher.java:47)
	at org.gradle.api.internal.tasks.testing.junitplatform.JUnitPlatformTestClassProcessor$CollectAllTestClassesExecutor.processAllTestClasses(JUnitPlatformTestClassProcessor.java:124)
	at org.gradle.api.internal.tasks.testing.junitplatform.JUnitPlatformTestClassProcessor$CollectAllTestClassesExecutor.access$000(JUnitPlatformTestClassProcessor.java:99)
	at org.gradle.api.internal.tasks.testing.junitplatform.JUnitPlatformTestClassProcessor.stop(JUnitPlatformTestClassProcessor.java:94)
	at org.gradle.api.internal.tasks.testing.SuiteTestClassProcessor.stop(SuiteTestClassProcessor.java:63)
	at java.base/jdk.internal.reflect.NativeMethodAccessorImpl.invoke0(Native Method)
	at java.base/jdk.internal.reflect.NativeMethodAccessorImpl.invoke(NativeMethodAccessorImpl.java:77)
	at java.base/jdk.internal.reflect.DelegatingMethodAccessorImpl.invoke(DelegatingMethodAccessorImpl.java:43)
	at java.base/java.lang.reflect.Method.invoke(Method.java:568)
	at org.gradle.internal.dispatch.ReflectionDispatch.dispatch(ReflectionDispatch.java:36)
	at org.gradle.internal.dispatch.ReflectionDispatch.dispatch(ReflectionDispatch.java:24)
	at org.gradle.internal.dispatch.ContextClassLoaderDispatch.dispatch(ContextClassLoaderDispatch.java:33)
	at org.gradle.internal.dispatch.ProxyDispatchAdapter$DispatchingInvocationHandler.invoke(ProxyDispatchAdapter.java:92)
	at jdk.proxy2/jdk.proxy2.$Proxy6.stop(Unknown Source)
	at org.gradle.api.internal.tasks.testing.worker.TestWorker$3.run(TestWorker.java:200)
	at org.gradle.api.internal.tasks.testing.worker.TestWorker.executeAndMaintainThreadName(TestWorker.java:132)
	at org.gradle.api.internal.tasks.testing.worker.TestWorker.execute(TestWorker.java:103)
	at org.gradle.api.internal.tasks.testing.worker.TestWorker.execute(TestWorker.java:63)
	at org.gradle.process.internal.worker.child.ActionExecutionWorker.execute(ActionExecutionWorker.java:56)
	at org.gradle.process.internal.worker.child.SystemApplicationClassLoaderWorker.call(SystemApplicationClassLoaderWorker.java:121)
	at org.gradle.process.internal.worker.child.SystemApplicationClassLoaderWorker.call(SystemApplicationClassLoaderWorker.java:71)
	at worker.org.gradle.process.internal.worker.GradleWorkerMain.run(GradleWorkerMain.java:69)
	at worker.org.gradle.process.internal.worker.GradleWorkerMain.main(GradleWorkerMain.java:74)
Caused by: org.springframework.beans.factory.BeanCreationException: Error creating bean with name 'entityManagerFactory' defined in class path resource [org/springframework/boot/autoconfigure/orm/jpa/HibernateJpaConfiguration.class]: [PersistenceUnit: default] Unable to build Hibernate SessionFactory; nested exception is org.hibernate.tool.schema.spi.SchemaManagementException: Schema-validation: missing table [binary_contents]
	at org.springframework.beans.factory.support.AbstractAutowireCapableBeanFactory.initializeBean(AbstractAutowireCapableBeanFactory.java:1802)
	at org.springframework.beans.factory.support.AbstractAutowireCapableBeanFactory.doCreateBean(AbstractAutowireCapableBeanFactory.java:601)
	at org.springframework.beans.factory.support.AbstractAutowireCapableBeanFactory.createBean(AbstractAutowireCapableBeanFactory.java:523)
	at org.springframework.beans.factory.support.AbstractBeanFactory.lambda$doGetBean$0(AbstractBeanFactory.java:336)
	at org.springframework.beans.factory.support.DefaultSingletonBeanRegistry.getSingleton(DefaultSingletonBeanRegistry.java:288)
	at org.springframework.beans.factory.support.AbstractBeanFactory.doGetBean(AbstractBeanFactory.java:334)
	at org.springframework.beans.factory.support.AbstractBeanFactory.getBean(AbstractBeanFactory.java:204)
	at org.springframework.context.support.AbstractApplicationContext.finishBeanFactoryInitialization(AbstractApplicationContext.java:970)
	at org.springframework.context.support.AbstractApplicationContext.refresh(AbstractApplicationContext.java:627)
	at org.springframework.boot.SpringApplication.refresh(SpringApplication.java:752)
	at org.springframework.boot.SpringApplication.refreshContext(SpringApplication.java:439)
	at org.springframework.boot.SpringApplication.run(SpringApplication.java:318)
	at org.springframework.boot.test.context.SpringBootContextLoader.lambda$loadContext$3(SpringBootContextLoader.java:137)
	at org.springframework.util.function.ThrowingSupplier.get(ThrowingSupplier.java:58)
	at org.springframework.util.function.ThrowingSupplier.get(ThrowingSupplier.java:46)
	at org.springframework.boot.SpringApplication.withHook(SpringApplication.java:1461)
	at org.springframework.boot.test.context.SpringBootContextLoader$ContextLoaderHook.run(SpringBootContextLoader.java:553)
	at org.springframework.boot.test.context.SpringBootContextLoader.loadContext(SpringBootContextLoader.java:137)
	at org.springframework.boot.test.context.SpringBootContextLoader.loadContext(SpringBootContextLoader.java:108)
	at org.springframework.test.context.cache.DefaultCacheAwareContextLoaderDelegate.loadContextInternal(DefaultCacheAwareContextLoaderDelegate.java:225)
	at org.springframework.test.context.cache.DefaultCacheAwareContextLoaderDelegate.loadContext(DefaultCacheAwareContextLoaderDelegate.java:152)
	... 89 common frames omitted
Caused by: jakarta.persistence.PersistenceException: [PersistenceUnit: default] Unable to build Hibernate SessionFactory; nested exception is org.hibernate.tool.schema.spi.SchemaManagementException: Schema-validation: missing table [binary_contents]
	at org.springframework.orm.jpa.AbstractEntityManagerFactoryBean.buildNativeEntityManagerFactory(AbstractEntityManagerFactoryBean.java:431)
	at org.springframework.orm.jpa.AbstractEntityManagerFactoryBean.afterPropertiesSet(AbstractEntityManagerFactoryBean.java:400)
	at org.springframework.orm.jpa.LocalContainerEntityManagerFactoryBean.afterPropertiesSet(LocalContainerEntityManagerFactoryBean.java:366)
	at org.springframework.beans.factory.support.AbstractAutowireCapableBeanFactory.invokeInitMethods(AbstractAutowireCapableBeanFactory.java:1849)
	at org.springframework.beans.factory.support.AbstractAutowireCapableBeanFactory.initializeBean(AbstractAutowireCapableBeanFactory.java:1798)
	... 109 common frames omitted
Caused by: org.hibernate.tool.schema.spi.SchemaManagementException: Schema-validation: missing table [binary_contents]
	at org.hibernate.tool.schema.internal.AbstractSchemaValidator.validateTable(AbstractSchemaValidator.java:136)
	at org.hibernate.tool.schema.internal.GroupedSchemaValidatorImpl.validateTables(GroupedSchemaValidatorImpl.java:46)
	at org.hibernate.tool.schema.internal.AbstractSchemaValidator.performValidation(AbstractSchemaValidator.java:99)
	at org.hibernate.tool.schema.internal.AbstractSchemaValidator.doValidation(AbstractSchemaValidator.java:77)
	at org.hibernate.tool.schema.spi.SchemaManagementToolCoordinator.performDatabaseAction(SchemaManagementToolCoordinator.java:289)
	at org.hibernate.tool.schema.spi.SchemaManagementToolCoordinator.lambda$process$5(SchemaManagementToolCoordinator.java:144)
	at java.base/java.util.HashMap.forEach(HashMap.java:1421)
	at org.hibernate.tool.schema.spi.SchemaManagementToolCoordinator.process(SchemaManagementToolCoordinator.java:141)
	at org.hibernate.boot.internal.SessionFactoryObserverForSchemaExport.sessionFactoryCreated(SessionFactoryObserverForSchemaExport.java:37)
	at org.hibernate.internal.SessionFactoryObserverChain.sessionFactoryCreated(SessionFactoryObserverChain.java:35)
	at org.hibernate.internal.SessionFactoryImpl.<init>(SessionFactoryImpl.java:324)
	at org.hibernate.boot.internal.SessionFactoryBuilderImpl.build(SessionFactoryBuilderImpl.java:463)
	at org.hibernate.jpa.boot.internal.EntityManagerFactoryBuilderImpl.build(EntityManagerFactoryBuilderImpl.java:1506)
	at org.springframework.orm.jpa.vendor.SpringHibernateJpaPersistenceProvider.createContainerEntityManagerFactory(SpringHibernateJpaPersistenceProvider.java:66)
	at org.springframework.orm.jpa.LocalContainerEntityManagerFactoryBean.createNativeEntityManagerFactory(LocalContainerEntityManagerFactoryBean.java:390)
	at org.springframework.orm.jpa.AbstractEntityManagerFactoryBean.buildNativeEntityManagerFactory(AbstractEntityManagerFactoryBean.java:419)
	... 113 common frames omitted
25-04-09 19:26:17.189 [background-preinit] INFO  o.h.validator.internal.util.Version  [ |  | ] - HV000001: Hibernate Validator 8.0.1.Final
25-04-09 19:26:17.260 [Test worker] INFO  c.s.m.d.s.s.S3BinaryContentStorageTest [ |  | ] - Starting S3BinaryContentStorageTest using Java 17.0.13 with PID 39540 (started by min in C:\Users\min\IdeaProjects\sprint-mission\1-sprint-mission)
25-04-09 19:26:17.261 [Test worker] DEBUG c.s.m.d.s.s.S3BinaryContentStorageTest [ |  | ] - Running with Spring Boot v3.4.0, Spring v6.2.0
25-04-09 19:26:17.262 [Test worker] INFO  c.s.m.d.s.s.S3BinaryContentStorageTest [ |  | ] - The following 1 profile is active: "dev"
25-04-09 19:26:19.378 [Test worker] INFO  o.s.d.r.c.RepositoryConfigurationDelegate [ |  | ] - Bootstrapping Spring Data JPA repositories in DEFAULT mode.
25-04-09 19:26:19.564 [Test worker] INFO  o.s.d.r.c.RepositoryConfigurationDelegate [ |  | ] - Finished Spring Data repository scanning in 169 ms. Found 6 JPA repository interfaces.
25-04-09 19:26:20.702 [Test worker] INFO  com.zaxxer.hikari.HikariDataSource   [ |  | ] - HikariPool-1 - Starting...
25-04-09 19:26:21.158 [Test worker] INFO  com.zaxxer.hikari.pool.HikariPool    [ |  | ] - HikariPool-1 - Added connection org.postgresql.jdbc.PgConnection@13dabbb9
25-04-09 19:26:21.161 [Test worker] INFO  com.zaxxer.hikari.HikariDataSource   [ |  | ] - HikariPool-1 - Start completed.
25-04-09 19:26:21.356 [Test worker] INFO  o.h.jpa.internal.util.LogHelper      [ |  | ] - HHH000204: Processing PersistenceUnitInfo [name: default]
25-04-09 19:26:21.521 [Test worker] INFO  org.hibernate.Version                [ |  | ] - HHH000412: Hibernate ORM core version 6.6.2.Final
25-04-09 19:26:21.607 [Test worker] INFO  o.h.c.i.RegionFactoryInitiator       [ |  | ] - HHH000026: Second-level cache disabled
25-04-09 19:26:22.199 [Test worker] INFO  o.s.o.j.p.SpringPersistenceUnitInfo  [ |  | ] - No LoadTimeWeaver setup: ignoring JPA class transformer
25-04-09 19:26:22.372 [Test worker] INFO  o.hibernate.orm.connections.pooling  [ |  | ] - HHH10001005: Database info:
	Database JDBC URL [Connecting through datasource 'HikariDataSource (HikariPool-1)']
	Database driver: undefined/unknown
	Database version: 17.4
	Autocommit mode: undefined/unknown
	Isolation level: undefined/unknown
	Minimum pool size: undefined/unknown
	Maximum pool size: undefined/unknown
25-04-09 19:26:24.381 [Test worker] INFO  o.h.e.t.j.p.i.JtaPlatformInitiator   [ |  | ] - HHH000489: No JTA platform available (set 'hibernate.transaction.jta.platform' to enable JTA platform integration)
25-04-09 19:26:24.414 [Test worker] DEBUG org.hibernate.SQL                    [ |  | ] - 
    set client_min_messages = WARNING
25-04-09 19:26:24.415 [Test worker] DEBUG org.hibernate.SQL                    [ |  | ] - 
    alter table if exists message_attachments 
       drop constraint if exists FKrodngy1gmksoxo65eursdfx4u
25-04-09 19:26:24.416 [Test worker] DEBUG org.hibernate.SQL                    [ |  | ] - 
    alter table if exists message_attachments 
       drop constraint if exists FKj7twd218e2gqw9cmlhwvo1rth
25-04-09 19:26:24.417 [Test worker] DEBUG org.hibernate.SQL                    [ |  | ] - 
    alter table if exists messages 
       drop constraint if exists FKowtlim26svclkatusptbgi7u1
25-04-09 19:26:24.417 [Test worker] DEBUG org.hibernate.SQL                    [ |  | ] - 
    alter table if exists messages 
       drop constraint if exists FK3u3ckbhwq9se1cmopk2pq05b2
25-04-09 19:26:24.417 [Test worker] DEBUG org.hibernate.SQL                    [ |  | ] - 
    alter table if exists read_statuses 
       drop constraint if exists FKa38ri44ml4gfdpklx4ahqr8gd
25-04-09 19:26:24.418 [Test worker] DEBUG org.hibernate.SQL                    [ |  | ] - 
    alter table if exists read_statuses 
       drop constraint if exists FKml3k4wr9sj5yxrmj6d0aoib2e
25-04-09 19:26:24.418 [Test worker] DEBUG org.hibernate.SQL                    [ |  | ] - 
    alter table if exists user_statuses 
       drop constraint if exists FK4lfl3ei2ubchgcxrrpo3pw4mm
25-04-09 19:26:24.419 [Test worker] DEBUG org.hibernate.SQL                    [ |  | ] - 
    alter table if exists users 
       drop constraint if exists FKtbudycgrip49xdptogmhfqnso
25-04-09 19:26:24.420 [Test worker] DEBUG org.hibernate.SQL                    [ |  | ] - 
    drop table if exists binary_contents cascade
25-04-09 19:26:24.420 [Test worker] DEBUG org.hibernate.SQL                    [ |  | ] - 
    drop table if exists channels cascade
25-04-09 19:26:24.420 [Test worker] DEBUG org.hibernate.SQL                    [ |  | ] - 
    drop table if exists message_attachments cascade
25-04-09 19:26:24.421 [Test worker] DEBUG org.hibernate.SQL                    [ |  | ] - 
    drop table if exists messages cascade
25-04-09 19:26:24.421 [Test worker] DEBUG org.hibernate.SQL                    [ |  | ] - 
    drop table if exists read_statuses cascade
25-04-09 19:26:24.421 [Test worker] DEBUG org.hibernate.SQL                    [ |  | ] - 
    drop table if exists user_statuses cascade
25-04-09 19:26:24.422 [Test worker] DEBUG org.hibernate.SQL                    [ |  | ] - 
    drop table if exists users cascade
25-04-09 19:26:24.432 [Test worker] DEBUG org.hibernate.SQL                    [ |  | ] - 
    create table binary_contents (
        created_at timestamp with time zone not null,
        size bigint not null,
        id uuid not null,
        content_type varchar(100) not null,
        file_name varchar(255) not null,
        primary key (id)
    )
25-04-09 19:26:24.441 [Test worker] DEBUG org.hibernate.SQL                    [ |  | ] - 
    create table channels (
        created_at timestamp with time zone not null,
        updated_at timestamp with time zone,
        id uuid not null,
        description varchar(255),
        name varchar(255) not null,
        type varchar(255) not null check (type in ('PUBLIC','PRIVATE')),
        primary key (id)
    )
25-04-09 19:26:24.446 [Test worker] DEBUG org.hibernate.SQL                    [ |  | ] - 
    create table message_attachments (
        attachments_id uuid not null unique,
        message_id uuid not null
    )
25-04-09 19:26:24.450 [Test worker] DEBUG org.hibernate.SQL                    [ |  | ] - 
    create table messages (
        created_at timestamp with time zone not null,
        updated_at timestamp with time zone,
        author_id uuid,
        channel_id uuid not null,
        id uuid not null,
        content text not null,
        primary key (id)
    )
25-04-09 19:26:24.457 [Test worker] DEBUG org.hibernate.SQL                    [ |  | ] - 
    create table read_statuses (
        created_at timestamp with time zone not null,
        last_read_at timestamp with time zone not null,
        updated_at timestamp with time zone,
        channel_id uuid not null,
        id uuid not null,
        user_id uuid not null,
        primary key (id),
        unique (user_id, channel_id)
    )
25-04-09 19:26:24.464 [Test worker] DEBUG org.hibernate.SQL                    [ |  | ] - 
    create table user_statuses (
        created_at timestamp with time zone not null,
        last_active_at timestamp with time zone not null,
        updated_at timestamp with time zone,
        id uuid not null,
        user_id uuid not null unique,
        primary key (id)
    )
25-04-09 19:26:24.468 [Test worker] DEBUG org.hibernate.SQL                    [ |  | ] - 
    create table users (
        created_at timestamp with time zone not null,
        updated_at timestamp with time zone,
        id uuid not null,
        profile_id uuid unique,
        username varchar(50) not null unique,
        password varchar(60) not null,
        email varchar(100) not null unique,
        primary key (id)
    )
25-04-09 19:26:24.483 [Test worker] DEBUG org.hibernate.SQL                    [ |  | ] - 
    alter table if exists message_attachments 
       add constraint FKrodngy1gmksoxo65eursdfx4u 
       foreign key (attachments_id) 
       references binary_contents
25-04-09 19:26:24.486 [Test worker] DEBUG org.hibernate.SQL                    [ |  | ] - 
    alter table if exists message_attachments 
       add constraint FKj7twd218e2gqw9cmlhwvo1rth 
       foreign key (message_id) 
       references messages
25-04-09 19:26:24.488 [Test worker] DEBUG org.hibernate.SQL                    [ |  | ] - 
    alter table if exists messages 
       add constraint FKowtlim26svclkatusptbgi7u1 
       foreign key (author_id) 
       references users
25-04-09 19:26:24.491 [Test worker] DEBUG org.hibernate.SQL                    [ |  | ] - 
    alter table if exists messages 
       add constraint FK3u3ckbhwq9se1cmopk2pq05b2 
       foreign key (channel_id) 
       references channels
25-04-09 19:26:24.492 [Test worker] DEBUG org.hibernate.SQL                    [ |  | ] - 
    alter table if exists read_statuses 
       add constraint FKa38ri44ml4gfdpklx4ahqr8gd 
       foreign key (channel_id) 
       references channels
25-04-09 19:26:24.495 [Test worker] DEBUG org.hibernate.SQL                    [ |  | ] - 
    alter table if exists read_statuses 
       add constraint FKml3k4wr9sj5yxrmj6d0aoib2e 
       foreign key (user_id) 
       references users
25-04-09 19:26:24.496 [Test worker] DEBUG org.hibernate.SQL                    [ |  | ] - 
    alter table if exists user_statuses 
       add constraint FK4lfl3ei2ubchgcxrrpo3pw4mm 
       foreign key (user_id) 
       references users
25-04-09 19:26:24.498 [Test worker] DEBUG org.hibernate.SQL                    [ |  | ] - 
    alter table if exists users 
       add constraint FKtbudycgrip49xdptogmhfqnso 
       foreign key (profile_id) 
       references binary_contents
25-04-09 19:26:24.506 [Test worker] INFO  o.s.o.j.LocalContainerEntityManagerFactoryBean [ |  | ] - Initialized JPA EntityManagerFactory for persistence unit 'default'
25-04-09 19:26:25.088 [Test worker] INFO  o.s.d.j.r.query.QueryEnhancerFactory [ |  | ] - Hibernate is in classpath; If applicable, HQL parser will be used.
25-04-09 19:26:26.329 [Test worker] WARN  o.s.w.c.s.GenericWebApplicationContext [ |  | ] - Exception encountered during context initialization - cancelling refresh attempt: org.springframework.beans.factory.UnsatisfiedDependencyException: Error creating bean with name 'binaryContentController' defined in file [C:\Users\min\IdeaProjects\sprint-mission\1-sprint-mission\build\classes\java\main\com\sprint\mission\discodeit\controller\BinaryContentController.class]: Unsatisfied dependency expressed through constructor parameter 0: Error creating bean with name 'basicBinaryContentService' defined in file [C:\Users\min\IdeaProjects\sprint-mission\1-sprint-mission\build\classes\java\main\com\sprint\mission\discodeit\service\basic\BasicBinaryContentService.class]: Unsatisfied dependency expressed through constructor parameter 2: Error creating bean with name 's3BinaryContentStorage' defined in class path resource [com/sprint/mission/discodeit/config/StorageConfig.class]: Failed to instantiate [com.sprint.mission.discodeit.storage.BinaryContentStorage]: Factory method 's3BinaryContentStorage' threw exception with message: Configured region (%24%7BAWS_S3_REGION%7D) and tags ([]) resulted in an invalid URI: https://s3.%24%7BAWS_S3_REGION%7D.amazonaws.com. This is usually caused by an invalid region configuration. Valid regions: [af-south-1, ap-east-1, ap-northeast-1, ap-northeast-2, ap-northeast-3, ap-south-1, ap-south-2, ap-southeast-1, ap-southeast-2, ap-southeast-3, ap-southeast-4, ap-southeast-5, ap-southeast-7, aws-global, ca-central-1, ca-west-1, eu-central-1, eu-central-2, eu-north-1, eu-south-1, eu-south-2, eu-west-1, eu-west-2, eu-west-3, fips-ca-central-1, fips-us-east-1, fips-us-east-2, fips-us-west-1, fips-us-west-2, il-central-1, me-central-1, me-south-1, mx-central-1, sa-east-1, us-east-1, us-east-2, us-west-1, us-west-2, cn-north-1, cn-northwest-1, fips-us-gov-east-1, fips-us-gov-west-1, us-gov-east-1, us-gov-west-1, fips-us-iso-east-1, us-iso-east-1, us-iso-west-1, us-isob-east-1, us-isof-east-1, us-isof-south-1]
25-04-09 19:26:26.330 [Test worker] INFO  o.s.o.j.LocalContainerEntityManagerFactoryBean [ |  | ] - Closing JPA EntityManagerFactory for persistence unit 'default'
25-04-09 19:26:26.331 [Test worker] DEBUG org.hibernate.SQL                    [ |  | ] - 
    set client_min_messages = WARNING
25-04-09 19:26:26.332 [Test worker] DEBUG org.hibernate.SQL                    [ |  | ] - 
    alter table if exists message_attachments 
       drop constraint if exists FKrodngy1gmksoxo65eursdfx4u
25-04-09 19:26:26.332 [Test worker] DEBUG org.hibernate.SQL                    [ |  | ] - 
    alter table if exists message_attachments 
       drop constraint if exists FKj7twd218e2gqw9cmlhwvo1rth
25-04-09 19:26:26.333 [Test worker] DEBUG org.hibernate.SQL                    [ |  | ] - 
    alter table if exists messages 
       drop constraint if exists FKowtlim26svclkatusptbgi7u1
25-04-09 19:26:26.334 [Test worker] DEBUG org.hibernate.SQL                    [ |  | ] - 
    alter table if exists messages 
       drop constraint if exists FK3u3ckbhwq9se1cmopk2pq05b2
25-04-09 19:26:26.335 [Test worker] DEBUG org.hibernate.SQL                    [ |  | ] - 
    alter table if exists read_statuses 
       drop constraint if exists FKa38ri44ml4gfdpklx4ahqr8gd
25-04-09 19:26:26.335 [Test worker] DEBUG org.hibernate.SQL                    [ |  | ] - 
    alter table if exists read_statuses 
       drop constraint if exists FKml3k4wr9sj5yxrmj6d0aoib2e
25-04-09 19:26:26.336 [Test worker] DEBUG org.hibernate.SQL                    [ |  | ] - 
    alter table if exists user_statuses 
       drop constraint if exists FK4lfl3ei2ubchgcxrrpo3pw4mm
25-04-09 19:26:26.337 [Test worker] DEBUG org.hibernate.SQL                    [ |  | ] - 
    alter table if exists users 
       drop constraint if exists FKtbudycgrip49xdptogmhfqnso
25-04-09 19:26:26.338 [Test worker] DEBUG org.hibernate.SQL                    [ |  | ] - 
    drop table if exists binary_contents cascade
25-04-09 19:26:26.341 [Test worker] DEBUG org.hibernate.SQL                    [ |  | ] - 
    drop table if exists channels cascade
25-04-09 19:26:26.345 [Test worker] DEBUG org.hibernate.SQL                    [ |  | ] - 
    drop table if exists message_attachments cascade
25-04-09 19:26:26.347 [Test worker] DEBUG org.hibernate.SQL                    [ |  | ] - 
    drop table if exists messages cascade
25-04-09 19:26:26.351 [Test worker] DEBUG org.hibernate.SQL                    [ |  | ] - 
    drop table if exists read_statuses cascade
25-04-09 19:26:26.355 [Test worker] DEBUG org.hibernate.SQL                    [ |  | ] - 
    drop table if exists user_statuses cascade
25-04-09 19:26:26.358 [Test worker] DEBUG org.hibernate.SQL                    [ |  | ] - 
    drop table if exists users cascade
25-04-09 19:26:26.365 [Test worker] INFO  com.zaxxer.hikari.HikariDataSource   [ |  | ] - HikariPool-1 - Shutdown initiated...
25-04-09 19:26:26.369 [Test worker] INFO  com.zaxxer.hikari.HikariDataSource   [ |  | ] - HikariPool-1 - Shutdown completed.
25-04-09 19:26:26.401 [Test worker] INFO  o.s.b.a.l.ConditionEvaluationReportLogger [ |  | ] - 

Error starting ApplicationContext. To display the condition evaluation report re-run your application with 'debug' enabled.
25-04-09 19:26:26.436 [Test worker] ERROR o.s.boot.SpringApplication           [ |  | ] - Application run failed
org.springframework.beans.factory.UnsatisfiedDependencyException: Error creating bean with name 'binaryContentController' defined in file [C:\Users\min\IdeaProjects\sprint-mission\1-sprint-mission\build\classes\java\main\com\sprint\mission\discodeit\controller\BinaryContentController.class]: Unsatisfied dependency expressed through constructor parameter 0: Error creating bean with name 'basicBinaryContentService' defined in file [C:\Users\min\IdeaProjects\sprint-mission\1-sprint-mission\build\classes\java\main\com\sprint\mission\discodeit\service\basic\BasicBinaryContentService.class]: Unsatisfied dependency expressed through constructor parameter 2: Error creating bean with name 's3BinaryContentStorage' defined in class path resource [com/sprint/mission/discodeit/config/StorageConfig.class]: Failed to instantiate [com.sprint.mission.discodeit.storage.BinaryContentStorage]: Factory method 's3BinaryContentStorage' threw exception with message: Configured region (%24%7BAWS_S3_REGION%7D) and tags ([]) resulted in an invalid URI: https://s3.%24%7BAWS_S3_REGION%7D.amazonaws.com. This is usually caused by an invalid region configuration. Valid regions: [af-south-1, ap-east-1, ap-northeast-1, ap-northeast-2, ap-northeast-3, ap-south-1, ap-south-2, ap-southeast-1, ap-southeast-2, ap-southeast-3, ap-southeast-4, ap-southeast-5, ap-southeast-7, aws-global, ca-central-1, ca-west-1, eu-central-1, eu-central-2, eu-north-1, eu-south-1, eu-south-2, eu-west-1, eu-west-2, eu-west-3, fips-ca-central-1, fips-us-east-1, fips-us-east-2, fips-us-west-1, fips-us-west-2, il-central-1, me-central-1, me-south-1, mx-central-1, sa-east-1, us-east-1, us-east-2, us-west-1, us-west-2, cn-north-1, cn-northwest-1, fips-us-gov-east-1, fips-us-gov-west-1, us-gov-east-1, us-gov-west-1, fips-us-iso-east-1, us-iso-east-1, us-iso-west-1, us-isob-east-1, us-isof-east-1, us-isof-south-1]
	at org.springframework.beans.factory.support.ConstructorResolver.createArgumentArray(ConstructorResolver.java:804)
	at org.springframework.beans.factory.support.ConstructorResolver.autowireConstructor(ConstructorResolver.java:240)
	at org.springframework.beans.factory.support.AbstractAutowireCapableBeanFactory.autowireConstructor(AbstractAutowireCapableBeanFactory.java:1371)
	at org.springframework.beans.factory.support.AbstractAutowireCapableBeanFactory.createBeanInstance(AbstractAutowireCapableBeanFactory.java:1208)
	at org.springframework.beans.factory.support.AbstractAutowireCapableBeanFactory.doCreateBean(AbstractAutowireCapableBeanFactory.java:563)
	at org.springframework.beans.factory.support.AbstractAutowireCapableBeanFactory.createBean(AbstractAutowireCapableBeanFactory.java:523)
	at org.springframework.beans.factory.support.AbstractBeanFactory.lambda$doGetBean$0(AbstractBeanFactory.java:336)
	at org.springframework.beans.factory.support.DefaultSingletonBeanRegistry.getSingleton(DefaultSingletonBeanRegistry.java:288)
	at org.springframework.beans.factory.support.AbstractBeanFactory.doGetBean(AbstractBeanFactory.java:334)
	at org.springframework.beans.factory.support.AbstractBeanFactory.getBean(AbstractBeanFactory.java:199)
	at org.springframework.beans.factory.support.DefaultListableBeanFactory.instantiateSingleton(DefaultListableBeanFactory.java:1122)
	at org.springframework.beans.factory.support.DefaultListableBeanFactory.preInstantiateSingleton(DefaultListableBeanFactory.java:1093)
	at org.springframework.beans.factory.support.DefaultListableBeanFactory.preInstantiateSingletons(DefaultListableBeanFactory.java:1030)
	at org.springframework.context.support.AbstractApplicationContext.finishBeanFactoryInitialization(AbstractApplicationContext.java:987)
	at org.springframework.context.support.AbstractApplicationContext.refresh(AbstractApplicationContext.java:627)
	at org.springframework.boot.SpringApplication.refresh(SpringApplication.java:752)
	at org.springframework.boot.SpringApplication.refreshContext(SpringApplication.java:439)
	at org.springframework.boot.SpringApplication.run(SpringApplication.java:318)
	at org.springframework.boot.test.context.SpringBootContextLoader.lambda$loadContext$3(SpringBootContextLoader.java:137)
	at org.springframework.util.function.ThrowingSupplier.get(ThrowingSupplier.java:58)
	at org.springframework.util.function.ThrowingSupplier.get(ThrowingSupplier.java:46)
	at org.springframework.boot.SpringApplication.withHook(SpringApplication.java:1461)
	at org.springframework.boot.test.context.SpringBootContextLoader$ContextLoaderHook.run(SpringBootContextLoader.java:553)
	at org.springframework.boot.test.context.SpringBootContextLoader.loadContext(SpringBootContextLoader.java:137)
	at org.springframework.boot.test.context.SpringBootContextLoader.loadContext(SpringBootContextLoader.java:108)
	at org.springframework.test.context.cache.DefaultCacheAwareContextLoaderDelegate.loadContextInternal(DefaultCacheAwareContextLoaderDelegate.java:225)
	at org.springframework.test.context.cache.DefaultCacheAwareContextLoaderDelegate.loadContext(DefaultCacheAwareContextLoaderDelegate.java:152)
	at org.springframework.test.context.support.DefaultTestContext.getApplicationContext(DefaultTestContext.java:130)
	at org.springframework.test.context.web.ServletTestExecutionListener.setUpRequestContextIfNecessary(ServletTestExecutionListener.java:191)
	at org.springframework.test.context.web.ServletTestExecutionListener.prepareTestInstance(ServletTestExecutionListener.java:130)
	at org.springframework.test.context.TestContextManager.prepareTestInstance(TestContextManager.java:260)
	at org.springframework.test.context.junit.jupiter.SpringExtension.postProcessTestInstance(SpringExtension.java:160)
	at org.junit.jupiter.engine.descriptor.ClassBasedTestDescriptor.lambda$invokeTestInstancePostProcessors$11(ClassBasedTestDescriptor.java:378)
	at org.junit.jupiter.engine.descriptor.ClassBasedTestDescriptor.executeAndMaskThrowable(ClassBasedTestDescriptor.java:383)
	at org.junit.jupiter.engine.descriptor.ClassBasedTestDescriptor.lambda$invokeTestInstancePostProcessors$12(ClassBasedTestDescriptor.java:378)
	at java.base/java.util.stream.ForEachOps$ForEachOp$OfRef.accept(ForEachOps.java:183)
	at java.base/java.util.stream.ReferencePipeline$3$1.accept(ReferencePipeline.java:197)
	at java.base/java.util.stream.ReferencePipeline$2$1.accept(ReferencePipeline.java:179)
	at java.base/java.util.stream.ReferencePipeline$3$1.accept(ReferencePipeline.java:197)
	at java.base/java.util.ArrayList$ArrayListSpliterator.forEachRemaining(ArrayList.java:1625)
	at java.base/java.util.stream.AbstractPipeline.copyInto(AbstractPipeline.java:509)
	at java.base/java.util.stream.AbstractPipeline.wrapAndCopyInto(AbstractPipeline.java:499)
	at java.base/java.util.stream.ForEachOps$ForEachOp.evaluateSequential(ForEachOps.java:150)
	at java.base/java.util.stream.ForEachOps$ForEachOp$OfRef.evaluateSequential(ForEachOps.java:173)
	at java.base/java.util.stream.AbstractPipeline.evaluate(AbstractPipeline.java:234)
	at java.base/java.util.stream.ReferencePipeline.forEach(ReferencePipeline.java:596)
	at org.junit.jupiter.engine.descriptor.ClassBasedTestDescriptor.invokeTestInstancePostProcessors(ClassBasedTestDescriptor.java:377)
	at org.junit.jupiter.engine.descriptor.ClassBasedTestDescriptor.lambda$instantiateAndPostProcessTestInstance$7(ClassBasedTestDescriptor.java:290)
	at org.junit.platform.engine.support.hierarchical.ThrowableCollector.execute(ThrowableCollector.java:73)
	at org.junit.jupiter.engine.descriptor.ClassBasedTestDescriptor.instantiateAndPostProcessTestInstance(ClassBasedTestDescriptor.java:289)
	at org.junit.jupiter.engine.descriptor.ClassBasedTestDescriptor.lambda$testInstancesProvider$5(ClassBasedTestDescriptor.java:279)
	at java.base/java.util.Optional.orElseGet(Optional.java:364)
	at org.junit.jupiter.engine.descriptor.ClassBasedTestDescriptor.lambda$testInstancesProvider$6(ClassBasedTestDescriptor.java:278)
	at org.junit.jupiter.engine.execution.TestInstancesProvider.getTestInstances(TestInstancesProvider.java:31)
	at org.junit.jupiter.engine.descriptor.TestMethodTestDescriptor.lambda$prepare$1(TestMethodTestDescriptor.java:105)
	at org.junit.platform.engine.support.hierarchical.ThrowableCollector.execute(ThrowableCollector.java:73)
	at org.junit.jupiter.engine.descriptor.TestMethodTestDescriptor.prepare(TestMethodTestDescriptor.java:104)
	at org.junit.jupiter.engine.descriptor.TestMethodTestDescriptor.prepare(TestMethodTestDescriptor.java:68)
	at org.junit.platform.engine.support.hierarchical.NodeTestTask.lambda$prepare$2(NodeTestTask.java:128)
	at org.junit.platform.engine.support.hierarchical.ThrowableCollector.execute(ThrowableCollector.java:73)
	at org.junit.platform.engine.support.hierarchical.NodeTestTask.prepare(NodeTestTask.java:128)
	at org.junit.platform.engine.support.hierarchical.NodeTestTask.execute(NodeTestTask.java:95)
	at java.base/java.util.ArrayList.forEach(ArrayList.java:1511)
	at org.junit.platform.engine.support.hierarchical.SameThreadHierarchicalTestExecutorService.invokeAll(SameThreadHierarchicalTestExecutorService.java:41)
	at org.junit.platform.engine.support.hierarchical.NodeTestTask.lambda$executeRecursively$6(NodeTestTask.java:160)
	at org.junit.platform.engine.support.hierarchical.ThrowableCollector.execute(ThrowableCollector.java:73)
	at org.junit.platform.engine.support.hierarchical.NodeTestTask.lambda$executeRecursively$8(NodeTestTask.java:146)
	at org.junit.platform.engine.support.hierarchical.Node.around(Node.java:137)
	at org.junit.platform.engine.support.hierarchical.NodeTestTask.lambda$executeRecursively$9(NodeTestTask.java:144)
	at org.junit.platform.engine.support.hierarchical.ThrowableCollector.execute(ThrowableCollector.java:73)
	at org.junit.platform.engine.support.hierarchical.NodeTestTask.executeRecursively(NodeTestTask.java:143)
	at org.junit.platform.engine.support.hierarchical.NodeTestTask.execute(NodeTestTask.java:100)
	at java.base/java.util.ArrayList.forEach(ArrayList.java:1511)
	at org.junit.platform.engine.support.hierarchical.SameThreadHierarchicalTestExecutorService.invokeAll(SameThreadHierarchicalTestExecutorService.java:41)
	at org.junit.platform.engine.support.hierarchical.NodeTestTask.lambda$executeRecursively$6(NodeTestTask.java:160)
	at org.junit.platform.engine.support.hierarchical.ThrowableCollector.execute(ThrowableCollector.java:73)
	at org.junit.platform.engine.support.hierarchical.NodeTestTask.lambda$executeRecursively$8(NodeTestTask.java:146)
	at org.junit.platform.engine.support.hierarchical.Node.around(Node.java:137)
	at org.junit.platform.engine.support.hierarchical.NodeTestTask.lambda$executeRecursively$9(NodeTestTask.java:144)
	at org.junit.platform.engine.support.hierarchical.ThrowableCollector.execute(ThrowableCollector.java:73)
	at org.junit.platform.engine.support.hierarchical.NodeTestTask.executeRecursively(NodeTestTask.java:143)
	at org.junit.platform.engine.support.hierarchical.NodeTestTask.execute(NodeTestTask.java:100)
	at org.junit.platform.engine.support.hierarchical.SameThreadHierarchicalTestExecutorService.submit(SameThreadHierarchicalTestExecutorService.java:35)
	at org.junit.platform.engine.support.hierarchical.HierarchicalTestExecutor.execute(HierarchicalTestExecutor.java:57)
	at org.junit.platform.engine.support.hierarchical.HierarchicalTestEngine.execute(HierarchicalTestEngine.java:54)
	at org.junit.platform.launcher.core.EngineExecutionOrchestrator.execute(EngineExecutionOrchestrator.java:198)
	at org.junit.platform.launcher.core.EngineExecutionOrchestrator.execute(EngineExecutionOrchestrator.java:169)
	at org.junit.platform.launcher.core.EngineExecutionOrchestrator.execute(EngineExecutionOrchestrator.java:93)
	at org.junit.platform.launcher.core.EngineExecutionOrchestrator.lambda$execute$0(EngineExecutionOrchestrator.java:58)
	at org.junit.platform.launcher.core.EngineExecutionOrchestrator.withInterceptedStreams(EngineExecutionOrchestrator.java:141)
	at org.junit.platform.launcher.core.EngineExecutionOrchestrator.execute(EngineExecutionOrchestrator.java:57)
	at org.junit.platform.launcher.core.DefaultLauncher.execute(DefaultLauncher.java:103)
	at org.junit.platform.launcher.core.DefaultLauncher.execute(DefaultLauncher.java:85)
	at org.junit.platform.launcher.core.DelegatingLauncher.execute(DelegatingLauncher.java:47)
	at org.gradle.api.internal.tasks.testing.junitplatform.JUnitPlatformTestClassProcessor$CollectAllTestClassesExecutor.processAllTestClasses(JUnitPlatformTestClassProcessor.java:124)
	at org.gradle.api.internal.tasks.testing.junitplatform.JUnitPlatformTestClassProcessor$CollectAllTestClassesExecutor.access$000(JUnitPlatformTestClassProcessor.java:99)
	at org.gradle.api.internal.tasks.testing.junitplatform.JUnitPlatformTestClassProcessor.stop(JUnitPlatformTestClassProcessor.java:94)
	at org.gradle.api.internal.tasks.testing.SuiteTestClassProcessor.stop(SuiteTestClassProcessor.java:63)
	at java.base/jdk.internal.reflect.NativeMethodAccessorImpl.invoke0(Native Method)
	at java.base/jdk.internal.reflect.NativeMethodAccessorImpl.invoke(NativeMethodAccessorImpl.java:77)
	at java.base/jdk.internal.reflect.DelegatingMethodAccessorImpl.invoke(DelegatingMethodAccessorImpl.java:43)
	at java.base/java.lang.reflect.Method.invoke(Method.java:568)
	at org.gradle.internal.dispatch.ReflectionDispatch.dispatch(ReflectionDispatch.java:36)
	at org.gradle.internal.dispatch.ReflectionDispatch.dispatch(ReflectionDispatch.java:24)
	at org.gradle.internal.dispatch.ContextClassLoaderDispatch.dispatch(ContextClassLoaderDispatch.java:33)
	at org.gradle.internal.dispatch.ProxyDispatchAdapter$DispatchingInvocationHandler.invoke(ProxyDispatchAdapter.java:92)
	at jdk.proxy2/jdk.proxy2.$Proxy6.stop(Unknown Source)
	at org.gradle.api.internal.tasks.testing.worker.TestWorker$3.run(TestWorker.java:200)
	at org.gradle.api.internal.tasks.testing.worker.TestWorker.executeAndMaintainThreadName(TestWorker.java:132)
	at org.gradle.api.internal.tasks.testing.worker.TestWorker.execute(TestWorker.java:103)
	at org.gradle.api.internal.tasks.testing.worker.TestWorker.execute(TestWorker.java:63)
	at org.gradle.process.internal.worker.child.ActionExecutionWorker.execute(ActionExecutionWorker.java:56)
	at org.gradle.process.internal.worker.child.SystemApplicationClassLoaderWorker.call(SystemApplicationClassLoaderWorker.java:121)
	at org.gradle.process.internal.worker.child.SystemApplicationClassLoaderWorker.call(SystemApplicationClassLoaderWorker.java:71)
	at worker.org.gradle.process.internal.worker.GradleWorkerMain.run(GradleWorkerMain.java:69)
	at worker.org.gradle.process.internal.worker.GradleWorkerMain.main(GradleWorkerMain.java:74)
Caused by: org.springframework.beans.factory.UnsatisfiedDependencyException: Error creating bean with name 'basicBinaryContentService' defined in file [C:\Users\min\IdeaProjects\sprint-mission\1-sprint-mission\build\classes\java\main\com\sprint\mission\discodeit\service\basic\BasicBinaryContentService.class]: Unsatisfied dependency expressed through constructor parameter 2: Error creating bean with name 's3BinaryContentStorage' defined in class path resource [com/sprint/mission/discodeit/config/StorageConfig.class]: Failed to instantiate [com.sprint.mission.discodeit.storage.BinaryContentStorage]: Factory method 's3BinaryContentStorage' threw exception with message: Configured region (%24%7BAWS_S3_REGION%7D) and tags ([]) resulted in an invalid URI: https://s3.%24%7BAWS_S3_REGION%7D.amazonaws.com. This is usually caused by an invalid region configuration. Valid regions: [af-south-1, ap-east-1, ap-northeast-1, ap-northeast-2, ap-northeast-3, ap-south-1, ap-south-2, ap-southeast-1, ap-southeast-2, ap-southeast-3, ap-southeast-4, ap-southeast-5, ap-southeast-7, aws-global, ca-central-1, ca-west-1, eu-central-1, eu-central-2, eu-north-1, eu-south-1, eu-south-2, eu-west-1, eu-west-2, eu-west-3, fips-ca-central-1, fips-us-east-1, fips-us-east-2, fips-us-west-1, fips-us-west-2, il-central-1, me-central-1, me-south-1, mx-central-1, sa-east-1, us-east-1, us-east-2, us-west-1, us-west-2, cn-north-1, cn-northwest-1, fips-us-gov-east-1, fips-us-gov-west-1, us-gov-east-1, us-gov-west-1, fips-us-iso-east-1, us-iso-east-1, us-iso-west-1, us-isob-east-1, us-isof-east-1, us-isof-south-1]
	at org.springframework.beans.factory.support.ConstructorResolver.createArgumentArray(ConstructorResolver.java:804)
	at org.springframework.beans.factory.support.ConstructorResolver.autowireConstructor(ConstructorResolver.java:240)
	at org.springframework.beans.factory.support.AbstractAutowireCapableBeanFactory.autowireConstructor(AbstractAutowireCapableBeanFactory.java:1371)
	at org.springframework.beans.factory.support.AbstractAutowireCapableBeanFactory.createBeanInstance(AbstractAutowireCapableBeanFactory.java:1208)
	at org.springframework.beans.factory.support.AbstractAutowireCapableBeanFactory.doCreateBean(AbstractAutowireCapableBeanFactory.java:563)
	at org.springframework.beans.factory.support.AbstractAutowireCapableBeanFactory.createBean(AbstractAutowireCapableBeanFactory.java:523)
	at org.springframework.beans.factory.support.AbstractBeanFactory.lambda$doGetBean$0(AbstractBeanFactory.java:336)
	at org.springframework.beans.factory.support.DefaultSingletonBeanRegistry.getSingleton(DefaultSingletonBeanRegistry.java:288)
	at org.springframework.beans.factory.support.AbstractBeanFactory.doGetBean(AbstractBeanFactory.java:334)
	at org.springframework.beans.factory.support.AbstractBeanFactory.getBean(AbstractBeanFactory.java:199)
	at org.springframework.beans.factory.config.DependencyDescriptor.resolveCandidate(DependencyDescriptor.java:254)
	at org.springframework.beans.factory.support.DefaultListableBeanFactory.doResolveDependency(DefaultListableBeanFactory.java:1626)
	at org.springframework.beans.factory.support.DefaultListableBeanFactory.resolveDependency(DefaultListableBeanFactory.java:1514)
	at org.springframework.beans.factory.support.ConstructorResolver.resolveAutowiredArgument(ConstructorResolver.java:913)
	at org.springframework.beans.factory.support.ConstructorResolver.createArgumentArray(ConstructorResolver.java:791)
	... 115 common frames omitted
Caused by: org.springframework.beans.factory.BeanCreationException: Error creating bean with name 's3BinaryContentStorage' defined in class path resource [com/sprint/mission/discodeit/config/StorageConfig.class]: Failed to instantiate [com.sprint.mission.discodeit.storage.BinaryContentStorage]: Factory method 's3BinaryContentStorage' threw exception with message: Configured region (%24%7BAWS_S3_REGION%7D) and tags ([]) resulted in an invalid URI: https://s3.%24%7BAWS_S3_REGION%7D.amazonaws.com. This is usually caused by an invalid region configuration. Valid regions: [af-south-1, ap-east-1, ap-northeast-1, ap-northeast-2, ap-northeast-3, ap-south-1, ap-south-2, ap-southeast-1, ap-southeast-2, ap-southeast-3, ap-southeast-4, ap-southeast-5, ap-southeast-7, aws-global, ca-central-1, ca-west-1, eu-central-1, eu-central-2, eu-north-1, eu-south-1, eu-south-2, eu-west-1, eu-west-2, eu-west-3, fips-ca-central-1, fips-us-east-1, fips-us-east-2, fips-us-west-1, fips-us-west-2, il-central-1, me-central-1, me-south-1, mx-central-1, sa-east-1, us-east-1, us-east-2, us-west-1, us-west-2, cn-north-1, cn-northwest-1, fips-us-gov-east-1, fips-us-gov-west-1, us-gov-east-1, us-gov-west-1, fips-us-iso-east-1, us-iso-east-1, us-iso-west-1, us-isob-east-1, us-isof-east-1, us-isof-south-1]
	at org.springframework.beans.factory.support.ConstructorResolver.instantiate(ConstructorResolver.java:657)
	at org.springframework.beans.factory.support.ConstructorResolver.instantiateUsingFactoryMethod(ConstructorResolver.java:645)
	at org.springframework.beans.factory.support.AbstractAutowireCapableBeanFactory.instantiateUsingFactoryMethod(AbstractAutowireCapableBeanFactory.java:1351)
	at org.springframework.beans.factory.support.AbstractAutowireCapableBeanFactory.createBeanInstance(AbstractAutowireCapableBeanFactory.java:1181)
	at org.springframework.beans.factory.support.AbstractAutowireCapableBeanFactory.doCreateBean(AbstractAutowireCapableBeanFactory.java:563)
	at org.springframework.beans.factory.support.AbstractAutowireCapableBeanFactory.createBean(AbstractAutowireCapableBeanFactory.java:523)
	at org.springframework.beans.factory.support.AbstractBeanFactory.lambda$doGetBean$0(AbstractBeanFactory.java:336)
	at org.springframework.beans.factory.support.DefaultSingletonBeanRegistry.getSingleton(DefaultSingletonBeanRegistry.java:288)
	at org.springframework.beans.factory.support.AbstractBeanFactory.doGetBean(AbstractBeanFactory.java:334)
	at org.springframework.beans.factory.support.AbstractBeanFactory.getBean(AbstractBeanFactory.java:199)
	at org.springframework.beans.factory.config.DependencyDescriptor.resolveCandidate(DependencyDescriptor.java:254)
	at org.springframework.beans.factory.support.DefaultListableBeanFactory.doResolveDependency(DefaultListableBeanFactory.java:1626)
	at org.springframework.beans.factory.support.DefaultListableBeanFactory.resolveDependency(DefaultListableBeanFactory.java:1514)
	at org.springframework.beans.factory.support.ConstructorResolver.resolveAutowiredArgument(ConstructorResolver.java:913)
	at org.springframework.beans.factory.support.ConstructorResolver.createArgumentArray(ConstructorResolver.java:791)
	... 129 common frames omitted
Caused by: org.springframework.beans.BeanInstantiationException: Failed to instantiate [com.sprint.mission.discodeit.storage.BinaryContentStorage]: Factory method 's3BinaryContentStorage' threw exception with message: Configured region (%24%7BAWS_S3_REGION%7D) and tags ([]) resulted in an invalid URI: https://s3.%24%7BAWS_S3_REGION%7D.amazonaws.com. This is usually caused by an invalid region configuration. Valid regions: [af-south-1, ap-east-1, ap-northeast-1, ap-northeast-2, ap-northeast-3, ap-south-1, ap-south-2, ap-southeast-1, ap-southeast-2, ap-southeast-3, ap-southeast-4, ap-southeast-5, ap-southeast-7, aws-global, ca-central-1, ca-west-1, eu-central-1, eu-central-2, eu-north-1, eu-south-1, eu-south-2, eu-west-1, eu-west-2, eu-west-3, fips-ca-central-1, fips-us-east-1, fips-us-east-2, fips-us-west-1, fips-us-west-2, il-central-1, me-central-1, me-south-1, mx-central-1, sa-east-1, us-east-1, us-east-2, us-west-1, us-west-2, cn-north-1, cn-northwest-1, fips-us-gov-east-1, fips-us-gov-west-1, us-gov-east-1, us-gov-west-1, fips-us-iso-east-1, us-iso-east-1, us-iso-west-1, us-isob-east-1, us-isof-east-1, us-isof-south-1]
	at org.springframework.beans.factory.support.SimpleInstantiationStrategy.lambda$instantiate$0(SimpleInstantiationStrategy.java:199)
	at org.springframework.beans.factory.support.SimpleInstantiationStrategy.instantiateWithFactoryMethod(SimpleInstantiationStrategy.java:88)
	at org.springframework.beans.factory.support.SimpleInstantiationStrategy.instantiate(SimpleInstantiationStrategy.java:168)
	at org.springframework.beans.factory.support.ConstructorResolver.instantiate(ConstructorResolver.java:653)
	... 143 common frames omitted
Caused by: software.amazon.awssdk.core.exception.SdkClientException: Configured region (%24%7BAWS_S3_REGION%7D) and tags ([]) resulted in an invalid URI: https://s3.%24%7BAWS_S3_REGION%7D.amazonaws.com. This is usually caused by an invalid region configuration. Valid regions: [af-south-1, ap-east-1, ap-northeast-1, ap-northeast-2, ap-northeast-3, ap-south-1, ap-south-2, ap-southeast-1, ap-southeast-2, ap-southeast-3, ap-southeast-4, ap-southeast-5, ap-southeast-7, aws-global, ca-central-1, ca-west-1, eu-central-1, eu-central-2, eu-north-1, eu-south-1, eu-south-2, eu-west-1, eu-west-2, eu-west-3, fips-ca-central-1, fips-us-east-1, fips-us-east-2, fips-us-west-1, fips-us-west-2, il-central-1, me-central-1, me-south-1, mx-central-1, sa-east-1, us-east-1, us-east-2, us-west-1, us-west-2, cn-north-1, cn-northwest-1, fips-us-gov-east-1, fips-us-gov-west-1, us-gov-east-1, us-gov-west-1, fips-us-iso-east-1, us-iso-east-1, us-iso-west-1, us-isob-east-1, us-isof-east-1, us-isof-south-1]
	at software.amazon.awssdk.core.exception.SdkClientException$BuilderImpl.build(SdkClientException.java:130)
	at software.amazon.awssdk.core.exception.SdkClientException.create(SdkClientException.java:43)
	at software.amazon.awssdk.awscore.endpoint.AwsClientEndpointProvider.clientEndpointFromServiceMetadata(AwsClientEndpointProvider.java:252)
	at software.amazon.awssdk.awscore.endpoint.AwsClientEndpointProvider.lambda$resolveClientEndpoint$2(AwsClientEndpointProvider.java:100)
	at software.amazon.awssdk.utils.OptionalUtils.firstPresent(OptionalUtils.java:47)
	at software.amazon.awssdk.awscore.endpoint.AwsClientEndpointProvider.resolveClientEndpoint(AwsClientEndpointProvider.java:98)
	at software.amazon.awssdk.awscore.endpoint.AwsClientEndpointProvider.lambda$new$0(AwsClientEndpointProvider.java:73)
	at software.amazon.awssdk.utils.Lazy.getValue(Lazy.java:50)
	at software.amazon.awssdk.awscore.endpoint.AwsClientEndpointProvider.isEndpointOverridden(AwsClientEndpointProvider.java:94)
	at software.amazon.awssdk.awscore.client.builder.AwsDefaultClientBuilder.resolveEndpointOverridden(AwsDefaultClientBuilder.java:356)
	at software.amazon.awssdk.utils.AttributeMap$DerivedValue.primeCache(AttributeMap.java:604)
	at software.amazon.awssdk.utils.AttributeMap$DerivedValue.get(AttributeMap.java:593)
	at software.amazon.awssdk.utils.AttributeMap$Builder.resolveValue(AttributeMap.java:400)
	at java.base/java.util.ArrayList.forEach(ArrayList.java:1511)
	at software.amazon.awssdk.utils.AttributeMap$Builder.build(AttributeMap.java:362)
	at software.amazon.awssdk.core.client.config.SdkClientConfiguration$Builder.build(SdkClientConfiguration.java:224)
	at software.amazon.awssdk.awscore.client.builder.AwsDefaultClientBuilder.finalizeAwsConfiguration(AwsDefaultClientBuilder.java:201)
	at software.amazon.awssdk.awscore.client.builder.AwsDefaultClientBuilder.finalizeChildConfiguration(AwsDefaultClientBuilder.java:172)
	at software.amazon.awssdk.core.client.builder.SdkDefaultClientBuilder.syncClientConfiguration(SdkDefaultClientBuilder.java:202)
	at software.amazon.awssdk.services.s3.DefaultS3ClientBuilder.buildClient(DefaultS3ClientBuilder.java:37)
	at software.amazon.awssdk.services.s3.DefaultS3ClientBuilder.buildClient(DefaultS3ClientBuilder.java:26)
	at software.amazon.awssdk.core.client.builder.SdkDefaultClientBuilder.build(SdkDefaultClientBuilder.java:169)
	at com.sprint.mission.discodeit.storage.s3.S3BinaryContentStorage.<init>(S3BinaryContentStorage.java:44)
	at com.sprint.mission.discodeit.config.StorageConfig.s3BinaryContentStorage(StorageConfig.java:16)
	at com.sprint.mission.discodeit.config.StorageConfig$$SpringCGLIB$$0.CGLIB$s3BinaryContentStorage$0(<generated>)
	at com.sprint.mission.discodeit.config.StorageConfig$$SpringCGLIB$$FastClass$$1.invoke(<generated>)
	at org.springframework.cglib.proxy.MethodProxy.invokeSuper(MethodProxy.java:258)
	at org.springframework.context.annotation.ConfigurationClassEnhancer$BeanMethodInterceptor.intercept(ConfigurationClassEnhancer.java:348)
	at com.sprint.mission.discodeit.config.StorageConfig$$SpringCGLIB$$0.s3BinaryContentStorage(<generated>)
	at java.base/jdk.internal.reflect.NativeMethodAccessorImpl.invoke0(Native Method)
	at java.base/jdk.internal.reflect.NativeMethodAccessorImpl.invoke(NativeMethodAccessorImpl.java:77)
	at java.base/jdk.internal.reflect.DelegatingMethodAccessorImpl.invoke(DelegatingMethodAccessorImpl.java:43)
	at java.base/java.lang.reflect.Method.invoke(Method.java:568)
	at org.springframework.beans.factory.support.SimpleInstantiationStrategy.lambda$instantiate$0(SimpleInstantiationStrategy.java:171)
	... 146 common frames omitted
25-04-09 19:26:26.448 [Test worker] WARN  o.s.test.context.TestContextManager  [ |  | ] - Caught exception while allowing TestExecutionListener [org.springframework.test.context.web.ServletTestExecutionListener] to prepare test instance [com.sprint.mission.discodeit.storage.s3.S3BinaryContentStorageTest@2bddd2ed]
java.lang.IllegalStateException: Failed to load ApplicationContext for [WebMergedContextConfiguration@1c4de191 testClass = com.sprint.mission.discodeit.storage.s3.S3BinaryContentStorageTest, locations = [], classes = [com.sprint.mission.discodeit.DiscodeitApplication], contextInitializerClasses = [], activeProfiles = [], propertySourceDescriptors = [PropertySourceDescriptor[locations=[], ignoreResourceNotFound=false, name=null, propertySourceFactory=null, encoding=null]], propertySourceProperties = ["discodeit.storage.type=s3", "spring.jpa.hibernate.ddl-auto=create-drop", "org.springframework.boot.test.context.SpringBootTestContextBootstrapper=true"], contextCustomizers = [org.springframework.boot.test.autoconfigure.OnFailureConditionReportContextCustomizerFactory$OnFailureConditionReportContextCustomizer@4d41ba0f, org.springframework.boot.test.autoconfigure.actuate.observability.ObservabilityContextCustomizerFactory$DisableObservabilityContextCustomizer@1f, org.springframework.boot.test.autoconfigure.properties.PropertyMappingContextCustomizer@0, org.springframework.boot.test.autoconfigure.web.servlet.WebDriverContextCustomizer@1cd3b138, org.springframework.boot.test.context.filter.ExcludeFilterContextCustomizer@40e37b06, org.springframework.boot.test.json.DuplicateJsonObjectContextCustomizerFactory$DuplicateJsonObjectContextCustomizer@fc807c1, org.springframework.boot.test.mock.mockito.MockitoContextCustomizer@0, org.springframework.boot.test.web.client.TestRestTemplateContextCustomizer@1f6917fb, org.springframework.boot.test.web.reactor.netty.DisableReactorResourceFactoryGlobalResourcesContextCustomizerFactory$DisableReactorResourceFactoryGlobalResourcesContextCustomizerCustomizer@2f897dab, org.springframework.test.context.support.DynamicPropertiesContextCustomizer@0, org.springframework.boot.test.context.SpringBootTestAnnotation@39d7c9d3], resourceBasePath = "src/main/webapp", contextLoader = org.springframework.boot.test.context.SpringBootContextLoader, parent = null]
	at org.springframework.test.context.cache.DefaultCacheAwareContextLoaderDelegate.loadContext(DefaultCacheAwareContextLoaderDelegate.java:180)
	at org.springframework.test.context.support.DefaultTestContext.getApplicationContext(DefaultTestContext.java:130)
	at org.springframework.test.context.web.ServletTestExecutionListener.setUpRequestContextIfNecessary(ServletTestExecutionListener.java:191)
	at org.springframework.test.context.web.ServletTestExecutionListener.prepareTestInstance(ServletTestExecutionListener.java:130)
	at org.springframework.test.context.TestContextManager.prepareTestInstance(TestContextManager.java:260)
	at org.springframework.test.context.junit.jupiter.SpringExtension.postProcessTestInstance(SpringExtension.java:160)
	at org.junit.jupiter.engine.descriptor.ClassBasedTestDescriptor.lambda$invokeTestInstancePostProcessors$11(ClassBasedTestDescriptor.java:378)
	at org.junit.jupiter.engine.descriptor.ClassBasedTestDescriptor.executeAndMaskThrowable(ClassBasedTestDescriptor.java:383)
	at org.junit.jupiter.engine.descriptor.ClassBasedTestDescriptor.lambda$invokeTestInstancePostProcessors$12(ClassBasedTestDescriptor.java:378)
	at java.base/java.util.stream.ForEachOps$ForEachOp$OfRef.accept(ForEachOps.java:183)
	at java.base/java.util.stream.ReferencePipeline$3$1.accept(ReferencePipeline.java:197)
	at java.base/java.util.stream.ReferencePipeline$2$1.accept(ReferencePipeline.java:179)
	at java.base/java.util.stream.ReferencePipeline$3$1.accept(ReferencePipeline.java:197)
	at java.base/java.util.ArrayList$ArrayListSpliterator.forEachRemaining(ArrayList.java:1625)
	at java.base/java.util.stream.AbstractPipeline.copyInto(AbstractPipeline.java:509)
	at java.base/java.util.stream.AbstractPipeline.wrapAndCopyInto(AbstractPipeline.java:499)
	at java.base/java.util.stream.ForEachOps$ForEachOp.evaluateSequential(ForEachOps.java:150)
	at java.base/java.util.stream.ForEachOps$ForEachOp$OfRef.evaluateSequential(ForEachOps.java:173)
	at java.base/java.util.stream.AbstractPipeline.evaluate(AbstractPipeline.java:234)
	at java.base/java.util.stream.ReferencePipeline.forEach(ReferencePipeline.java:596)
	at org.junit.jupiter.engine.descriptor.ClassBasedTestDescriptor.invokeTestInstancePostProcessors(ClassBasedTestDescriptor.java:377)
	at org.junit.jupiter.engine.descriptor.ClassBasedTestDescriptor.lambda$instantiateAndPostProcessTestInstance$7(ClassBasedTestDescriptor.java:290)
	at org.junit.platform.engine.support.hierarchical.ThrowableCollector.execute(ThrowableCollector.java:73)
	at org.junit.jupiter.engine.descriptor.ClassBasedTestDescriptor.instantiateAndPostProcessTestInstance(ClassBasedTestDescriptor.java:289)
	at org.junit.jupiter.engine.descriptor.ClassBasedTestDescriptor.lambda$testInstancesProvider$5(ClassBasedTestDescriptor.java:279)
	at java.base/java.util.Optional.orElseGet(Optional.java:364)
	at org.junit.jupiter.engine.descriptor.ClassBasedTestDescriptor.lambda$testInstancesProvider$6(ClassBasedTestDescriptor.java:278)
	at org.junit.jupiter.engine.execution.TestInstancesProvider.getTestInstances(TestInstancesProvider.java:31)
	at org.junit.jupiter.engine.descriptor.TestMethodTestDescriptor.lambda$prepare$1(TestMethodTestDescriptor.java:105)
	at org.junit.platform.engine.support.hierarchical.ThrowableCollector.execute(ThrowableCollector.java:73)
	at org.junit.jupiter.engine.descriptor.TestMethodTestDescriptor.prepare(TestMethodTestDescriptor.java:104)
	at org.junit.jupiter.engine.descriptor.TestMethodTestDescriptor.prepare(TestMethodTestDescriptor.java:68)
	at org.junit.platform.engine.support.hierarchical.NodeTestTask.lambda$prepare$2(NodeTestTask.java:128)
	at org.junit.platform.engine.support.hierarchical.ThrowableCollector.execute(ThrowableCollector.java:73)
	at org.junit.platform.engine.support.hierarchical.NodeTestTask.prepare(NodeTestTask.java:128)
	at org.junit.platform.engine.support.hierarchical.NodeTestTask.execute(NodeTestTask.java:95)
	at java.base/java.util.ArrayList.forEach(ArrayList.java:1511)
	at org.junit.platform.engine.support.hierarchical.SameThreadHierarchicalTestExecutorService.invokeAll(SameThreadHierarchicalTestExecutorService.java:41)
	at org.junit.platform.engine.support.hierarchical.NodeTestTask.lambda$executeRecursively$6(NodeTestTask.java:160)
	at org.junit.platform.engine.support.hierarchical.ThrowableCollector.execute(ThrowableCollector.java:73)
	at org.junit.platform.engine.support.hierarchical.NodeTestTask.lambda$executeRecursively$8(NodeTestTask.java:146)
	at org.junit.platform.engine.support.hierarchical.Node.around(Node.java:137)
	at org.junit.platform.engine.support.hierarchical.NodeTestTask.lambda$executeRecursively$9(NodeTestTask.java:144)
	at org.junit.platform.engine.support.hierarchical.ThrowableCollector.execute(ThrowableCollector.java:73)
	at org.junit.platform.engine.support.hierarchical.NodeTestTask.executeRecursively(NodeTestTask.java:143)
	at org.junit.platform.engine.support.hierarchical.NodeTestTask.execute(NodeTestTask.java:100)
	at java.base/java.util.ArrayList.forEach(ArrayList.java:1511)
	at org.junit.platform.engine.support.hierarchical.SameThreadHierarchicalTestExecutorService.invokeAll(SameThreadHierarchicalTestExecutorService.java:41)
	at org.junit.platform.engine.support.hierarchical.NodeTestTask.lambda$executeRecursively$6(NodeTestTask.java:160)
	at org.junit.platform.engine.support.hierarchical.ThrowableCollector.execute(ThrowableCollector.java:73)
	at org.junit.platform.engine.support.hierarchical.NodeTestTask.lambda$executeRecursively$8(NodeTestTask.java:146)
	at org.junit.platform.engine.support.hierarchical.Node.around(Node.java:137)
	at org.junit.platform.engine.support.hierarchical.NodeTestTask.lambda$executeRecursively$9(NodeTestTask.java:144)
	at org.junit.platform.engine.support.hierarchical.ThrowableCollector.execute(ThrowableCollector.java:73)
	at org.junit.platform.engine.support.hierarchical.NodeTestTask.executeRecursively(NodeTestTask.java:143)
	at org.junit.platform.engine.support.hierarchical.NodeTestTask.execute(NodeTestTask.java:100)
	at org.junit.platform.engine.support.hierarchical.SameThreadHierarchicalTestExecutorService.submit(SameThreadHierarchicalTestExecutorService.java:35)
	at org.junit.platform.engine.support.hierarchical.HierarchicalTestExecutor.execute(HierarchicalTestExecutor.java:57)
	at org.junit.platform.engine.support.hierarchical.HierarchicalTestEngine.execute(HierarchicalTestEngine.java:54)
	at org.junit.platform.launcher.core.EngineExecutionOrchestrator.execute(EngineExecutionOrchestrator.java:198)
	at org.junit.platform.launcher.core.EngineExecutionOrchestrator.execute(EngineExecutionOrchestrator.java:169)
	at org.junit.platform.launcher.core.EngineExecutionOrchestrator.execute(EngineExecutionOrchestrator.java:93)
	at org.junit.platform.launcher.core.EngineExecutionOrchestrator.lambda$execute$0(EngineExecutionOrchestrator.java:58)
	at org.junit.platform.launcher.core.EngineExecutionOrchestrator.withInterceptedStreams(EngineExecutionOrchestrator.java:141)
	at org.junit.platform.launcher.core.EngineExecutionOrchestrator.execute(EngineExecutionOrchestrator.java:57)
	at org.junit.platform.launcher.core.DefaultLauncher.execute(DefaultLauncher.java:103)
	at org.junit.platform.launcher.core.DefaultLauncher.execute(DefaultLauncher.java:85)
	at org.junit.platform.launcher.core.DelegatingLauncher.execute(DelegatingLauncher.java:47)
	at org.gradle.api.internal.tasks.testing.junitplatform.JUnitPlatformTestClassProcessor$CollectAllTestClassesExecutor.processAllTestClasses(JUnitPlatformTestClassProcessor.java:124)
	at org.gradle.api.internal.tasks.testing.junitplatform.JUnitPlatformTestClassProcessor$CollectAllTestClassesExecutor.access$000(JUnitPlatformTestClassProcessor.java:99)
	at org.gradle.api.internal.tasks.testing.junitplatform.JUnitPlatformTestClassProcessor.stop(JUnitPlatformTestClassProcessor.java:94)
	at org.gradle.api.internal.tasks.testing.SuiteTestClassProcessor.stop(SuiteTestClassProcessor.java:63)
	at java.base/jdk.internal.reflect.NativeMethodAccessorImpl.invoke0(Native Method)
	at java.base/jdk.internal.reflect.NativeMethodAccessorImpl.invoke(NativeMethodAccessorImpl.java:77)
	at java.base/jdk.internal.reflect.DelegatingMethodAccessorImpl.invoke(DelegatingMethodAccessorImpl.java:43)
	at java.base/java.lang.reflect.Method.invoke(Method.java:568)
	at org.gradle.internal.dispatch.ReflectionDispatch.dispatch(ReflectionDispatch.java:36)
	at org.gradle.internal.dispatch.ReflectionDispatch.dispatch(ReflectionDispatch.java:24)
	at org.gradle.internal.dispatch.ContextClassLoaderDispatch.dispatch(ContextClassLoaderDispatch.java:33)
	at org.gradle.internal.dispatch.ProxyDispatchAdapter$DispatchingInvocationHandler.invoke(ProxyDispatchAdapter.java:92)
	at jdk.proxy2/jdk.proxy2.$Proxy6.stop(Unknown Source)
	at org.gradle.api.internal.tasks.testing.worker.TestWorker$3.run(TestWorker.java:200)
	at org.gradle.api.internal.tasks.testing.worker.TestWorker.executeAndMaintainThreadName(TestWorker.java:132)
	at org.gradle.api.internal.tasks.testing.worker.TestWorker.execute(TestWorker.java:103)
	at org.gradle.api.internal.tasks.testing.worker.TestWorker.execute(TestWorker.java:63)
	at org.gradle.process.internal.worker.child.ActionExecutionWorker.execute(ActionExecutionWorker.java:56)
	at org.gradle.process.internal.worker.child.SystemApplicationClassLoaderWorker.call(SystemApplicationClassLoaderWorker.java:121)
	at org.gradle.process.internal.worker.child.SystemApplicationClassLoaderWorker.call(SystemApplicationClassLoaderWorker.java:71)
	at worker.org.gradle.process.internal.worker.GradleWorkerMain.run(GradleWorkerMain.java:69)
	at worker.org.gradle.process.internal.worker.GradleWorkerMain.main(GradleWorkerMain.java:74)
Caused by: org.springframework.beans.factory.UnsatisfiedDependencyException: Error creating bean with name 'binaryContentController' defined in file [C:\Users\min\IdeaProjects\sprint-mission\1-sprint-mission\build\classes\java\main\com\sprint\mission\discodeit\controller\BinaryContentController.class]: Unsatisfied dependency expressed through constructor parameter 0: Error creating bean with name 'basicBinaryContentService' defined in file [C:\Users\min\IdeaProjects\sprint-mission\1-sprint-mission\build\classes\java\main\com\sprint\mission\discodeit\service\basic\BasicBinaryContentService.class]: Unsatisfied dependency expressed through constructor parameter 2: Error creating bean with name 's3BinaryContentStorage' defined in class path resource [com/sprint/mission/discodeit/config/StorageConfig.class]: Failed to instantiate [com.sprint.mission.discodeit.storage.BinaryContentStorage]: Factory method 's3BinaryContentStorage' threw exception with message: Configured region (%24%7BAWS_S3_REGION%7D) and tags ([]) resulted in an invalid URI: https://s3.%24%7BAWS_S3_REGION%7D.amazonaws.com. This is usually caused by an invalid region configuration. Valid regions: [af-south-1, ap-east-1, ap-northeast-1, ap-northeast-2, ap-northeast-3, ap-south-1, ap-south-2, ap-southeast-1, ap-southeast-2, ap-southeast-3, ap-southeast-4, ap-southeast-5, ap-southeast-7, aws-global, ca-central-1, ca-west-1, eu-central-1, eu-central-2, eu-north-1, eu-south-1, eu-south-2, eu-west-1, eu-west-2, eu-west-3, fips-ca-central-1, fips-us-east-1, fips-us-east-2, fips-us-west-1, fips-us-west-2, il-central-1, me-central-1, me-south-1, mx-central-1, sa-east-1, us-east-1, us-east-2, us-west-1, us-west-2, cn-north-1, cn-northwest-1, fips-us-gov-east-1, fips-us-gov-west-1, us-gov-east-1, us-gov-west-1, fips-us-iso-east-1, us-iso-east-1, us-iso-west-1, us-isob-east-1, us-isof-east-1, us-isof-south-1]
	at org.springframework.beans.factory.support.ConstructorResolver.createArgumentArray(ConstructorResolver.java:804)
	at org.springframework.beans.factory.support.ConstructorResolver.autowireConstructor(ConstructorResolver.java:240)
	at org.springframework.beans.factory.support.AbstractAutowireCapableBeanFactory.autowireConstructor(AbstractAutowireCapableBeanFactory.java:1371)
	at org.springframework.beans.factory.support.AbstractAutowireCapableBeanFactory.createBeanInstance(AbstractAutowireCapableBeanFactory.java:1208)
	at org.springframework.beans.factory.support.AbstractAutowireCapableBeanFactory.doCreateBean(AbstractAutowireCapableBeanFactory.java:563)
	at org.springframework.beans.factory.support.AbstractAutowireCapableBeanFactory.createBean(AbstractAutowireCapableBeanFactory.java:523)
	at org.springframework.beans.factory.support.AbstractBeanFactory.lambda$doGetBean$0(AbstractBeanFactory.java:336)
	at org.springframework.beans.factory.support.DefaultSingletonBeanRegistry.getSingleton(DefaultSingletonBeanRegistry.java:288)
	at org.springframework.beans.factory.support.AbstractBeanFactory.doGetBean(AbstractBeanFactory.java:334)
	at org.springframework.beans.factory.support.AbstractBeanFactory.getBean(AbstractBeanFactory.java:199)
	at org.springframework.beans.factory.support.DefaultListableBeanFactory.instantiateSingleton(DefaultListableBeanFactory.java:1122)
	at org.springframework.beans.factory.support.DefaultListableBeanFactory.preInstantiateSingleton(DefaultListableBeanFactory.java:1093)
	at org.springframework.beans.factory.support.DefaultListableBeanFactory.preInstantiateSingletons(DefaultListableBeanFactory.java:1030)
	at org.springframework.context.support.AbstractApplicationContext.finishBeanFactoryInitialization(AbstractApplicationContext.java:987)
	at org.springframework.context.support.AbstractApplicationContext.refresh(AbstractApplicationContext.java:627)
	at org.springframework.boot.SpringApplication.refresh(SpringApplication.java:752)
	at org.springframework.boot.SpringApplication.refreshContext(SpringApplication.java:439)
	at org.springframework.boot.SpringApplication.run(SpringApplication.java:318)
	at org.springframework.boot.test.context.SpringBootContextLoader.lambda$loadContext$3(SpringBootContextLoader.java:137)
	at org.springframework.util.function.ThrowingSupplier.get(ThrowingSupplier.java:58)
	at org.springframework.util.function.ThrowingSupplier.get(ThrowingSupplier.java:46)
	at org.springframework.boot.SpringApplication.withHook(SpringApplication.java:1461)
	at org.springframework.boot.test.context.SpringBootContextLoader$ContextLoaderHook.run(SpringBootContextLoader.java:553)
	at org.springframework.boot.test.context.SpringBootContextLoader.loadContext(SpringBootContextLoader.java:137)
	at org.springframework.boot.test.context.SpringBootContextLoader.loadContext(SpringBootContextLoader.java:108)
	at org.springframework.test.context.cache.DefaultCacheAwareContextLoaderDelegate.loadContextInternal(DefaultCacheAwareContextLoaderDelegate.java:225)
	at org.springframework.test.context.cache.DefaultCacheAwareContextLoaderDelegate.loadContext(DefaultCacheAwareContextLoaderDelegate.java:152)
	... 89 common frames omitted
Caused by: org.springframework.beans.factory.UnsatisfiedDependencyException: Error creating bean with name 'basicBinaryContentService' defined in file [C:\Users\min\IdeaProjects\sprint-mission\1-sprint-mission\build\classes\java\main\com\sprint\mission\discodeit\service\basic\BasicBinaryContentService.class]: Unsatisfied dependency expressed through constructor parameter 2: Error creating bean with name 's3BinaryContentStorage' defined in class path resource [com/sprint/mission/discodeit/config/StorageConfig.class]: Failed to instantiate [com.sprint.mission.discodeit.storage.BinaryContentStorage]: Factory method 's3BinaryContentStorage' threw exception with message: Configured region (%24%7BAWS_S3_REGION%7D) and tags ([]) resulted in an invalid URI: https://s3.%24%7BAWS_S3_REGION%7D.amazonaws.com. This is usually caused by an invalid region configuration. Valid regions: [af-south-1, ap-east-1, ap-northeast-1, ap-northeast-2, ap-northeast-3, ap-south-1, ap-south-2, ap-southeast-1, ap-southeast-2, ap-southeast-3, ap-southeast-4, ap-southeast-5, ap-southeast-7, aws-global, ca-central-1, ca-west-1, eu-central-1, eu-central-2, eu-north-1, eu-south-1, eu-south-2, eu-west-1, eu-west-2, eu-west-3, fips-ca-central-1, fips-us-east-1, fips-us-east-2, fips-us-west-1, fips-us-west-2, il-central-1, me-central-1, me-south-1, mx-central-1, sa-east-1, us-east-1, us-east-2, us-west-1, us-west-2, cn-north-1, cn-northwest-1, fips-us-gov-east-1, fips-us-gov-west-1, us-gov-east-1, us-gov-west-1, fips-us-iso-east-1, us-iso-east-1, us-iso-west-1, us-isob-east-1, us-isof-east-1, us-isof-south-1]
	at org.springframework.beans.factory.support.ConstructorResolver.createArgumentArray(ConstructorResolver.java:804)
	at org.springframework.beans.factory.support.ConstructorResolver.autowireConstructor(ConstructorResolver.java:240)
	at org.springframework.beans.factory.support.AbstractAutowireCapableBeanFactory.autowireConstructor(AbstractAutowireCapableBeanFactory.java:1371)
	at org.springframework.beans.factory.support.AbstractAutowireCapableBeanFactory.createBeanInstance(AbstractAutowireCapableBeanFactory.java:1208)
	at org.springframework.beans.factory.support.AbstractAutowireCapableBeanFactory.doCreateBean(AbstractAutowireCapableBeanFactory.java:563)
	at org.springframework.beans.factory.support.AbstractAutowireCapableBeanFactory.createBean(AbstractAutowireCapableBeanFactory.java:523)
	at org.springframework.beans.factory.support.AbstractBeanFactory.lambda$doGetBean$0(AbstractBeanFactory.java:336)
	at org.springframework.beans.factory.support.DefaultSingletonBeanRegistry.getSingleton(DefaultSingletonBeanRegistry.java:288)
	at org.springframework.beans.factory.support.AbstractBeanFactory.doGetBean(AbstractBeanFactory.java:334)
	at org.springframework.beans.factory.support.AbstractBeanFactory.getBean(AbstractBeanFactory.java:199)
	at org.springframework.beans.factory.config.DependencyDescriptor.resolveCandidate(DependencyDescriptor.java:254)
	at org.springframework.beans.factory.support.DefaultListableBeanFactory.doResolveDependency(DefaultListableBeanFactory.java:1626)
	at org.springframework.beans.factory.support.DefaultListableBeanFactory.resolveDependency(DefaultListableBeanFactory.java:1514)
	at org.springframework.beans.factory.support.ConstructorResolver.resolveAutowiredArgument(ConstructorResolver.java:913)
	at org.springframework.beans.factory.support.ConstructorResolver.createArgumentArray(ConstructorResolver.java:791)
	... 115 common frames omitted
Caused by: org.springframework.beans.factory.BeanCreationException: Error creating bean with name 's3BinaryContentStorage' defined in class path resource [com/sprint/mission/discodeit/config/StorageConfig.class]: Failed to instantiate [com.sprint.mission.discodeit.storage.BinaryContentStorage]: Factory method 's3BinaryContentStorage' threw exception with message: Configured region (%24%7BAWS_S3_REGION%7D) and tags ([]) resulted in an invalid URI: https://s3.%24%7BAWS_S3_REGION%7D.amazonaws.com. This is usually caused by an invalid region configuration. Valid regions: [af-south-1, ap-east-1, ap-northeast-1, ap-northeast-2, ap-northeast-3, ap-south-1, ap-south-2, ap-southeast-1, ap-southeast-2, ap-southeast-3, ap-southeast-4, ap-southeast-5, ap-southeast-7, aws-global, ca-central-1, ca-west-1, eu-central-1, eu-central-2, eu-north-1, eu-south-1, eu-south-2, eu-west-1, eu-west-2, eu-west-3, fips-ca-central-1, fips-us-east-1, fips-us-east-2, fips-us-west-1, fips-us-west-2, il-central-1, me-central-1, me-south-1, mx-central-1, sa-east-1, us-east-1, us-east-2, us-west-1, us-west-2, cn-north-1, cn-northwest-1, fips-us-gov-east-1, fips-us-gov-west-1, us-gov-east-1, us-gov-west-1, fips-us-iso-east-1, us-iso-east-1, us-iso-west-1, us-isob-east-1, us-isof-east-1, us-isof-south-1]
	at org.springframework.beans.factory.support.ConstructorResolver.instantiate(ConstructorResolver.java:657)
	at org.springframework.beans.factory.support.ConstructorResolver.instantiateUsingFactoryMethod(ConstructorResolver.java:645)
	at org.springframework.beans.factory.support.AbstractAutowireCapableBeanFactory.instantiateUsingFactoryMethod(AbstractAutowireCapableBeanFactory.java:1351)
	at org.springframework.beans.factory.support.AbstractAutowireCapableBeanFactory.createBeanInstance(AbstractAutowireCapableBeanFactory.java:1181)
	at org.springframework.beans.factory.support.AbstractAutowireCapableBeanFactory.doCreateBean(AbstractAutowireCapableBeanFactory.java:563)
	at org.springframework.beans.factory.support.AbstractAutowireCapableBeanFactory.createBean(AbstractAutowireCapableBeanFactory.java:523)
	at org.springframework.beans.factory.support.AbstractBeanFactory.lambda$doGetBean$0(AbstractBeanFactory.java:336)
	at org.springframework.beans.factory.support.DefaultSingletonBeanRegistry.getSingleton(DefaultSingletonBeanRegistry.java:288)
	at org.springframework.beans.factory.support.AbstractBeanFactory.doGetBean(AbstractBeanFactory.java:334)
	at org.springframework.beans.factory.support.AbstractBeanFactory.getBean(AbstractBeanFactory.java:199)
	at org.springframework.beans.factory.config.DependencyDescriptor.resolveCandidate(DependencyDescriptor.java:254)
	at org.springframework.beans.factory.support.DefaultListableBeanFactory.doResolveDependency(DefaultListableBeanFactory.java:1626)
	at org.springframework.beans.factory.support.DefaultListableBeanFactory.resolveDependency(DefaultListableBeanFactory.java:1514)
	at org.springframework.beans.factory.support.ConstructorResolver.resolveAutowiredArgument(ConstructorResolver.java:913)
	at org.springframework.beans.factory.support.ConstructorResolver.createArgumentArray(ConstructorResolver.java:791)
	... 129 common frames omitted
Caused by: org.springframework.beans.BeanInstantiationException: Failed to instantiate [com.sprint.mission.discodeit.storage.BinaryContentStorage]: Factory method 's3BinaryContentStorage' threw exception with message: Configured region (%24%7BAWS_S3_REGION%7D) and tags ([]) resulted in an invalid URI: https://s3.%24%7BAWS_S3_REGION%7D.amazonaws.com. This is usually caused by an invalid region configuration. Valid regions: [af-south-1, ap-east-1, ap-northeast-1, ap-northeast-2, ap-northeast-3, ap-south-1, ap-south-2, ap-southeast-1, ap-southeast-2, ap-southeast-3, ap-southeast-4, ap-southeast-5, ap-southeast-7, aws-global, ca-central-1, ca-west-1, eu-central-1, eu-central-2, eu-north-1, eu-south-1, eu-south-2, eu-west-1, eu-west-2, eu-west-3, fips-ca-central-1, fips-us-east-1, fips-us-east-2, fips-us-west-1, fips-us-west-2, il-central-1, me-central-1, me-south-1, mx-central-1, sa-east-1, us-east-1, us-east-2, us-west-1, us-west-2, cn-north-1, cn-northwest-1, fips-us-gov-east-1, fips-us-gov-west-1, us-gov-east-1, us-gov-west-1, fips-us-iso-east-1, us-iso-east-1, us-iso-west-1, us-isob-east-1, us-isof-east-1, us-isof-south-1]
	at org.springframework.beans.factory.support.SimpleInstantiationStrategy.lambda$instantiate$0(SimpleInstantiationStrategy.java:199)
	at org.springframework.beans.factory.support.SimpleInstantiationStrategy.instantiateWithFactoryMethod(SimpleInstantiationStrategy.java:88)
	at org.springframework.beans.factory.support.SimpleInstantiationStrategy.instantiate(SimpleInstantiationStrategy.java:168)
	at org.springframework.beans.factory.support.ConstructorResolver.instantiate(ConstructorResolver.java:653)
	... 143 common frames omitted
Caused by: software.amazon.awssdk.core.exception.SdkClientException: Configured region (%24%7BAWS_S3_REGION%7D) and tags ([]) resulted in an invalid URI: https://s3.%24%7BAWS_S3_REGION%7D.amazonaws.com. This is usually caused by an invalid region configuration. Valid regions: [af-south-1, ap-east-1, ap-northeast-1, ap-northeast-2, ap-northeast-3, ap-south-1, ap-south-2, ap-southeast-1, ap-southeast-2, ap-southeast-3, ap-southeast-4, ap-southeast-5, ap-southeast-7, aws-global, ca-central-1, ca-west-1, eu-central-1, eu-central-2, eu-north-1, eu-south-1, eu-south-2, eu-west-1, eu-west-2, eu-west-3, fips-ca-central-1, fips-us-east-1, fips-us-east-2, fips-us-west-1, fips-us-west-2, il-central-1, me-central-1, me-south-1, mx-central-1, sa-east-1, us-east-1, us-east-2, us-west-1, us-west-2, cn-north-1, cn-northwest-1, fips-us-gov-east-1, fips-us-gov-west-1, us-gov-east-1, us-gov-west-1, fips-us-iso-east-1, us-iso-east-1, us-iso-west-1, us-isob-east-1, us-isof-east-1, us-isof-south-1]
	at software.amazon.awssdk.core.exception.SdkClientException$BuilderImpl.build(SdkClientException.java:130)
	at software.amazon.awssdk.core.exception.SdkClientException.create(SdkClientException.java:43)
	at software.amazon.awssdk.awscore.endpoint.AwsClientEndpointProvider.clientEndpointFromServiceMetadata(AwsClientEndpointProvider.java:252)
	at software.amazon.awssdk.awscore.endpoint.AwsClientEndpointProvider.lambda$resolveClientEndpoint$2(AwsClientEndpointProvider.java:100)
	at software.amazon.awssdk.utils.OptionalUtils.firstPresent(OptionalUtils.java:47)
	at software.amazon.awssdk.awscore.endpoint.AwsClientEndpointProvider.resolveClientEndpoint(AwsClientEndpointProvider.java:98)
	at software.amazon.awssdk.awscore.endpoint.AwsClientEndpointProvider.lambda$new$0(AwsClientEndpointProvider.java:73)
	at software.amazon.awssdk.utils.Lazy.getValue(Lazy.java:50)
	at software.amazon.awssdk.awscore.endpoint.AwsClientEndpointProvider.isEndpointOverridden(AwsClientEndpointProvider.java:94)
	at software.amazon.awssdk.awscore.client.builder.AwsDefaultClientBuilder.resolveEndpointOverridden(AwsDefaultClientBuilder.java:356)
	at software.amazon.awssdk.utils.AttributeMap$DerivedValue.primeCache(AttributeMap.java:604)
	at software.amazon.awssdk.utils.AttributeMap$DerivedValue.get(AttributeMap.java:593)
	at software.amazon.awssdk.utils.AttributeMap$Builder.resolveValue(AttributeMap.java:400)
	at java.base/java.util.ArrayList.forEach(ArrayList.java:1511)
	at software.amazon.awssdk.utils.AttributeMap$Builder.build(AttributeMap.java:362)
	at software.amazon.awssdk.core.client.config.SdkClientConfiguration$Builder.build(SdkClientConfiguration.java:224)
	at software.amazon.awssdk.awscore.client.builder.AwsDefaultClientBuilder.finalizeAwsConfiguration(AwsDefaultClientBuilder.java:201)
	at software.amazon.awssdk.awscore.client.builder.AwsDefaultClientBuilder.finalizeChildConfiguration(AwsDefaultClientBuilder.java:172)
	at software.amazon.awssdk.core.client.builder.SdkDefaultClientBuilder.syncClientConfiguration(SdkDefaultClientBuilder.java:202)
	at software.amazon.awssdk.services.s3.DefaultS3ClientBuilder.buildClient(DefaultS3ClientBuilder.java:37)
	at software.amazon.awssdk.services.s3.DefaultS3ClientBuilder.buildClient(DefaultS3ClientBuilder.java:26)
	at software.amazon.awssdk.core.client.builder.SdkDefaultClientBuilder.build(SdkDefaultClientBuilder.java:169)
	at com.sprint.mission.discodeit.storage.s3.S3BinaryContentStorage.<init>(S3BinaryContentStorage.java:44)
	at com.sprint.mission.discodeit.config.StorageConfig.s3BinaryContentStorage(StorageConfig.java:16)
	at com.sprint.mission.discodeit.config.StorageConfig$$SpringCGLIB$$0.CGLIB$s3BinaryContentStorage$0(<generated>)
	at com.sprint.mission.discodeit.config.StorageConfig$$SpringCGLIB$$FastClass$$1.invoke(<generated>)
	at org.springframework.cglib.proxy.MethodProxy.invokeSuper(MethodProxy.java:258)
	at org.springframework.context.annotation.ConfigurationClassEnhancer$BeanMethodInterceptor.intercept(ConfigurationClassEnhancer.java:348)
	at com.sprint.mission.discodeit.config.StorageConfig$$SpringCGLIB$$0.s3BinaryContentStorage(<generated>)
	at java.base/jdk.internal.reflect.NativeMethodAccessorImpl.invoke0(Native Method)
	at java.base/jdk.internal.reflect.NativeMethodAccessorImpl.invoke(NativeMethodAccessorImpl.java:77)
	at java.base/jdk.internal.reflect.DelegatingMethodAccessorImpl.invoke(DelegatingMethodAccessorImpl.java:43)
	at java.base/java.lang.reflect.Method.invoke(Method.java:568)
	at org.springframework.beans.factory.support.SimpleInstantiationStrategy.lambda$instantiate$0(SimpleInstantiationStrategy.java:171)
	... 146 common frames omitted
25-04-09 19:28:25.839 [background-preinit] INFO  o.h.validator.internal.util.Version  [ |  | ] - HV000001: Hibernate Validator 8.0.1.Final
25-04-09 19:28:25.911 [Test worker] INFO  c.s.m.d.s.s.S3BinaryContentStorageTest [ |  | ] - Starting S3BinaryContentStorageTest using Java 17.0.13 with PID 30084 (started by min in C:\Users\min\IdeaProjects\sprint-mission\1-sprint-mission)
25-04-09 19:28:25.912 [Test worker] DEBUG c.s.m.d.s.s.S3BinaryContentStorageTest [ |  | ] - Running with Spring Boot v3.4.0, Spring v6.2.0
25-04-09 19:28:25.913 [Test worker] INFO  c.s.m.d.s.s.S3BinaryContentStorageTest [ |  | ] - The following 1 profile is active: "dev"
25-04-09 19:28:27.902 [Test worker] INFO  o.s.d.r.c.RepositoryConfigurationDelegate [ |  | ] - Bootstrapping Spring Data JPA repositories in DEFAULT mode.
25-04-09 19:28:28.089 [Test worker] INFO  o.s.d.r.c.RepositoryConfigurationDelegate [ |  | ] - Finished Spring Data repository scanning in 171 ms. Found 6 JPA repository interfaces.
25-04-09 19:28:29.106 [Test worker] INFO  com.zaxxer.hikari.HikariDataSource   [ |  | ] - HikariPool-1 - Starting...
25-04-09 19:28:29.455 [Test worker] INFO  com.zaxxer.hikari.pool.HikariPool    [ |  | ] - HikariPool-1 - Added connection org.postgresql.jdbc.PgConnection@3eb60858
25-04-09 19:28:29.461 [Test worker] INFO  com.zaxxer.hikari.HikariDataSource   [ |  | ] - HikariPool-1 - Start completed.
25-04-09 19:28:29.661 [Test worker] INFO  o.h.jpa.internal.util.LogHelper      [ |  | ] - HHH000204: Processing PersistenceUnitInfo [name: default]
25-04-09 19:28:29.816 [Test worker] INFO  org.hibernate.Version                [ |  | ] - HHH000412: Hibernate ORM core version 6.6.2.Final
25-04-09 19:28:29.916 [Test worker] INFO  o.h.c.i.RegionFactoryInitiator       [ |  | ] - HHH000026: Second-level cache disabled
25-04-09 19:28:30.537 [Test worker] INFO  o.s.o.j.p.SpringPersistenceUnitInfo  [ |  | ] - No LoadTimeWeaver setup: ignoring JPA class transformer
25-04-09 19:28:30.715 [Test worker] INFO  o.hibernate.orm.connections.pooling  [ |  | ] - HHH10001005: Database info:
	Database JDBC URL [Connecting through datasource 'HikariDataSource (HikariPool-1)']
	Database driver: undefined/unknown
	Database version: 17.4
	Autocommit mode: undefined/unknown
	Isolation level: undefined/unknown
	Minimum pool size: undefined/unknown
	Maximum pool size: undefined/unknown
25-04-09 19:28:32.702 [Test worker] INFO  o.h.e.t.j.p.i.JtaPlatformInitiator   [ |  | ] - HHH000489: No JTA platform available (set 'hibernate.transaction.jta.platform' to enable JTA platform integration)
25-04-09 19:28:32.744 [Test worker] DEBUG org.hibernate.SQL                    [ |  | ] - 
    set client_min_messages = WARNING
25-04-09 19:28:32.746 [Test worker] DEBUG org.hibernate.SQL                    [ |  | ] - 
    alter table if exists message_attachments 
       drop constraint if exists FKrodngy1gmksoxo65eursdfx4u
25-04-09 19:28:32.746 [Test worker] DEBUG org.hibernate.SQL                    [ |  | ] - 
    alter table if exists message_attachments 
       drop constraint if exists FKj7twd218e2gqw9cmlhwvo1rth
25-04-09 19:28:32.747 [Test worker] DEBUG org.hibernate.SQL                    [ |  | ] - 
    alter table if exists messages 
       drop constraint if exists FKowtlim26svclkatusptbgi7u1
25-04-09 19:28:32.747 [Test worker] DEBUG org.hibernate.SQL                    [ |  | ] - 
    alter table if exists messages 
       drop constraint if exists FK3u3ckbhwq9se1cmopk2pq05b2
25-04-09 19:28:32.747 [Test worker] DEBUG org.hibernate.SQL                    [ |  | ] - 
    alter table if exists read_statuses 
       drop constraint if exists FKa38ri44ml4gfdpklx4ahqr8gd
25-04-09 19:28:32.748 [Test worker] DEBUG org.hibernate.SQL                    [ |  | ] - 
    alter table if exists read_statuses 
       drop constraint if exists FKml3k4wr9sj5yxrmj6d0aoib2e
25-04-09 19:28:32.748 [Test worker] DEBUG org.hibernate.SQL                    [ |  | ] - 
    alter table if exists user_statuses 
       drop constraint if exists FK4lfl3ei2ubchgcxrrpo3pw4mm
25-04-09 19:28:32.749 [Test worker] DEBUG org.hibernate.SQL                    [ |  | ] - 
    alter table if exists users 
       drop constraint if exists FKtbudycgrip49xdptogmhfqnso
25-04-09 19:28:32.749 [Test worker] DEBUG org.hibernate.SQL                    [ |  | ] - 
    drop table if exists binary_contents cascade
25-04-09 19:28:32.750 [Test worker] DEBUG org.hibernate.SQL                    [ |  | ] - 
    drop table if exists channels cascade
25-04-09 19:28:32.750 [Test worker] DEBUG org.hibernate.SQL                    [ |  | ] - 
    drop table if exists message_attachments cascade
25-04-09 19:28:32.751 [Test worker] DEBUG org.hibernate.SQL                    [ |  | ] - 
    drop table if exists messages cascade
25-04-09 19:28:32.751 [Test worker] DEBUG org.hibernate.SQL                    [ |  | ] - 
    drop table if exists read_statuses cascade
25-04-09 19:28:32.752 [Test worker] DEBUG org.hibernate.SQL                    [ |  | ] - 
    drop table if exists user_statuses cascade
25-04-09 19:28:32.752 [Test worker] DEBUG org.hibernate.SQL                    [ |  | ] - 
    drop table if exists users cascade
25-04-09 19:28:32.761 [Test worker] DEBUG org.hibernate.SQL                    [ |  | ] - 
    create table binary_contents (
        created_at timestamp with time zone not null,
        size bigint not null,
        id uuid not null,
        content_type varchar(100) not null,
        file_name varchar(255) not null,
        primary key (id)
    )
25-04-09 19:28:32.769 [Test worker] DEBUG org.hibernate.SQL                    [ |  | ] - 
    create table channels (
        created_at timestamp with time zone not null,
        updated_at timestamp with time zone,
        id uuid not null,
        description varchar(255),
        name varchar(255) not null,
        type varchar(255) not null check (type in ('PUBLIC','PRIVATE')),
        primary key (id)
    )
25-04-09 19:28:32.775 [Test worker] DEBUG org.hibernate.SQL                    [ |  | ] - 
    create table message_attachments (
        attachments_id uuid not null unique,
        message_id uuid not null
    )
25-04-09 19:28:32.779 [Test worker] DEBUG org.hibernate.SQL                    [ |  | ] - 
    create table messages (
        created_at timestamp with time zone not null,
        updated_at timestamp with time zone,
        author_id uuid,
        channel_id uuid not null,
        id uuid not null,
        content text not null,
        primary key (id)
    )
25-04-09 19:28:32.784 [Test worker] DEBUG org.hibernate.SQL                    [ |  | ] - 
    create table read_statuses (
        created_at timestamp with time zone not null,
        last_read_at timestamp with time zone not null,
        updated_at timestamp with time zone,
        channel_id uuid not null,
        id uuid not null,
        user_id uuid not null,
        primary key (id),
        unique (user_id, channel_id)
    )
25-04-09 19:28:32.789 [Test worker] DEBUG org.hibernate.SQL                    [ |  | ] - 
    create table user_statuses (
        created_at timestamp with time zone not null,
        last_active_at timestamp with time zone not null,
        updated_at timestamp with time zone,
        id uuid not null,
        user_id uuid not null unique,
        primary key (id)
    )
25-04-09 19:28:32.794 [Test worker] DEBUG org.hibernate.SQL                    [ |  | ] - 
    create table users (
        created_at timestamp with time zone not null,
        updated_at timestamp with time zone,
        id uuid not null,
        profile_id uuid unique,
        username varchar(50) not null unique,
        password varchar(60) not null,
        email varchar(100) not null unique,
        primary key (id)
    )
25-04-09 19:28:32.801 [Test worker] DEBUG org.hibernate.SQL                    [ |  | ] - 
    alter table if exists message_attachments 
       add constraint FKrodngy1gmksoxo65eursdfx4u 
       foreign key (attachments_id) 
       references binary_contents
25-04-09 19:28:32.803 [Test worker] DEBUG org.hibernate.SQL                    [ |  | ] - 
    alter table if exists message_attachments 
       add constraint FKj7twd218e2gqw9cmlhwvo1rth 
       foreign key (message_id) 
       references messages
25-04-09 19:28:32.805 [Test worker] DEBUG org.hibernate.SQL                    [ |  | ] - 
    alter table if exists messages 
       add constraint FKowtlim26svclkatusptbgi7u1 
       foreign key (author_id) 
       references users
25-04-09 19:28:32.807 [Test worker] DEBUG org.hibernate.SQL                    [ |  | ] - 
    alter table if exists messages 
       add constraint FK3u3ckbhwq9se1cmopk2pq05b2 
       foreign key (channel_id) 
       references channels
25-04-09 19:28:32.809 [Test worker] DEBUG org.hibernate.SQL                    [ |  | ] - 
    alter table if exists read_statuses 
       add constraint FKa38ri44ml4gfdpklx4ahqr8gd 
       foreign key (channel_id) 
       references channels
25-04-09 19:28:32.811 [Test worker] DEBUG org.hibernate.SQL                    [ |  | ] - 
    alter table if exists read_statuses 
       add constraint FKml3k4wr9sj5yxrmj6d0aoib2e 
       foreign key (user_id) 
       references users
25-04-09 19:28:32.812 [Test worker] DEBUG org.hibernate.SQL                    [ |  | ] - 
    alter table if exists user_statuses 
       add constraint FK4lfl3ei2ubchgcxrrpo3pw4mm 
       foreign key (user_id) 
       references users
25-04-09 19:28:32.814 [Test worker] DEBUG org.hibernate.SQL                    [ |  | ] - 
    alter table if exists users 
       add constraint FKtbudycgrip49xdptogmhfqnso 
       foreign key (profile_id) 
       references binary_contents
25-04-09 19:28:32.822 [Test worker] INFO  o.s.o.j.LocalContainerEntityManagerFactoryBean [ |  | ] - Initialized JPA EntityManagerFactory for persistence unit 'default'
25-04-09 19:28:33.382 [Test worker] INFO  o.s.d.j.r.query.QueryEnhancerFactory [ |  | ] - Hibernate is in classpath; If applicable, HQL parser will be used.
25-04-09 19:28:36.329 [Test worker] INFO  o.s.b.a.w.s.WelcomePageHandlerMapping [ |  | ] - Adding welcome page: class path resource [static/index.html]
25-04-09 19:28:37.819 [Test worker] INFO  o.s.b.a.e.web.EndpointLinksResolver  [ |  | ] - Exposing 4 endpoints beneath base path '/actuator'
25-04-09 19:28:37.925 [Test worker] INFO  c.s.m.d.s.s.S3BinaryContentStorageTest [ |  | ] - Started S3BinaryContentStorageTest in 12.793 seconds (process running for 15.114)
25-04-09 19:28:39.105 [SpringApplicationShutdownHook] INFO  o.s.o.j.LocalContainerEntityManagerFactoryBean [ |  | ] - Closing JPA EntityManagerFactory for persistence unit 'default'
25-04-09 19:28:39.657 [SpringApplicationShutdownHook] DEBUG org.hibernate.SQL                    [ |  | ] - 
    set client_min_messages = WARNING
25-04-09 19:28:39.658 [SpringApplicationShutdownHook] DEBUG org.hibernate.SQL                    [ |  | ] - 
    alter table if exists message_attachments 
       drop constraint if exists FKrodngy1gmksoxo65eursdfx4u
25-04-09 19:28:39.659 [SpringApplicationShutdownHook] DEBUG org.hibernate.SQL                    [ |  | ] - 
    alter table if exists message_attachments 
       drop constraint if exists FKj7twd218e2gqw9cmlhwvo1rth
25-04-09 19:28:39.659 [SpringApplicationShutdownHook] DEBUG org.hibernate.SQL                    [ |  | ] - 
    alter table if exists messages 
       drop constraint if exists FKowtlim26svclkatusptbgi7u1
25-04-09 19:28:39.660 [SpringApplicationShutdownHook] DEBUG org.hibernate.SQL                    [ |  | ] - 
    alter table if exists messages 
       drop constraint if exists FK3u3ckbhwq9se1cmopk2pq05b2
25-04-09 19:28:39.660 [SpringApplicationShutdownHook] DEBUG org.hibernate.SQL                    [ |  | ] - 
    alter table if exists read_statuses 
       drop constraint if exists FKa38ri44ml4gfdpklx4ahqr8gd
25-04-09 19:28:39.662 [SpringApplicationShutdownHook] DEBUG org.hibernate.SQL                    [ |  | ] - 
    alter table if exists read_statuses 
       drop constraint if exists FKml3k4wr9sj5yxrmj6d0aoib2e
25-04-09 19:28:39.662 [SpringApplicationShutdownHook] DEBUG org.hibernate.SQL                    [ |  | ] - 
    alter table if exists user_statuses 
       drop constraint if exists FK4lfl3ei2ubchgcxrrpo3pw4mm
25-04-09 19:28:39.663 [SpringApplicationShutdownHook] DEBUG org.hibernate.SQL                    [ |  | ] - 
    alter table if exists users 
       drop constraint if exists FKtbudycgrip49xdptogmhfqnso
25-04-09 19:28:39.664 [SpringApplicationShutdownHook] DEBUG org.hibernate.SQL                    [ |  | ] - 
    drop table if exists binary_contents cascade
25-04-09 19:28:39.668 [SpringApplicationShutdownHook] DEBUG org.hibernate.SQL                    [ |  | ] - 
    drop table if exists channels cascade
25-04-09 19:28:39.672 [SpringApplicationShutdownHook] DEBUG org.hibernate.SQL                    [ |  | ] - 
    drop table if exists message_attachments cascade
25-04-09 19:28:39.675 [SpringApplicationShutdownHook] DEBUG org.hibernate.SQL                    [ |  | ] - 
    drop table if exists messages cascade
25-04-09 19:28:39.680 [SpringApplicationShutdownHook] DEBUG org.hibernate.SQL                    [ |  | ] - 
    drop table if exists read_statuses cascade
25-04-09 19:28:39.684 [SpringApplicationShutdownHook] DEBUG org.hibernate.SQL                    [ |  | ] - 
    drop table if exists user_statuses cascade
25-04-09 19:28:39.689 [SpringApplicationShutdownHook] DEBUG org.hibernate.SQL                    [ |  | ] - 
    drop table if exists users cascade
25-04-09 19:28:39.697 [SpringApplicationShutdownHook] INFO  com.zaxxer.hikari.HikariDataSource   [ |  | ] - HikariPool-1 - Shutdown initiated...
25-04-09 19:28:39.702 [SpringApplicationShutdownHook] INFO  com.zaxxer.hikari.HikariDataSource   [ |  | ] - HikariPool-1 - Shutdown completed.
25-04-09 19:30:34.302 [background-preinit] INFO  o.h.validator.internal.util.Version  [ |  | ] - HV000001: Hibernate Validator 8.0.1.Final
25-04-09 19:30:34.363 [main] INFO  c.s.m.discodeit.DiscodeitApplication [ |  | ] - Starting DiscodeitApplication using Java 17.0.13 with PID 32892 (C:\Users\min\IdeaProjects\sprint-mission\1-sprint-mission\build\classes\java\main started by min in C:\Users\min\IdeaProjects\sprint-mission\1-sprint-mission)
25-04-09 19:30:34.363 [main] DEBUG c.s.m.discodeit.DiscodeitApplication [ |  | ] - Running with Spring Boot v3.4.0, Spring v6.2.0
25-04-09 19:30:34.364 [main] INFO  c.s.m.discodeit.DiscodeitApplication [ |  | ] - The following 1 profile is active: "dev"
25-04-09 19:30:35.845 [main] INFO  o.s.d.r.c.RepositoryConfigurationDelegate [ |  | ] - Bootstrapping Spring Data JPA repositories in DEFAULT mode.
25-04-09 19:30:35.971 [main] INFO  o.s.d.r.c.RepositoryConfigurationDelegate [ |  | ] - Finished Spring Data repository scanning in 116 ms. Found 6 JPA repository interfaces.
25-04-09 19:30:37.235 [main] INFO  o.s.b.w.e.tomcat.TomcatWebServer     [ |  | ] - Tomcat initialized with port 8080 (http)
25-04-09 19:30:37.256 [main] INFO  o.a.coyote.http11.Http11NioProtocol  [ |  | ] - Initializing ProtocolHandler ["http-nio-8080"]
25-04-09 19:30:37.259 [main] INFO  o.a.catalina.core.StandardService    [ |  | ] - Starting service [Tomcat]
25-04-09 19:30:37.259 [main] INFO  o.a.catalina.core.StandardEngine     [ |  | ] - Starting Servlet engine: [Apache Tomcat/10.1.33]
25-04-09 19:30:37.425 [main] INFO  o.a.c.c.C.[Tomcat].[localhost].[/]   [ |  | ] - Initializing Spring embedded WebApplicationContext
25-04-09 19:30:37.426 [main] INFO  o.s.b.w.s.c.ServletWebServerApplicationContext [ |  | ] - Root WebApplicationContext: initialization completed in 3003 ms
25-04-09 19:30:37.846 [main] INFO  com.zaxxer.hikari.HikariDataSource   [ |  | ] - HikariPool-1 - Starting...
25-04-09 19:30:38.148 [main] INFO  com.zaxxer.hikari.pool.HikariPool    [ |  | ] - HikariPool-1 - Added connection org.postgresql.jdbc.PgConnection@1fbd5e0
25-04-09 19:30:38.150 [main] INFO  com.zaxxer.hikari.HikariDataSource   [ |  | ] - HikariPool-1 - Start completed.
25-04-09 19:30:38.312 [main] INFO  o.h.jpa.internal.util.LogHelper      [ |  | ] - HHH000204: Processing PersistenceUnitInfo [name: default]
25-04-09 19:30:38.455 [main] INFO  org.hibernate.Version                [ |  | ] - HHH000412: Hibernate ORM core version 6.6.2.Final
25-04-09 19:30:38.523 [main] INFO  o.h.c.i.RegionFactoryInitiator       [ |  | ] - HHH000026: Second-level cache disabled
25-04-09 19:30:38.941 [main] INFO  o.s.o.j.p.SpringPersistenceUnitInfo  [ |  | ] - No LoadTimeWeaver setup: ignoring JPA class transformer
25-04-09 19:30:39.063 [main] INFO  o.hibernate.orm.connections.pooling  [ |  | ] - HHH10001005: Database info:
	Database JDBC URL [Connecting through datasource 'HikariDataSource (HikariPool-1)']
	Database driver: undefined/unknown
	Database version: 17.4
	Autocommit mode: undefined/unknown
	Isolation level: undefined/unknown
	Minimum pool size: undefined/unknown
	Maximum pool size: undefined/unknown
25-04-09 19:30:40.479 [main] INFO  o.h.e.t.j.p.i.JtaPlatformInitiator   [ |  | ] - HHH000489: No JTA platform available (set 'hibernate.transaction.jta.platform' to enable JTA platform integration)
25-04-09 19:30:40.531 [main] ERROR o.s.o.j.LocalContainerEntityManagerFactoryBean [ |  | ] - Failed to initialize JPA EntityManagerFactory: [PersistenceUnit: default] Unable to build Hibernate SessionFactory; nested exception is org.hibernate.tool.schema.spi.SchemaManagementException: Schema-validation: missing table [binary_contents]
25-04-09 19:30:40.532 [main] WARN  o.s.b.w.s.c.AnnotationConfigServletWebServerApplicationContext [ |  | ] - Exception encountered during context initialization - cancelling refresh attempt: org.springframework.beans.factory.BeanCreationException: Error creating bean with name 'entityManagerFactory' defined in class path resource [org/springframework/boot/autoconfigure/orm/jpa/HibernateJpaConfiguration.class]: [PersistenceUnit: default] Unable to build Hibernate SessionFactory; nested exception is org.hibernate.tool.schema.spi.SchemaManagementException: Schema-validation: missing table [binary_contents]
25-04-09 19:30:40.532 [main] INFO  com.zaxxer.hikari.HikariDataSource   [ |  | ] - HikariPool-1 - Shutdown initiated...
25-04-09 19:30:40.535 [main] INFO  com.zaxxer.hikari.HikariDataSource   [ |  | ] - HikariPool-1 - Shutdown completed.
25-04-09 19:30:40.537 [main] INFO  o.a.catalina.core.StandardService    [ |  | ] - Stopping service [Tomcat]
25-04-09 19:30:40.555 [main] INFO  o.s.b.a.l.ConditionEvaluationReportLogger [ |  | ] - 

Error starting ApplicationContext. To display the condition evaluation report re-run your application with 'debug' enabled.
25-04-09 19:30:40.579 [main] ERROR o.s.boot.SpringApplication           [ |  | ] - Application run failed
org.springframework.beans.factory.BeanCreationException: Error creating bean with name 'entityManagerFactory' defined in class path resource [org/springframework/boot/autoconfigure/orm/jpa/HibernateJpaConfiguration.class]: [PersistenceUnit: default] Unable to build Hibernate SessionFactory; nested exception is org.hibernate.tool.schema.spi.SchemaManagementException: Schema-validation: missing table [binary_contents]
	at org.springframework.beans.factory.support.AbstractAutowireCapableBeanFactory.initializeBean(AbstractAutowireCapableBeanFactory.java:1802)
	at org.springframework.beans.factory.support.AbstractAutowireCapableBeanFactory.doCreateBean(AbstractAutowireCapableBeanFactory.java:601)
	at org.springframework.beans.factory.support.AbstractAutowireCapableBeanFactory.createBean(AbstractAutowireCapableBeanFactory.java:523)
	at org.springframework.beans.factory.support.AbstractBeanFactory.lambda$doGetBean$0(AbstractBeanFactory.java:336)
	at org.springframework.beans.factory.support.DefaultSingletonBeanRegistry.getSingleton(DefaultSingletonBeanRegistry.java:288)
	at org.springframework.beans.factory.support.AbstractBeanFactory.doGetBean(AbstractBeanFactory.java:334)
	at org.springframework.beans.factory.support.AbstractBeanFactory.getBean(AbstractBeanFactory.java:204)
	at org.springframework.context.support.AbstractApplicationContext.finishBeanFactoryInitialization(AbstractApplicationContext.java:970)
	at org.springframework.context.support.AbstractApplicationContext.refresh(AbstractApplicationContext.java:627)
	at org.springframework.boot.web.servlet.context.ServletWebServerApplicationContext.refresh(ServletWebServerApplicationContext.java:146)
	at org.springframework.boot.SpringApplication.refresh(SpringApplication.java:752)
	at org.springframework.boot.SpringApplication.refreshContext(SpringApplication.java:439)
	at org.springframework.boot.SpringApplication.run(SpringApplication.java:318)
	at org.springframework.boot.SpringApplication.run(SpringApplication.java:1361)
	at org.springframework.boot.SpringApplication.run(SpringApplication.java:1350)
	at com.sprint.mission.discodeit.DiscodeitApplication.main(DiscodeitApplication.java:13)
Caused by: jakarta.persistence.PersistenceException: [PersistenceUnit: default] Unable to build Hibernate SessionFactory; nested exception is org.hibernate.tool.schema.spi.SchemaManagementException: Schema-validation: missing table [binary_contents]
	at org.springframework.orm.jpa.AbstractEntityManagerFactoryBean.buildNativeEntityManagerFactory(AbstractEntityManagerFactoryBean.java:431)
	at org.springframework.orm.jpa.AbstractEntityManagerFactoryBean.afterPropertiesSet(AbstractEntityManagerFactoryBean.java:400)
	at org.springframework.orm.jpa.LocalContainerEntityManagerFactoryBean.afterPropertiesSet(LocalContainerEntityManagerFactoryBean.java:366)
	at org.springframework.beans.factory.support.AbstractAutowireCapableBeanFactory.invokeInitMethods(AbstractAutowireCapableBeanFactory.java:1849)
	at org.springframework.beans.factory.support.AbstractAutowireCapableBeanFactory.initializeBean(AbstractAutowireCapableBeanFactory.java:1798)
	... 15 common frames omitted
Caused by: org.hibernate.tool.schema.spi.SchemaManagementException: Schema-validation: missing table [binary_contents]
	at org.hibernate.tool.schema.internal.AbstractSchemaValidator.validateTable(AbstractSchemaValidator.java:136)
	at org.hibernate.tool.schema.internal.GroupedSchemaValidatorImpl.validateTables(GroupedSchemaValidatorImpl.java:46)
	at org.hibernate.tool.schema.internal.AbstractSchemaValidator.performValidation(AbstractSchemaValidator.java:99)
	at org.hibernate.tool.schema.internal.AbstractSchemaValidator.doValidation(AbstractSchemaValidator.java:77)
	at org.hibernate.tool.schema.spi.SchemaManagementToolCoordinator.performDatabaseAction(SchemaManagementToolCoordinator.java:289)
	at org.hibernate.tool.schema.spi.SchemaManagementToolCoordinator.lambda$process$5(SchemaManagementToolCoordinator.java:144)
	at java.base/java.util.HashMap.forEach(HashMap.java:1421)
	at org.hibernate.tool.schema.spi.SchemaManagementToolCoordinator.process(SchemaManagementToolCoordinator.java:141)
	at org.hibernate.boot.internal.SessionFactoryObserverForSchemaExport.sessionFactoryCreated(SessionFactoryObserverForSchemaExport.java:37)
	at org.hibernate.internal.SessionFactoryObserverChain.sessionFactoryCreated(SessionFactoryObserverChain.java:35)
	at org.hibernate.internal.SessionFactoryImpl.<init>(SessionFactoryImpl.java:324)
	at org.hibernate.boot.internal.SessionFactoryBuilderImpl.build(SessionFactoryBuilderImpl.java:463)
	at org.hibernate.jpa.boot.internal.EntityManagerFactoryBuilderImpl.build(EntityManagerFactoryBuilderImpl.java:1506)
	at org.springframework.orm.jpa.vendor.SpringHibernateJpaPersistenceProvider.createContainerEntityManagerFactory(SpringHibernateJpaPersistenceProvider.java:66)
	at org.springframework.orm.jpa.LocalContainerEntityManagerFactoryBean.createNativeEntityManagerFactory(LocalContainerEntityManagerFactoryBean.java:390)
	at org.springframework.orm.jpa.AbstractEntityManagerFactoryBean.buildNativeEntityManagerFactory(AbstractEntityManagerFactoryBean.java:419)
	... 19 common frames omitted
25-04-09 19:55:15.595 [background-preinit] INFO  o.h.validator.internal.util.Version  [ |  | ] - HV000001: Hibernate Validator 8.0.1.Final
25-04-09 19:55:15.659 [main] INFO  c.s.m.discodeit.DiscodeitApplication [ |  | ] - Starting DiscodeitApplication using Java 17.0.13 with PID 32388 (C:\Users\min\IdeaProjects\sprint-mission\1-sprint-mission\build\classes\java\main started by min in C:\Users\min\IdeaProjects\sprint-mission\1-sprint-mission)
25-04-09 19:55:15.660 [main] DEBUG c.s.m.discodeit.DiscodeitApplication [ |  | ] - Running with Spring Boot v3.4.0, Spring v6.2.0
25-04-09 19:55:15.661 [main] INFO  c.s.m.discodeit.DiscodeitApplication [ |  | ] - The following 1 profile is active: "dev"
25-04-09 19:55:17.147 [main] INFO  o.s.d.r.c.RepositoryConfigurationDelegate [ |  | ] - Bootstrapping Spring Data JPA repositories in DEFAULT mode.
25-04-09 19:55:17.277 [main] INFO  o.s.d.r.c.RepositoryConfigurationDelegate [ |  | ] - Finished Spring Data repository scanning in 119 ms. Found 6 JPA repository interfaces.
25-04-09 19:55:18.378 [main] INFO  o.s.b.w.e.tomcat.TomcatWebServer     [ |  | ] - Tomcat initialized with port 8080 (http)
25-04-09 19:55:18.396 [main] INFO  o.a.coyote.http11.Http11NioProtocol  [ |  | ] - Initializing ProtocolHandler ["http-nio-8080"]
25-04-09 19:55:18.399 [main] INFO  o.a.catalina.core.StandardService    [ |  | ] - Starting service [Tomcat]
25-04-09 19:55:18.399 [main] INFO  o.a.catalina.core.StandardEngine     [ |  | ] - Starting Servlet engine: [Apache Tomcat/10.1.33]
25-04-09 19:55:18.545 [main] INFO  o.a.c.c.C.[Tomcat].[localhost].[/]   [ |  | ] - Initializing Spring embedded WebApplicationContext
25-04-09 19:55:18.546 [main] INFO  o.s.b.w.s.c.ServletWebServerApplicationContext [ |  | ] - Root WebApplicationContext: initialization completed in 2827 ms
25-04-09 19:55:18.882 [main] INFO  com.zaxxer.hikari.HikariDataSource   [ |  | ] - HikariPool-1 - Starting...
25-04-09 19:55:19.191 [main] INFO  com.zaxxer.hikari.pool.HikariPool    [ |  | ] - HikariPool-1 - Added connection org.postgresql.jdbc.PgConnection@1c8f71a7
25-04-09 19:55:19.193 [main] INFO  com.zaxxer.hikari.HikariDataSource   [ |  | ] - HikariPool-1 - Start completed.
25-04-09 19:55:19.347 [main] INFO  o.h.jpa.internal.util.LogHelper      [ |  | ] - HHH000204: Processing PersistenceUnitInfo [name: default]
25-04-09 19:55:19.443 [main] INFO  org.hibernate.Version                [ |  | ] - HHH000412: Hibernate ORM core version 6.6.2.Final
25-04-09 19:55:19.501 [main] INFO  o.h.c.i.RegionFactoryInitiator       [ |  | ] - HHH000026: Second-level cache disabled
25-04-09 19:55:19.978 [main] INFO  o.s.o.j.p.SpringPersistenceUnitInfo  [ |  | ] - No LoadTimeWeaver setup: ignoring JPA class transformer
25-04-09 19:55:20.099 [main] INFO  o.hibernate.orm.connections.pooling  [ |  | ] - HHH10001005: Database info:
	Database JDBC URL [Connecting through datasource 'HikariDataSource (HikariPool-1)']
	Database driver: undefined/unknown
	Database version: 17.4
	Autocommit mode: undefined/unknown
	Isolation level: undefined/unknown
	Minimum pool size: undefined/unknown
	Maximum pool size: undefined/unknown
25-04-09 19:55:21.418 [main] INFO  o.h.e.t.j.p.i.JtaPlatformInitiator   [ |  | ] - HHH000489: No JTA platform available (set 'hibernate.transaction.jta.platform' to enable JTA platform integration)
25-04-09 19:55:21.464 [main] ERROR o.s.o.j.LocalContainerEntityManagerFactoryBean [ |  | ] - Failed to initialize JPA EntityManagerFactory: [PersistenceUnit: default] Unable to build Hibernate SessionFactory; nested exception is org.hibernate.tool.schema.spi.SchemaManagementException: Schema-validation: missing table [binary_contents]
25-04-09 19:55:21.464 [main] WARN  o.s.b.w.s.c.AnnotationConfigServletWebServerApplicationContext [ |  | ] - Exception encountered during context initialization - cancelling refresh attempt: org.springframework.beans.factory.BeanCreationException: Error creating bean with name 'entityManagerFactory' defined in class path resource [org/springframework/boot/autoconfigure/orm/jpa/HibernateJpaConfiguration.class]: [PersistenceUnit: default] Unable to build Hibernate SessionFactory; nested exception is org.hibernate.tool.schema.spi.SchemaManagementException: Schema-validation: missing table [binary_contents]
25-04-09 19:55:21.464 [main] INFO  com.zaxxer.hikari.HikariDataSource   [ |  | ] - HikariPool-1 - Shutdown initiated...
25-04-09 19:55:21.466 [main] INFO  com.zaxxer.hikari.HikariDataSource   [ |  | ] - HikariPool-1 - Shutdown completed.
25-04-09 19:55:21.468 [main] INFO  o.a.catalina.core.StandardService    [ |  | ] - Stopping service [Tomcat]
25-04-09 19:55:21.486 [main] INFO  o.s.b.a.l.ConditionEvaluationReportLogger [ |  | ] - 

Error starting ApplicationContext. To display the condition evaluation report re-run your application with 'debug' enabled.
25-04-09 19:55:21.508 [main] ERROR o.s.boot.SpringApplication           [ |  | ] - Application run failed
org.springframework.beans.factory.BeanCreationException: Error creating bean with name 'entityManagerFactory' defined in class path resource [org/springframework/boot/autoconfigure/orm/jpa/HibernateJpaConfiguration.class]: [PersistenceUnit: default] Unable to build Hibernate SessionFactory; nested exception is org.hibernate.tool.schema.spi.SchemaManagementException: Schema-validation: missing table [binary_contents]
	at org.springframework.beans.factory.support.AbstractAutowireCapableBeanFactory.initializeBean(AbstractAutowireCapableBeanFactory.java:1802)
	at org.springframework.beans.factory.support.AbstractAutowireCapableBeanFactory.doCreateBean(AbstractAutowireCapableBeanFactory.java:601)
	at org.springframework.beans.factory.support.AbstractAutowireCapableBeanFactory.createBean(AbstractAutowireCapableBeanFactory.java:523)
	at org.springframework.beans.factory.support.AbstractBeanFactory.lambda$doGetBean$0(AbstractBeanFactory.java:336)
	at org.springframework.beans.factory.support.DefaultSingletonBeanRegistry.getSingleton(DefaultSingletonBeanRegistry.java:288)
	at org.springframework.beans.factory.support.AbstractBeanFactory.doGetBean(AbstractBeanFactory.java:334)
	at org.springframework.beans.factory.support.AbstractBeanFactory.getBean(AbstractBeanFactory.java:204)
	at org.springframework.context.support.AbstractApplicationContext.finishBeanFactoryInitialization(AbstractApplicationContext.java:970)
	at org.springframework.context.support.AbstractApplicationContext.refresh(AbstractApplicationContext.java:627)
	at org.springframework.boot.web.servlet.context.ServletWebServerApplicationContext.refresh(ServletWebServerApplicationContext.java:146)
	at org.springframework.boot.SpringApplication.refresh(SpringApplication.java:752)
	at org.springframework.boot.SpringApplication.refreshContext(SpringApplication.java:439)
	at org.springframework.boot.SpringApplication.run(SpringApplication.java:318)
	at org.springframework.boot.SpringApplication.run(SpringApplication.java:1361)
	at org.springframework.boot.SpringApplication.run(SpringApplication.java:1350)
	at com.sprint.mission.discodeit.DiscodeitApplication.main(DiscodeitApplication.java:13)
Caused by: jakarta.persistence.PersistenceException: [PersistenceUnit: default] Unable to build Hibernate SessionFactory; nested exception is org.hibernate.tool.schema.spi.SchemaManagementException: Schema-validation: missing table [binary_contents]
	at org.springframework.orm.jpa.AbstractEntityManagerFactoryBean.buildNativeEntityManagerFactory(AbstractEntityManagerFactoryBean.java:431)
	at org.springframework.orm.jpa.AbstractEntityManagerFactoryBean.afterPropertiesSet(AbstractEntityManagerFactoryBean.java:400)
	at org.springframework.orm.jpa.LocalContainerEntityManagerFactoryBean.afterPropertiesSet(LocalContainerEntityManagerFactoryBean.java:366)
	at org.springframework.beans.factory.support.AbstractAutowireCapableBeanFactory.invokeInitMethods(AbstractAutowireCapableBeanFactory.java:1849)
	at org.springframework.beans.factory.support.AbstractAutowireCapableBeanFactory.initializeBean(AbstractAutowireCapableBeanFactory.java:1798)
	... 15 common frames omitted
Caused by: org.hibernate.tool.schema.spi.SchemaManagementException: Schema-validation: missing table [binary_contents]
	at org.hibernate.tool.schema.internal.AbstractSchemaValidator.validateTable(AbstractSchemaValidator.java:136)
	at org.hibernate.tool.schema.internal.GroupedSchemaValidatorImpl.validateTables(GroupedSchemaValidatorImpl.java:46)
	at org.hibernate.tool.schema.internal.AbstractSchemaValidator.performValidation(AbstractSchemaValidator.java:99)
	at org.hibernate.tool.schema.internal.AbstractSchemaValidator.doValidation(AbstractSchemaValidator.java:77)
	at org.hibernate.tool.schema.spi.SchemaManagementToolCoordinator.performDatabaseAction(SchemaManagementToolCoordinator.java:289)
	at org.hibernate.tool.schema.spi.SchemaManagementToolCoordinator.lambda$process$5(SchemaManagementToolCoordinator.java:144)
	at java.base/java.util.HashMap.forEach(HashMap.java:1421)
	at org.hibernate.tool.schema.spi.SchemaManagementToolCoordinator.process(SchemaManagementToolCoordinator.java:141)
	at org.hibernate.boot.internal.SessionFactoryObserverForSchemaExport.sessionFactoryCreated(SessionFactoryObserverForSchemaExport.java:37)
	at org.hibernate.internal.SessionFactoryObserverChain.sessionFactoryCreated(SessionFactoryObserverChain.java:35)
	at org.hibernate.internal.SessionFactoryImpl.<init>(SessionFactoryImpl.java:324)
	at org.hibernate.boot.internal.SessionFactoryBuilderImpl.build(SessionFactoryBuilderImpl.java:463)
	at org.hibernate.jpa.boot.internal.EntityManagerFactoryBuilderImpl.build(EntityManagerFactoryBuilderImpl.java:1506)
	at org.springframework.orm.jpa.vendor.SpringHibernateJpaPersistenceProvider.createContainerEntityManagerFactory(SpringHibernateJpaPersistenceProvider.java:66)
	at org.springframework.orm.jpa.LocalContainerEntityManagerFactoryBean.createNativeEntityManagerFactory(LocalContainerEntityManagerFactoryBean.java:390)
	at org.springframework.orm.jpa.AbstractEntityManagerFactoryBean.buildNativeEntityManagerFactory(AbstractEntityManagerFactoryBean.java:419)
	... 19 common frames omitted
25-04-09 19:57:37.505 [background-preinit] INFO  o.h.validator.internal.util.Version  [ |  | ] - HV000001: Hibernate Validator 8.0.1.Final
25-04-09 19:57:37.567 [main] INFO  c.s.m.discodeit.DiscodeitApplication [ |  | ] - Starting DiscodeitApplication using Java 17.0.13 with PID 34048 (C:\Users\min\IdeaProjects\sprint-mission\1-sprint-mission\build\classes\java\main started by min in C:\Users\min\IdeaProjects\sprint-mission\1-sprint-mission)
25-04-09 19:57:37.568 [main] DEBUG c.s.m.discodeit.DiscodeitApplication [ |  | ] - Running with Spring Boot v3.4.0, Spring v6.2.0
25-04-09 19:57:37.569 [main] INFO  c.s.m.discodeit.DiscodeitApplication [ |  | ] - The following 1 profile is active: "dev"
25-04-09 19:57:39.055 [main] INFO  o.s.d.r.c.RepositoryConfigurationDelegate [ |  | ] - Bootstrapping Spring Data JPA repositories in DEFAULT mode.
25-04-09 19:57:39.190 [main] INFO  o.s.d.r.c.RepositoryConfigurationDelegate [ |  | ] - Finished Spring Data repository scanning in 122 ms. Found 6 JPA repository interfaces.
25-04-09 19:57:40.383 [main] INFO  o.s.b.w.e.tomcat.TomcatWebServer     [ |  | ] - Tomcat initialized with port 8080 (http)
25-04-09 19:57:40.401 [main] INFO  o.a.coyote.http11.Http11NioProtocol  [ |  | ] - Initializing ProtocolHandler ["http-nio-8080"]
25-04-09 19:57:40.404 [main] INFO  o.a.catalina.core.StandardService    [ |  | ] - Starting service [Tomcat]
25-04-09 19:57:40.404 [main] INFO  o.a.catalina.core.StandardEngine     [ |  | ] - Starting Servlet engine: [Apache Tomcat/10.1.33]
25-04-09 19:57:40.560 [main] INFO  o.a.c.c.C.[Tomcat].[localhost].[/]   [ |  | ] - Initializing Spring embedded WebApplicationContext
25-04-09 19:57:40.562 [main] INFO  o.s.b.w.s.c.ServletWebServerApplicationContext [ |  | ] - Root WebApplicationContext: initialization completed in 2936 ms
25-04-09 19:57:40.922 [main] INFO  com.zaxxer.hikari.HikariDataSource   [ |  | ] - HikariPool-1 - Starting...
25-04-09 19:57:41.244 [main] INFO  com.zaxxer.hikari.pool.HikariPool    [ |  | ] - HikariPool-1 - Added connection org.postgresql.jdbc.PgConnection@1c8f71a7
25-04-09 19:57:41.246 [main] INFO  com.zaxxer.hikari.HikariDataSource   [ |  | ] - HikariPool-1 - Start completed.
25-04-09 19:57:41.396 [main] INFO  o.h.jpa.internal.util.LogHelper      [ |  | ] - HHH000204: Processing PersistenceUnitInfo [name: default]
25-04-09 19:57:41.494 [main] INFO  org.hibernate.Version                [ |  | ] - HHH000412: Hibernate ORM core version 6.6.2.Final
25-04-09 19:57:41.571 [main] INFO  o.h.c.i.RegionFactoryInitiator       [ |  | ] - HHH000026: Second-level cache disabled
25-04-09 19:57:42.014 [main] INFO  o.s.o.j.p.SpringPersistenceUnitInfo  [ |  | ] - No LoadTimeWeaver setup: ignoring JPA class transformer
25-04-09 19:57:42.154 [main] INFO  o.hibernate.orm.connections.pooling  [ |  | ] - HHH10001005: Database info:
	Database JDBC URL [Connecting through datasource 'HikariDataSource (HikariPool-1)']
	Database driver: undefined/unknown
	Database version: 17.4
	Autocommit mode: undefined/unknown
	Isolation level: undefined/unknown
	Minimum pool size: undefined/unknown
	Maximum pool size: undefined/unknown
25-04-09 19:57:43.489 [main] INFO  o.h.e.t.j.p.i.JtaPlatformInitiator   [ |  | ] - HHH000489: No JTA platform available (set 'hibernate.transaction.jta.platform' to enable JTA platform integration)
25-04-09 19:57:43.537 [main] ERROR o.s.o.j.LocalContainerEntityManagerFactoryBean [ |  | ] - Failed to initialize JPA EntityManagerFactory: [PersistenceUnit: default] Unable to build Hibernate SessionFactory; nested exception is org.hibernate.tool.schema.spi.SchemaManagementException: Schema-validation: missing table [binary_contents]
25-04-09 19:57:43.538 [main] WARN  o.s.b.w.s.c.AnnotationConfigServletWebServerApplicationContext [ |  | ] - Exception encountered during context initialization - cancelling refresh attempt: org.springframework.beans.factory.BeanCreationException: Error creating bean with name 'entityManagerFactory' defined in class path resource [org/springframework/boot/autoconfigure/orm/jpa/HibernateJpaConfiguration.class]: [PersistenceUnit: default] Unable to build Hibernate SessionFactory; nested exception is org.hibernate.tool.schema.spi.SchemaManagementException: Schema-validation: missing table [binary_contents]
25-04-09 19:57:43.538 [main] INFO  com.zaxxer.hikari.HikariDataSource   [ |  | ] - HikariPool-1 - Shutdown initiated...
25-04-09 19:57:43.540 [main] INFO  com.zaxxer.hikari.HikariDataSource   [ |  | ] - HikariPool-1 - Shutdown completed.
25-04-09 19:57:43.542 [main] INFO  o.a.catalina.core.StandardService    [ |  | ] - Stopping service [Tomcat]
25-04-09 19:57:43.558 [main] INFO  o.s.b.a.l.ConditionEvaluationReportLogger [ |  | ] - 

Error starting ApplicationContext. To display the condition evaluation report re-run your application with 'debug' enabled.
25-04-09 19:57:43.581 [main] ERROR o.s.boot.SpringApplication           [ |  | ] - Application run failed
org.springframework.beans.factory.BeanCreationException: Error creating bean with name 'entityManagerFactory' defined in class path resource [org/springframework/boot/autoconfigure/orm/jpa/HibernateJpaConfiguration.class]: [PersistenceUnit: default] Unable to build Hibernate SessionFactory; nested exception is org.hibernate.tool.schema.spi.SchemaManagementException: Schema-validation: missing table [binary_contents]
	at org.springframework.beans.factory.support.AbstractAutowireCapableBeanFactory.initializeBean(AbstractAutowireCapableBeanFactory.java:1802)
	at org.springframework.beans.factory.support.AbstractAutowireCapableBeanFactory.doCreateBean(AbstractAutowireCapableBeanFactory.java:601)
	at org.springframework.beans.factory.support.AbstractAutowireCapableBeanFactory.createBean(AbstractAutowireCapableBeanFactory.java:523)
	at org.springframework.beans.factory.support.AbstractBeanFactory.lambda$doGetBean$0(AbstractBeanFactory.java:336)
	at org.springframework.beans.factory.support.DefaultSingletonBeanRegistry.getSingleton(DefaultSingletonBeanRegistry.java:288)
	at org.springframework.beans.factory.support.AbstractBeanFactory.doGetBean(AbstractBeanFactory.java:334)
	at org.springframework.beans.factory.support.AbstractBeanFactory.getBean(AbstractBeanFactory.java:204)
	at org.springframework.context.support.AbstractApplicationContext.finishBeanFactoryInitialization(AbstractApplicationContext.java:970)
	at org.springframework.context.support.AbstractApplicationContext.refresh(AbstractApplicationContext.java:627)
	at org.springframework.boot.web.servlet.context.ServletWebServerApplicationContext.refresh(ServletWebServerApplicationContext.java:146)
	at org.springframework.boot.SpringApplication.refresh(SpringApplication.java:752)
	at org.springframework.boot.SpringApplication.refreshContext(SpringApplication.java:439)
	at org.springframework.boot.SpringApplication.run(SpringApplication.java:318)
	at org.springframework.boot.SpringApplication.run(SpringApplication.java:1361)
	at org.springframework.boot.SpringApplication.run(SpringApplication.java:1350)
	at com.sprint.mission.discodeit.DiscodeitApplication.main(DiscodeitApplication.java:13)
Caused by: jakarta.persistence.PersistenceException: [PersistenceUnit: default] Unable to build Hibernate SessionFactory; nested exception is org.hibernate.tool.schema.spi.SchemaManagementException: Schema-validation: missing table [binary_contents]
	at org.springframework.orm.jpa.AbstractEntityManagerFactoryBean.buildNativeEntityManagerFactory(AbstractEntityManagerFactoryBean.java:431)
	at org.springframework.orm.jpa.AbstractEntityManagerFactoryBean.afterPropertiesSet(AbstractEntityManagerFactoryBean.java:400)
	at org.springframework.orm.jpa.LocalContainerEntityManagerFactoryBean.afterPropertiesSet(LocalContainerEntityManagerFactoryBean.java:366)
	at org.springframework.beans.factory.support.AbstractAutowireCapableBeanFactory.invokeInitMethods(AbstractAutowireCapableBeanFactory.java:1849)
	at org.springframework.beans.factory.support.AbstractAutowireCapableBeanFactory.initializeBean(AbstractAutowireCapableBeanFactory.java:1798)
	... 15 common frames omitted
Caused by: org.hibernate.tool.schema.spi.SchemaManagementException: Schema-validation: missing table [binary_contents]
	at org.hibernate.tool.schema.internal.AbstractSchemaValidator.validateTable(AbstractSchemaValidator.java:136)
	at org.hibernate.tool.schema.internal.GroupedSchemaValidatorImpl.validateTables(GroupedSchemaValidatorImpl.java:46)
	at org.hibernate.tool.schema.internal.AbstractSchemaValidator.performValidation(AbstractSchemaValidator.java:99)
	at org.hibernate.tool.schema.internal.AbstractSchemaValidator.doValidation(AbstractSchemaValidator.java:77)
	at org.hibernate.tool.schema.spi.SchemaManagementToolCoordinator.performDatabaseAction(SchemaManagementToolCoordinator.java:289)
	at org.hibernate.tool.schema.spi.SchemaManagementToolCoordinator.lambda$process$5(SchemaManagementToolCoordinator.java:144)
	at java.base/java.util.HashMap.forEach(HashMap.java:1421)
	at org.hibernate.tool.schema.spi.SchemaManagementToolCoordinator.process(SchemaManagementToolCoordinator.java:141)
	at org.hibernate.boot.internal.SessionFactoryObserverForSchemaExport.sessionFactoryCreated(SessionFactoryObserverForSchemaExport.java:37)
	at org.hibernate.internal.SessionFactoryObserverChain.sessionFactoryCreated(SessionFactoryObserverChain.java:35)
	at org.hibernate.internal.SessionFactoryImpl.<init>(SessionFactoryImpl.java:324)
	at org.hibernate.boot.internal.SessionFactoryBuilderImpl.build(SessionFactoryBuilderImpl.java:463)
	at org.hibernate.jpa.boot.internal.EntityManagerFactoryBuilderImpl.build(EntityManagerFactoryBuilderImpl.java:1506)
	at org.springframework.orm.jpa.vendor.SpringHibernateJpaPersistenceProvider.createContainerEntityManagerFactory(SpringHibernateJpaPersistenceProvider.java:66)
	at org.springframework.orm.jpa.LocalContainerEntityManagerFactoryBean.createNativeEntityManagerFactory(LocalContainerEntityManagerFactoryBean.java:390)
	at org.springframework.orm.jpa.AbstractEntityManagerFactoryBean.buildNativeEntityManagerFactory(AbstractEntityManagerFactoryBean.java:419)
	... 19 common frames omitted
